DayOfWeek,Origin_Airport,Scheduled_Departure,Departure_Time,Dep_Delay,Scheduled_Arrival,Arrival_Time,Arrival_Delay,Arr_Del_morethan15,Cancelled,Diverted,Distance,Carrier_Delay,WeatherDelay,NAS_Delay,Security_Delay,Late_Aircraft_Delay,Top_Carriers
5,BOS,600,554,-6,711,707,-4,0,0,0,187,0,0,0,0,0,1
6,BOS,600,554,-6,711,703,-8,0,0,0,187,0,0,0,0,0,1
1,BOS,600,601,1,711,706,-5,0,0,0,187,0,0,0,0,0,1
2,BOS,600,556,-4,711,709,-2,0,0,0,187,0,0,0,0,0,1
3,BOS,600,552,-8,711,659,-12,0,0,0,187,0,0,0,0,0,1
4,BOS,600,555,-5,711,716,5,0,0,0,187,0,0,0,0,0,1
5,BOS,600,556,-4,711,705,-6,0,0,0,187,0,0,0,0,0,1
6,BOS,600,556,-4,711,710,-1,0,0,0,187,0,0,0,0,0,1
1,BOS,600,555,-5,711,701,-10,0,0,0,187,0,0,0,0,0,1
2,BOS,600,549,-11,711,722,11,0,0,0,187,0,0,0,0,0,1
3,BOS,600,553,-7,711,703,-8,0,0,0,187,0,0,0,0,0,1
4,BOS,600,640,40,711,752,41,1,0,0,187,40,0,1,0,0,1
5,BOS,600,600,0,711,719,8,0,0,0,187,0,0,0,0,0,1
6,BOS,600,555,-5,711,653,-18,0,0,0,187,0,0,0,0,0,1
1,BOS,600,555,-5,711,710,-1,0,0,0,187,0,0,0,0,0,1
2,BOS,600,556,-4,711,701,-10,0,0,0,187,0,0,0,0,0,1
3,BOS,600,551,-9,711,659,-12,0,0,0,187,0,0,0,0,0,1
4,BOS,600,745,105,711,858,107,1,0,0,187,105,0,2,0,0,1
5,BOS,600,553,-7,711,706,-5,0,0,0,187,0,0,0,0,0,1
6,BOS,600,621,21,711,740,29,1,0,0,187,21,0,8,0,0,1
3,BOS,600,553,-7,711,709,-2,0,0,0,187,0,0,0,0,0,1
4,BOS,600,549,-11,711,709,-2,0,0,0,187,0,0,0,0,0,1
5,BOS,600,557,-3,711,707,-4,0,0,0,187,0,0,0,0,0,1
6,BOS,600,648,48,711,821,70,1,0,0,187,48,0,22,0,0,1
5,JFK,830,846,16,1138,1200,22,1,0,0,2475,0,0,6,0,16,1
6,JFK,830,831,1,1138,1138,0,0,0,0,2475,0,0,0,0,0,1
7,JFK,830,830,0,1138,1135,-3,0,0,0,2475,0,0,0,0,0,1
1,JFK,830,827,-3,1138,1122,-16,0,0,0,2475,0,0,0,0,0,1
2,JFK,830,914,44,1138,1159,21,1,0,0,2475,21,0,0,0,0,1
3,JFK,830,824,-6,1138,1145,7,0,0,0,2475,0,0,0,0,0,1
4,JFK,830,828,-2,1138,1130,-8,0,0,0,2475,0,0,0,0,0,1
5,JFK,830,823,-7,1138,1138,0,0,0,0,2475,0,0,0,0,0,1
6,JFK,830,827,-3,1138,1138,0,0,0,0,2475,0,0,0,0,0,1
7,JFK,830,831,1,1138,1148,10,0,0,0,2475,0,0,0,0,0,1
1,JFK,830,825,-5,1138,1152,14,0,0,0,2475,0,0,0,0,0,1
2,JFK,830,823,-7,1138,1110,-28,0,0,0,2475,0,0,0,0,0,1
3,JFK,830,831,1,1138,1132,-6,0,0,0,2475,0,0,0,0,0,1
4,JFK,830,836,6,1138,1150,12,0,0,0,2475,0,0,0,0,0,1
5,JFK,830,829,-1,1138,1133,-5,0,0,0,2475,0,0,0,0,0,1
6,JFK,830,830,0,1138,1147,9,0,0,0,2475,0,0,0,0,0,1
7,JFK,830,831,1,1138,1137,-1,0,0,0,2475,0,0,0,0,0,1
1,JFK,830,827,-3,1138,1144,6,0,0,0,2475,0,0,0,0,0,1
3,JFK,830,824,-6,1138,1136,-2,0,0,0,2475,0,0,0,0,0,1
4,JFK,830,1036,126,1138,1317,99,1,0,0,2475,42,0,0,0,57,1
5,JFK,830,828,-2,1138,1113,-25,0,0,0,2475,0,0,0,0,0,1
6,JFK,830,832,2,1138,1107,-31,0,0,0,2475,0,0,0,0,0,1
7,JFK,830,859,29,1138,1132,-6,0,0,0,2475,0,0,0,0,0,1
1,JFK,830,822,-8,1138,1144,6,0,0,0,2475,0,0,0,0,0,1
2,JFK,830,822,-8,1138,1121,-17,0,0,0,2475,0,0,0,0,0,1
3,JFK,830,834,4,1138,1134,-4,0,0,0,2475,0,0,0,0,0,1
4,JFK,830,826,-4,1138,1122,-16,0,0,0,2475,0,0,0,0,0,1
5,JFK,830,824,-6,1138,1130,-8,0,0,0,2475,0,0,0,0,0,1
6,JFK,830,913,43,1138,1213,35,1,0,0,2475,35,0,0,0,0,1
7,JFK,830,959,89,1138,1303,85,1,0,0,2475,0,0,0,0,85,1
5,LAX,900,1242,222,1729,2314,345,1,0,0,2475,0,0,345,0,0,1
6,LAX,900,857,-3,1729,1714,-15,0,0,0,2475,0,0,0,0,0,1
7,LAX,900,857,-3,1729,1708,-21,0,0,0,2475,0,0,0,0,0,1
1,LAX,900,859,-1,1729,1731,2,0,0,0,2475,0,0,0,0,0,1
2,LAX,900,940,40,1729,1808,39,1,0,0,2475,39,0,0,0,0,1
3,LAX,900,857,-3,1729,1728,-1,0,0,0,2475,0,0,0,0,0,1
4,LAX,900,1054,114,1729,1910,101,1,0,0,2475,0,0,101,0,0,1
5,LAX,900,906,6,1729,1745,16,1,0,0,2475,0,0,16,0,0,1
6,LAX,900,857,-3,1729,1732,3,0,0,0,2475,0,0,0,0,0,1
7,LAX,900,852,-8,1729,1727,-2,0,0,0,2475,0,0,0,0,0,1
1,LAX,900,857,-3,1729,1737,8,0,0,0,2475,0,0,0,0,0,1
2,LAX,900,854,-6,1729,1748,19,1,0,0,2475,0,0,19,0,0,1
3,LAX,900,854,-6,1729,1725,-4,0,0,0,2475,0,0,0,0,0,1
4,LAX,900,910,10,1729,1808,39,1,0,0,2475,0,0,39,0,0,1
5,LAX,900,858,-2,1729,1750,21,1,0,0,2475,0,0,21,0,0,1
6,LAX,900,855,-5,1729,1747,18,1,0,0,2475,0,0,18,0,0,1
7,LAX,900,853,-7,1729,1725,-4,0,0,0,2475,0,0,0,0,0,1
1,LAX,900,913,13,1729,1717,-12,0,0,0,2475,0,0,0,0,0,1
2,LAX,900,857,-3,1729,1745,16,1,0,0,2475,0,0,16,0,0,1
3,LAX,900,856,-4,1729,1741,12,0,0,0,2475,0,0,0,0,0,1
4,LAX,900,903,3,1729,1815,46,1,0,0,2475,0,0,46,0,0,1
5,LAX,900,900,0,1729,1751,22,1,0,0,2475,0,0,22,0,0,1
6,LAX,900,851,-9,1729,1718,-11,0,0,0,2475,0,0,0,0,0,1
7,LAX,900,853,-7,1729,1733,4,0,0,0,2475,0,0,0,0,0,1
2,LAX,900,856,-4,1729,1748,19,1,0,0,2475,0,0,19,0,0,1
3,LAX,900,901,1,1729,1752,23,1,0,0,2475,1,0,22,0,0,1
4,LAX,900,1119,139,1729,1950,141,1,0,0,2475,139,0,2,0,0,1
5,LAX,900,907,7,1729,1803,34,1,0,0,2475,0,0,34,0,0,1
6,LAX,900,916,16,1729,1757,28,1,0,0,2475,0,0,28,0,0,1
7,LAX,900,856,-4,1729,1756,27,1,0,0,2475,0,0,27,0,0,1
5,JFK,1245,1241,-4,1545,1631,46,1,0,0,2475,0,0,46,0,0,1
6,JFK,1245,1242,-3,1545,1528,-17,0,0,0,2475,0,0,0,0,0,1
7,JFK,1245,1245,0,1545,1538,-7,0,0,0,2475,0,0,0,0,0,1
1,JFK,1245,1243,-2,1545,1538,-7,0,0,0,2475,0,0,0,0,0,1
2,JFK,1245,1242,-3,1545,1516,-29,0,0,0,2475,0,0,0,0,0,1
3,JFK,1245,1249,4,1545,1542,-3,0,0,0,2475,0,0,0,0,0,1
4,JFK,1245,1243,-2,1545,1529,-16,0,0,0,2475,0,0,0,0,0,1
5,JFK,1245,1254,9,1545,1559,14,0,0,0,2475,0,0,0,0,0,1
6,JFK,1245,1242,-3,1545,1537,-8,0,0,0,2475,0,0,0,0,0,1
7,JFK,1245,1240,-5,1545,1524,-21,0,0,0,2475,0,0,0,0,0,1
1,JFK,1245,1241,-4,1545,1528,-17,0,0,0,2475,0,0,0,0,0,1
2,JFK,1245,1237,-8,1545,1508,-37,0,0,0,2475,0,0,0,0,0,1
3,JFK,1245,1329,44,1545,1615,30,1,0,0,2475,30,0,0,0,0,1
4,JFK,1245,1243,-2,1545,1533,-12,0,0,0,2475,0,0,0,0,0,1
5,JFK,1245,1529,164,1545,1833,168,1,0,0,2475,18,0,4,0,146,1
6,JFK,1245,1242,-3,1545,1545,0,0,0,0,2475,0,0,0,0,0,1
7,JFK,1245,1421,96,1545,1702,77,1,0,0,2475,6,0,0,0,71,1
1,JFK,1245,1900,375,1545,2153,368,1,0,0,2475,0,0,87,0,281,1
2,JFK,1245,1242,-3,1545,1516,-29,0,0,0,2475,0,0,0,0,0,1
3,JFK,1245,1514,149,1545,1800,135,1,0,0,2475,0,0,0,0,135,1
4,JFK,1245,1241,-4,1545,1514,-31,0,0,0,2475,0,0,0,0,0,1
5,JFK,1245,1242,-3,1545,1515,-30,0,0,0,2475,0,0,0,0,0,1
6,JFK,1245,1241,-4,1545,1518,-27,0,0,0,2475,0,0,0,0,0,1
1,JFK,1245,1239,-6,1545,1523,-22,0,0,0,2475,0,0,0,0,0,1
2,JFK,1245,1241,-4,1545,1522,-23,0,0,0,2475,0,0,0,0,0,1
3,JFK,1245,1247,2,1545,1536,-9,0,0,0,2475,0,0,0,0,0,1
4,JFK,1245,1301,16,1545,1558,13,0,0,0,2475,0,0,0,0,0,1
5,JFK,1245,1354,69,1545,1651,66,1,0,0,2475,66,0,0,0,0,1
6,JFK,1245,1240,-5,1545,1546,1,0,0,0,2475,0,0,0,0,0,1
7,JFK,1245,1559,194,1545,1900,195,1,0,0,2475,9,0,1,0,185,1
5,LAX,1130,1410,160,2004,20,256,1,0,0,2475,0,0,256,0,0,1
7,LAX,1130,1153,23,2004,2005,1,0,0,0,2475,0,0,0,0,0,1
1,LAX,1130,1139,9,2004,1958,-6,0,0,0,2475,0,0,0,0,0,1
2,LAX,1130,1151,21,2004,2013,9,0,0,0,2475,0,0,0,0,0,1
3,LAX,1130,1134,4,2004,1958,-6,0,0,0,2475,0,0,0,0,0,1
4,LAX,1130,1128,-2,2004,2008,4,0,0,0,2475,0,0,0,0,0,1
5,LAX,1130,1231,61,2004,2200,116,1,0,0,2475,0,0,116,0,0,1
7,LAX,1130,1207,37,2004,2028,24,1,0,0,2475,24,0,0,0,0,1
1,LAX,1130,1123,-7,2004,1935,-29,0,0,0,2475,0,0,0,0,0,1
2,LAX,1130,1147,17,2004,1959,-5,0,0,0,2475,0,0,0,0,0,1
3,LAX,1130,1339,129,2004,2204,120,1,0,0,2475,0,0,120,0,0,1
4,LAX,1130,1632,302,2004,48,284,1,0,0,2475,0,0,8,0,276,1
5,LAX,1130,1129,-1,2004,2015,11,0,0,0,2475,0,0,0,0,0,1
7,LAX,1130,1141,11,2004,2016,12,0,0,0,2475,0,0,0,0,0,1
1,LAX,1130,1212,42,2004,2136,92,1,0,0,2475,0,0,92,0,0,1
2,LAX,1130,1127,-3,2004,2036,32,1,0,0,2475,0,0,32,0,0,1
3,LAX,1130,1126,-4,2004,2008,4,0,0,0,2475,0,0,0,0,0,1
4,LAX,1130,1156,26,2004,2049,45,1,0,0,2475,0,0,45,0,0,1
5,LAX,1130,1246,76,2004,2156,112,1,0,0,2475,76,0,36,0,0,1
7,LAX,1130,1130,0,2004,2008,4,0,0,0,2475,0,0,0,0,0,1
1,LAX,1130,1235,65,2004,2119,75,1,0,0,2475,0,0,75,0,0,1
2,LAX,1130,1137,7,2004,2008,4,0,0,0,2475,0,0,0,0,0,1
3,LAX,1130,1127,-3,2004,2023,19,1,0,0,2475,0,0,19,0,0,1
4,LAX,1130,1132,2,2004,2055,51,1,0,0,2475,0,0,51,0,0,1
5,LAX,1130,1252,82,2004,2133,89,1,0,0,2475,82,0,7,0,0,1
7,LAX,1130,1437,187,2004,2322,198,1,0,0,2475,0,0,188,0,10,1
5,DFW,1110,1108,-2,1429,1427,-2,0,0,0,3784,0,0,0,0,0,1
6,DFW,1110,1109,-1,1429,1453,24,1,0,0,3784,0,0,24,0,0,1
7,DFW,1110,1325,135,1429,1642,133,1,0,0,3784,91,0,0,0,42,1
1,DFW,1110,1255,105,1429,1615,106,1,0,0,3784,105,0,1,0,0,1
2,DFW,1110,1156,46,1429,1550,81,1,0,0,3784,46,0,35,0,0,1
3,DFW,1110,1105,-5,1429,1432,3,0,0,0,3784,0,0,0,0,0,1
4,DFW,1110,1130,20,1429,1457,28,1,0,0,3784,20,0,8,0,0,1
5,DFW,1110,1108,-2,1429,1418,-11,0,0,0,3784,0,0,0,0,0,1
6,DFW,1110,1354,164,1429,1659,150,1,0,0,3784,150,0,0,0,0,1
7,DFW,1110,1116,6,1429,1440,11,0,0,0,3784,0,0,0,0,0,1
1,DFW,1110,1109,-1,1429,1438,9,0,0,0,3784,0,0,0,0,0,1
2,DFW,1110,1111,1,1429,1442,13,0,0,0,3784,0,0,0,0,0,1
3,DFW,1110,1103,-7,1429,1417,-12,0,0,0,3784,0,0,0,0,0,1
4,DFW,1110,1110,0,1429,1429,0,0,0,0,3784,0,0,0,0,0,1
5,DFW,1110,1715,365,1429,2014,345,1,0,0,3784,345,0,0,0,0,1
6,DFW,1110,1141,31,1429,1442,13,0,0,0,3784,0,0,0,0,0,1
7,DFW,1110,1133,23,1429,1431,2,0,0,0,3784,0,0,0,0,0,1
1,DFW,1110,1114,4,1429,1428,-1,0,0,0,3784,0,0,0,0,0,1
2,DFW,1110,1304,114,1429,1602,93,1,0,0,3784,93,0,0,0,0,1
3,DFW,1110,1239,89,1429,1535,66,1,0,0,3784,66,0,0,0,0,1
4,DFW,1110,1108,-2,1429,1425,-4,0,0,0,3784,0,0,0,0,0,1
5,DFW,1110,1253,103,1429,1554,85,1,0,0,3784,85,0,0,0,0,1
6,DFW,1110,1405,175,1429,1727,178,1,0,0,3784,175,0,3,0,0,1
7,DFW,1110,1107,-3,1429,1412,-17,0,0,0,3784,0,0,0,0,0,1
1,DFW,1110,1336,146,1429,1622,113,1,0,0,3784,113,0,0,0,0,1
2,DFW,1110,1104,-6,1429,1406,-23,0,0,0,3784,0,0,0,0,0,1
3,DFW,1110,1103,-7,1429,1348,-41,0,0,0,3784,0,0,0,0,0,1
4,DFW,1110,1112,2,1429,1425,-4,0,0,0,3784,0,0,0,0,0,1
5,DFW,1110,1108,-2,1429,1408,-21,0,0,0,3784,0,0,0,0,0,1
6,DFW,1110,1555,285,1429,1903,274,1,0,0,3784,274,0,0,0,0,1
7,DFW,1110,1154,44,1429,1505,36,1,0,0,3784,11,0,0,0,25,1
5,DFW,905,905,0,1213,1208,-5,0,0,0,3711,0,0,0,0,0,1
6,DFW,905,903,-2,1213,1223,10,0,0,0,3711,0,0,0,0,0,1
7,DFW,905,903,-2,1213,1210,-3,0,0,0,3711,0,0,0,0,0,1
1,DFW,905,948,43,1213,1325,72,1,0,0,3711,0,0,29,0,43,1
2,DFW,905,1146,161,1213,1520,187,1,0,0,3711,112,0,26,0,49,1
3,DFW,905,908,3,1213,1250,37,1,0,0,3711,3,0,34,0,0,1
4,DFW,905,904,-1,1213,1227,14,0,0,0,3711,0,0,0,0,0,1
5,DFW,905,1023,78,1213,1316,63,1,0,0,3711,63,0,0,0,0,1
6,DFW,905,859,-6,1213,1215,2,0,0,0,3711,0,0,0,0,0,1
7,DFW,905,859,-6,1213,1215,2,0,0,0,3711,0,0,0,0,0,1
1,DFW,905,921,16,1213,1231,18,1,0,0,3711,16,0,2,0,0,1
2,DFW,905,906,1,1213,1235,22,1,0,0,3711,1,0,21,0,0,1
3,DFW,905,857,-8,1213,1224,11,0,0,0,3711,0,0,0,0,0,1
4,DFW,905,902,-3,1213,1227,14,0,0,0,3711,0,0,0,0,0,1
5,DFW,905,1043,98,1213,1425,132,1,0,0,3711,0,98,34,0,0,1
6,DFW,905,858,-7,1213,1210,-3,0,0,0,3711,0,0,0,0,0,1
7,DFW,905,912,7,1213,1204,-9,0,0,0,3711,0,0,0,0,0,1
1,DFW,905,937,32,1213,1239,26,1,0,0,3711,26,0,0,0,0,1
2,DFW,905,1033,88,1213,1332,79,1,0,0,3711,79,0,0,0,0,1
3,DFW,905,858,-7,1213,1156,-17,0,0,0,3711,0,0,0,0,0,1
4,DFW,905,909,4,1213,1219,6,0,0,0,3711,0,0,0,0,0,1
5,DFW,905,901,-4,1213,1220,7,0,0,0,3711,0,0,0,0,0,1
6,DFW,905,858,-7,1213,1229,16,1,0,0,3711,0,0,16,0,0,1
7,DFW,905,1022,77,1213,1304,51,1,0,0,3711,16,0,0,0,35,1
1,DFW,905,957,52,1213,1235,22,1,0,0,3711,2,0,0,0,20,1
2,DFW,905,954,49,1213,1227,14,0,0,0,3711,0,0,0,0,0,1
3,DFW,905,911,6,1213,1221,8,0,0,0,3711,0,0,0,0,0,1
4,DFW,905,858,-7,1213,1143,-30,0,0,0,3711,0,0,0,0,0,1
5,DFW,905,905,0,1213,1155,-18,0,0,0,3711,0,0,0,0,0,1
6,DFW,905,905,0,1213,1239,26,1,0,0,3711,0,0,26,0,0,1
7,DFW,905,1037,92,1213,1327,74,1,0,0,3711,17,0,0,0,57,1
5,JFK,700,658,-2,1017,1010,-7,0,0,0,2586,0,0,0,0,0,1
6,JFK,700,818,78,1017,1127,70,1,0,0,2586,70,0,0,0,0,1
1,JFK,700,655,-5,1017,1001,-16,0,0,0,2586,0,0,0,0,0,1
2,JFK,700,654,-6,1017,1002,-15,0,0,0,2586,0,0,0,0,0,1
3,JFK,700,654,-6,1017,1028,11,0,0,0,2586,0,0,0,0,0,1
4,JFK,700,653,-7,1017,1022,5,0,0,0,2586,0,0,0,0,0,1
5,JFK,700,701,1,1017,1016,-1,0,0,0,2586,0,0,0,0,0,1
6,JFK,700,700,0,1017,1039,22,1,0,0,2586,0,0,22,0,0,1
7,JFK,700,659,-1,1017,1057,40,1,0,0,2586,0,0,40,0,0,1
1,JFK,700,655,-5,1017,1033,16,1,0,0,2586,0,0,16,0,0,1
2,JFK,700,657,-3,1017,1047,30,1,0,0,2586,0,0,30,0,0,1
3,JFK,700,657,-3,1017,1022,5,0,0,0,2586,0,0,0,0,0,1
4,JFK,700,659,-1,1017,1023,6,0,0,0,2586,0,0,0,0,0,1
5,JFK,700,704,4,1017,1023,6,0,0,0,2586,0,0,0,0,0,1
6,JFK,700,656,-4,1017,1016,-1,0,0,0,2586,0,0,0,0,0,1
7,JFK,700,655,-5,1017,1001,-16,0,0,0,2586,0,0,0,0,0,1
1,JFK,700,655,-5,1017,1032,15,1,0,0,2586,0,0,15,0,0,1
2,JFK,700,656,-4,1017,1009,-8,0,0,0,2586,0,0,0,0,0,1
3,JFK,700,656,-4,1017,1000,-17,0,0,0,2586,0,0,0,0,0,1
4,JFK,700,649,-11,1017,935,-42,0,0,0,2586,0,0,0,0,0,1
5,JFK,700,655,-5,1017,1026,9,0,0,0,2586,0,0,0,0,0,1
6,JFK,700,707,7,1017,1001,-16,0,0,0,2586,0,0,0,0,0,1
7,JFK,700,655,-5,1017,955,-22,0,0,0,2586,0,0,0,0,0,1
1,JFK,700,654,-6,1017,1012,-5,0,0,0,2586,0,0,0,0,0,1
2,JFK,700,655,-5,1017,1007,-10,0,0,0,2586,0,0,0,0,0,1
3,JFK,700,659,-1,1017,1003,-14,0,0,0,2586,0,0,0,0,0,1
4,JFK,700,652,-8,1017,957,-20,0,0,0,2586,0,0,0,0,0,1
5,JFK,700,652,-8,1017,1004,-13,0,0,0,2586,0,0,0,0,0,1
6,JFK,700,653,-7,1017,1017,0,0,0,0,2586,0,0,0,0,0,1
7,JFK,700,716,16,1017,1032,15,1,0,0,2586,15,0,0,0,0,1
6,LAX,2115,2111,-4,553,533,-20,0,0,0,2475,0,0,0,0,0,1
7,LAX,2115,2118,3,553,534,-19,0,0,0,2475,0,0,0,0,0,1
1,LAX,2115,2112,-3,553,545,-8,0,0,0,2475,0,0,0,0,0,1
2,LAX,2115,2111,-4,553,517,-36,0,0,0,2475,0,0,0,0,0,1
3,LAX,2115,2118,3,553,551,-2,0,0,0,2475,0,0,0,0,0,1
4,LAX,2115,2119,4,553,534,-19,0,0,0,2475,0,0,0,0,0,1
5,LAX,2115,2114,-1,553,529,-24,0,0,0,2475,0,0,0,0,0,1
6,LAX,2115,2115,0,553,541,-12,0,0,0,2475,0,0,0,0,0,1
7,LAX,2115,2115,0,553,527,-26,0,0,0,2475,0,0,0,0,0,1
1,LAX,2115,2136,21,553,602,9,0,0,0,2475,0,0,0,0,0,1
2,LAX,2115,2130,15,553,547,-6,0,0,0,2475,0,0,0,0,0,1
3,LAX,2115,2253,98,553,740,107,1,0,0,2475,5,0,9,0,93,1
4,LAX,2115,2133,18,553,534,-19,0,0,0,2475,0,0,0,0,0,1
5,LAX,2115,2119,4,553,518,-35,0,0,0,2475,0,0,0,0,0,1
6,LAX,2115,2229,74,553,632,39,1,0,0,2475,1,0,0,0,38,1
7,LAX,2115,2119,4,553,536,-17,0,0,0,2475,0,0,0,0,0,1
1,LAX,2115,2205,50,553,639,46,1,0,0,2475,7,0,0,0,39,1
2,LAX,2115,2141,26,553,621,28,1,0,0,2475,26,0,2,0,0,1
3,LAX,2115,2111,-4,553,546,-7,0,0,0,2475,0,0,0,0,0,1
4,LAX,2115,2108,-7,553,532,-21,0,0,0,2475,0,0,0,0,0,1
5,LAX,2115,2126,11,553,603,10,0,0,0,2475,0,0,0,0,0,1
6,LAX,2115,2112,-3,553,548,-5,0,0,0,2475,0,0,0,0,0,1
7,LAX,2115,2108,-7,553,522,-31,0,0,0,2475,0,0,0,0,0,1
2,LAX,2115,2107,-8,553,513,-40,0,0,0,2475,0,0,0,0,0,1
3,LAX,2115,2115,0,553,541,-12,0,0,0,2475,0,0,0,0,0,1
4,LAX,2115,2300,105,553,748,115,1,0,0,2475,5,0,10,0,100,1
5,LAX,2115,2122,7,553,533,-20,0,0,0,2475,0,0,0,0,0,1
6,LAX,2115,2357,162,553,845,172,1,0,0,2475,41,0,10,0,121,1
7,LAX,2115,2220,65,553,652,59,1,0,0,2475,18,0,0,0,41,1
6,SFO,1115,1214,59,2002,2037,35,1,0,0,2586,0,0,0,0,35,1
3,SFO,1110,1122,12,1957,1937,-20,0,0,0,2586,0,0,0,0,0,1
4,SFO,1110,1110,0,1957,2038,41,1,0,0,2586,0,0,41,0,0,1
6,SFO,1115,1136,21,2002,1956,-6,0,0,0,2586,0,0,0,0,0,1
7,SFO,1110,1141,31,1957,2006,9,0,0,0,2586,0,0,0,0,0,1
3,SFO,1110,1127,17,1957,2049,52,1,0,0,2586,15,0,35,0,2,1
4,SFO,1110,1230,80,1957,2109,72,1,0,0,2586,0,0,69,0,3,1
6,SFO,1115,1116,1,2002,2009,7,0,0,0,2586,0,0,0,0,0,1
7,SFO,1110,1106,-4,1957,2006,9,0,0,0,2586,0,0,0,0,0,1
3,SFO,1110,1107,-3,1957,1944,-13,0,0,0,2586,0,0,0,0,0,1
4,SFO,1110,1112,2,1957,2009,12,0,0,0,2586,0,0,0,0,0,1
6,SFO,1115,1109,-6,2002,2022,20,1,0,0,2586,0,0,20,0,0,1
7,SFO,1110,1306,116,1957,2150,113,1,0,0,2586,113,0,0,0,0,1
3,SFO,1110,1107,-3,1957,1951,-6,0,0,0,2586,0,0,0,0,0,1
4,SFO,1110,2025,555,1957,503,546,1,0,0,2586,546,0,0,0,0,1
6,SFO,1115,1112,-3,2002,2154,112,1,0,0,2586,0,0,112,0,0,1
7,SFO,1110,1323,133,1957,2319,202,1,0,0,2586,0,0,190,0,12,1
7,BOS,600,552,-8,711,655,-16,0,0,0,187,0,0,0,0,0,1
7,BOS,600,1200,360,711,1324,373,1,0,0,187,360,0,13,0,0,1
7,BOS,600,907,187,711,1016,185,1,0,0,187,185,0,0,0,0,1
7,BOS,600,602,2,711,719,8,0,0,0,187,0,0,0,0,0,1
5,JFK,815,809,-6,1131,1140,9,0,0,0,2586,0,0,0,0,0,1
7,JFK,815,813,-2,1131,1116,-15,0,0,0,2586,0,0,0,0,0,1
1,JFK,815,920,65,1131,1233,62,1,0,0,2586,0,0,0,62,0,1
2,JFK,815,811,-4,1131,1126,-5,0,0,0,2586,0,0,0,0,0,1
3,JFK,815,811,-4,1131,1129,-2,0,0,0,2586,0,0,0,0,0,1
4,JFK,815,810,-5,1131,1143,12,0,0,0,2586,0,0,0,0,0,1
5,JFK,815,851,36,1131,1217,46,1,0,0,2586,36,0,10,0,0,1
7,JFK,815,822,7,1131,1153,22,1,0,0,2586,7,0,15,0,0,1
1,JFK,815,810,-5,1131,1123,-8,0,0,0,2586,0,0,0,0,0,1
2,JFK,815,843,28,1131,1151,20,1,0,0,2586,20,0,0,0,0,1
3,JFK,815,808,-7,1131,1138,7,0,0,0,2586,0,0,0,0,0,1
4,JFK,815,834,19,1131,1140,9,0,0,0,2586,0,0,0,0,0,1
5,JFK,815,822,7,1131,1145,14,0,0,0,2586,0,0,0,0,0,1
7,JFK,815,812,-3,1131,1124,-7,0,0,0,2586,0,0,0,0,0,1
1,JFK,815,809,-6,1131,1118,-13,0,0,0,2586,0,0,0,0,0,1
2,JFK,815,814,-1,1131,1117,-14,0,0,0,2586,0,0,0,0,0,1
3,JFK,815,814,-1,1131,1113,-18,0,0,0,2586,0,0,0,0,0,1
4,JFK,815,811,-4,1131,1102,-29,0,0,0,2586,0,0,0,0,0,1
5,JFK,815,814,-1,1131,1142,11,0,0,0,2586,0,0,0,0,0,1
7,JFK,815,839,24,1131,1150,19,1,0,0,2586,19,0,0,0,0,1
1,JFK,815,808,-7,1131,1126,-5,0,0,0,2586,0,0,0,0,0,1
2,JFK,815,816,1,1131,1125,-6,0,0,0,2586,0,0,0,0,0,1
3,JFK,815,809,-6,1131,1120,-11,0,0,0,2586,0,0,0,0,0,1
4,JFK,815,821,6,1131,1129,-2,0,0,0,2586,0,0,0,0,0,1
5,JFK,815,851,36,1131,1157,26,1,0,0,2586,0,0,0,0,26,1
7,JFK,815,815,0,1131,1136,5,0,0,0,2586,0,0,0,0,0,1
5,SFO,1230,1440,130,2122,117,235,1,0,0,2586,0,0,235,0,0,1
7,SFO,1230,1227,-3,2122,2047,-35,0,0,0,2586,0,0,0,0,0,1
1,SFO,1230,1322,52,2122,2135,13,0,0,0,2586,0,0,0,0,0,1
2,SFO,1230,1225,-5,2122,2103,-19,0,0,0,2586,0,0,0,0,0,1
5,SFO,1230,1400,90,2122,2342,140,1,0,0,2586,0,0,140,0,0,1
7,SFO,1230,1242,12,2122,2101,-21,0,0,0,2586,0,0,0,0,0,1
1,SFO,1230,1222,-8,2122,2049,-33,0,0,0,2586,0,0,0,0,0,1
2,SFO,1230,1437,127,2122,2244,82,1,0,0,2586,75,0,0,0,7,1
5,SFO,1230,1225,-5,2122,2124,2,0,0,0,2586,0,0,0,0,0,1
7,SFO,1230,1222,-8,2122,2121,-1,0,0,0,2586,0,0,0,0,0,1
1,SFO,1230,1359,89,2122,2241,79,1,0,0,2586,0,0,79,0,0,1
2,SFO,1230,1244,14,2122,2117,-5,0,0,0,2586,0,0,0,0,0,1
5,SFO,1230,1224,-6,2122,2104,-18,0,0,0,2586,0,0,0,0,0,1
7,SFO,1230,1238,8,2122,2112,-10,0,0,0,2586,0,0,0,0,0,1
1,SFO,1230,1329,59,2122,2215,53,1,0,0,2586,0,0,53,0,0,1
2,SFO,1230,1227,-3,2122,2103,-19,0,0,0,2586,0,0,0,0,0,1
5,SFO,1230,1229,-1,2122,2134,12,0,0,0,2586,0,0,0,0,0,1
7,SFO,1230,1544,194,2122,4,162,1,0,0,2586,0,0,162,0,0,1
6,SFO,2300,2300,0,739,716,-23,0,0,0,2586,0,0,0,0,0,1
3,SFO,2300,2253,-7,739,734,-5,0,0,0,2586,0,0,0,0,0,1
4,SFO,2300,2253,-7,739,722,-17,0,0,0,2586,0,0,0,0,0,1
6,SFO,2300,2300,0,739,726,-13,0,0,0,2586,0,0,0,0,0,1
3,SFO,2300,13,73,739,902,83,1,0,0,2586,2,0,10,0,71,1
4,SFO,2300,834,574,739,1720,581,1,0,0,2586,39,0,7,0,535,1
6,SFO,2300,2338,38,739,809,30,1,0,0,2586,3,0,0,0,27,1
3,SFO,2300,2254,-6,739,729,-10,0,0,0,2586,0,0,0,0,0,1
4,SFO,2300,2254,-6,739,738,-1,0,0,0,2586,0,0,0,0,0,1
6,SFO,2300,2254,-6,739,738,-1,0,0,0,2586,0,0,0,0,0,1
3,SFO,2300,2311,11,739,728,-11,0,0,0,2586,0,0,0,0,0,1
4,SFO,2300,4,64,739,831,52,1,0,0,2586,0,0,0,0,52,1
6,SFO,2300,2254,-6,739,720,-19,0,0,0,2586,0,0,0,0,0,1
5,JFK,1130,1127,-3,1430,1410,-20,0,0,0,2475,0,0,0,0,0,1
6,JFK,1130,1128,-2,1430,1438,8,0,0,0,2475,0,0,0,0,0,1
7,JFK,1130,1128,-2,1430,1453,23,1,0,0,2475,0,0,23,0,0,1
1,JFK,1130,1125,-5,1430,1359,-31,0,0,0,2475,0,0,0,0,0,1
2,JFK,1130,1122,-8,1430,1424,-6,0,0,0,2475,0,0,0,0,0,1
3,JFK,1130,1126,-4,1430,1421,-9,0,0,0,2475,0,0,0,0,0,1
4,JFK,1130,1128,-2,1430,1422,-8,0,0,0,2475,0,0,0,0,0,1
5,JFK,1130,1119,-11,1430,1412,-18,0,0,0,2475,0,0,0,0,0,1
6,JFK,1130,1125,-5,1430,1421,-9,0,0,0,2475,0,0,0,0,0,1
7,JFK,1130,1126,-4,1430,1421,-9,0,0,0,2475,0,0,0,0,0,1
1,JFK,1130,1126,-4,1430,1416,-14,0,0,0,2475,0,0,0,0,0,1
2,JFK,1130,1124,-6,1430,1421,-9,0,0,0,2475,0,0,0,0,0,1
3,JFK,1130,1124,-6,1430,1417,-13,0,0,0,2475,0,0,0,0,0,1
4,JFK,1130,1123,-7,1430,1435,5,0,0,0,2475,0,0,0,0,0,1
5,JFK,1130,1124,-6,1430,1411,-19,0,0,0,2475,0,0,0,0,0,1
6,JFK,1130,1127,-3,1430,1428,-2,0,0,0,2475,0,0,0,0,0,1
7,JFK,1130,1406,156,1430,1655,145,1,0,0,2475,37,0,0,0,108,1
1,JFK,1130,1128,-2,1430,1419,-11,0,0,0,2475,0,0,0,0,0,1
2,JFK,1130,1124,-6,1430,1412,-18,0,0,0,2475,0,0,0,0,0,1
3,JFK,1130,1128,-2,1430,1438,8,0,0,0,2475,0,0,0,0,0,1
4,JFK,1130,1125,-5,1430,1401,-29,0,0,0,2475,0,0,0,0,0,1
5,JFK,1130,1127,-3,1430,1402,-28,0,0,0,2475,0,0,0,0,0,1
6,JFK,1130,1127,-3,1430,1406,-24,0,0,0,2475,0,0,0,0,0,1
7,JFK,1130,1126,-4,1430,1433,3,0,0,0,2475,0,0,0,0,0,1
1,JFK,1130,1124,-6,1430,1410,-20,0,0,0,2475,0,0,0,0,0,1
2,JFK,1130,1122,-8,1430,1421,-9,0,0,0,2475,0,0,0,0,0,1
3,JFK,1130,1125,-5,1430,1418,-12,0,0,0,2475,0,0,0,0,0,1
4,JFK,1130,1127,-3,1430,1428,-2,0,0,0,2475,0,0,0,0,0,1
5,JFK,1130,1132,2,1430,1442,12,0,0,0,2475,0,0,0,0,0,1
6,JFK,1130,1509,219,1430,1853,263,1,0,0,2475,219,0,44,0,0,1
7,JFK,1130,1127,-3,1430,1437,7,0,0,0,2475,0,0,0,0,0,1
5,SFO,1500,1533,33,2347,116,89,1,0,0,2586,0,0,89,0,0,1
6,SFO,1500,1500,0,2347,2333,-14,0,0,0,2586,0,0,0,0,0,1
7,SFO,1500,1453,-7,2347,2307,-40,0,0,0,2586,0,0,0,0,0,1
1,SFO,1500,1456,-4,2347,2319,-28,0,0,0,2586,0,0,0,0,0,1
2,SFO,1500,1458,-2,2347,2335,-12,0,0,0,2586,0,0,0,0,0,1
3,SFO,1500,1452,-8,2347,2325,-22,0,0,0,2586,0,0,0,0,0,1
4,SFO,1500,1512,12,2347,2350,3,0,0,0,2586,0,0,0,0,0,1
5,SFO,1500,1502,2,2347,106,79,1,0,0,2586,0,0,79,0,0,1
6,SFO,1500,1455,-5,2347,2339,-8,0,0,0,2586,0,0,0,0,0,1
7,SFO,1500,1455,-5,2347,2315,-32,0,0,0,2586,0,0,0,0,0,1
1,SFO,1500,1459,-1,2347,2357,10,0,0,0,2586,0,0,0,0,0,1
2,SFO,1500,1507,7,2347,2331,-16,0,0,0,2586,0,0,0,0,0,1
3,SFO,1500,1500,0,2347,20,33,1,0,0,2586,0,0,33,0,0,1
4,SFO,1500,1505,5,2347,2319,-28,0,0,0,2586,0,0,0,0,0,1
5,SFO,1500,1518,18,2347,2319,-28,0,0,0,2586,0,0,0,0,0,1
6,SFO,1500,1453,-7,2347,2311,-36,0,0,0,2586,0,0,0,0,0,1
7,SFO,1500,1531,31,2347,2332,-15,0,0,0,2586,0,0,0,0,0,1
1,SFO,1500,1513,13,2347,2343,-4,0,0,0,2586,0,0,0,0,0,1
2,SFO,1500,1506,6,2347,2326,-21,0,0,0,2586,0,0,0,0,0,1
3,SFO,1500,1455,-5,2347,2317,-30,0,0,0,2586,0,0,0,0,0,1
4,SFO,1500,1546,46,2347,39,52,1,0,0,2586,0,0,52,0,0,1
5,SFO,1500,1500,0,2347,2341,-6,0,0,0,2586,0,0,0,0,0,1
6,SFO,1500,1454,-6,2347,2334,-13,0,0,0,2586,0,0,0,0,0,1
7,SFO,1500,1530,30,2347,2357,10,0,0,0,2586,0,0,0,0,0,1
1,SFO,1500,1527,27,2347,26,39,1,0,0,2586,0,0,33,0,6,1
2,SFO,1500,1459,-1,2347,2328,-19,0,0,0,2586,0,0,0,0,0,1
3,SFO,1500,1449,-11,2347,2318,-29,0,0,0,2586,0,0,0,0,0,1
4,SFO,1500,1516,16,2347,39,52,1,0,0,2586,0,0,52,0,0,1
5,SFO,1500,1453,-7,2347,19,32,1,0,0,2586,0,0,32,0,0,1
6,SFO,1500,1458,-2,2347,48,61,1,0,0,2586,0,0,61,0,0,1
7,SFO,1500,1627,87,2347,102,75,1,0,0,2586,0,0,75,0,0,1
6,JFK,1900,2020,80,2216,2306,50,1,0,0,2475,50,0,0,0,0,1
7,JFK,1900,1901,1,2216,2208,-8,0,0,0,2475,0,0,0,0,0,1
1,JFK,1900,1858,-2,2216,2157,-19,0,0,0,2475,0,0,0,0,0,1
2,JFK,1900,1859,-1,2216,2157,-19,0,0,0,2475,0,0,0,0,0,1
3,JFK,1900,1856,-4,2216,2150,-26,0,0,0,2475,0,0,0,0,0,1
4,JFK,1900,1857,-3,2216,2208,-8,0,0,0,2475,0,0,0,0,0,1
5,JFK,1900,1917,17,2216,2342,86,1,0,0,2475,0,0,86,0,0,1
6,JFK,1900,1905,5,2216,2238,22,1,0,0,2475,5,0,17,0,0,1
7,JFK,1900,1957,57,2216,2309,53,1,0,0,2475,16,0,0,0,37,1
1,JFK,1900,1855,-5,2216,2210,-6,0,0,0,2475,0,0,0,0,0,1
2,JFK,1900,1856,-4,2216,2202,-14,0,0,0,2475,0,0,0,0,0,1
3,JFK,1900,1900,0,2216,2158,-18,0,0,0,2475,0,0,0,0,0,1
4,JFK,1900,1910,10,2216,2223,7,0,0,0,2475,0,0,0,0,0,1
5,JFK,1900,1900,0,2216,2223,7,0,0,0,2475,0,0,0,0,0,1
6,JFK,1900,1912,12,2216,2211,-5,0,0,0,2475,0,0,0,0,0,1
7,JFK,1900,1909,9,2216,2214,-2,0,0,0,2475,0,0,0,0,0,1
1,JFK,1900,1934,34,2216,2346,90,1,0,0,2475,0,0,90,0,0,1
2,JFK,1900,1915,15,2216,2229,13,0,0,0,2475,0,0,0,0,0,1
3,JFK,1900,1855,-5,2216,2155,-21,0,0,0,2475,0,0,0,0,0,1
4,JFK,1900,1909,9,2216,2206,-10,0,0,0,2475,0,0,0,0,0,1
5,JFK,1900,1909,9,2216,2223,7,0,0,0,2475,0,0,0,0,0,1
6,JFK,1900,1856,-4,2216,2159,-17,0,0,0,2475,0,0,0,0,0,1
7,JFK,1900,1859,-1,2216,2215,-1,0,0,0,2475,0,0,0,0,0,1
1,JFK,1900,2146,166,2216,22,126,1,0,0,2475,0,126,0,0,0,1
2,JFK,1900,1857,-3,2216,2212,-4,0,0,0,2475,0,0,0,0,0,1
3,JFK,1900,1900,0,2216,2301,45,1,0,0,2475,0,0,45,0,0,1
4,JFK,1900,1927,27,2216,2335,79,1,0,0,2475,0,0,79,0,0,1
5,JFK,1900,1900,0,2216,2200,-16,0,0,0,2475,0,0,0,0,0,1
6,JFK,1900,1938,38,2216,2322,66,1,0,0,2475,0,0,66,0,0,1
7,JFK,1900,1922,22,2216,2241,25,1,0,0,2475,22,0,3,0,0,1
5,LAX,1530,1611,41,5,152,107,1,0,0,2475,0,0,107,0,0,1
6,LAX,1530,1735,125,5,142,97,1,0,0,2475,97,0,0,0,0,1
7,LAX,1530,1548,18,5,2354,-11,0,0,0,2475,0,0,0,0,0,1
1,LAX,1530,1525,-5,5,2346,-19,0,0,0,2475,0,0,0,0,0,1
2,LAX,1530,1530,0,5,2343,-22,0,0,0,2475,0,0,0,0,0,1
3,LAX,1530,1529,-1,5,2345,-20,0,0,0,2475,0,0,0,0,0,1
4,LAX,1530,1539,9,5,14,9,0,0,0,2475,0,0,0,0,0,1
5,LAX,1530,1528,-2,5,17,12,0,0,0,2475,0,0,0,0,0,1
6,LAX,1530,1531,1,5,15,10,0,0,0,2475,0,0,0,0,0,1
7,LAX,1530,1524,-6,5,2328,-37,0,0,0,2475,0,0,0,0,0,1
1,LAX,1530,1524,-6,5,4,-1,0,0,0,2475,0,0,0,0,0,1
2,LAX,1530,1526,-4,5,2335,-30,0,0,0,2475,0,0,0,0,0,1
3,LAX,1530,1526,-4,5,2354,-11,0,0,0,2475,0,0,0,0,0,1
4,LAX,1530,1530,0,5,2352,-13,0,0,0,2475,0,0,0,0,0,1
5,LAX,1530,1529,-1,5,2333,-32,0,0,0,2475,0,0,0,0,0,1
6,LAX,1530,1526,-4,5,2350,-15,0,0,0,2475,0,0,0,0,0,1
7,LAX,1530,1745,135,5,149,104,1,0,0,2475,0,0,0,0,104,1
1,LAX,1530,1546,16,5,1,-4,0,0,0,2475,0,0,0,0,0,1
2,LAX,1530,1526,-4,5,2350,-15,0,0,0,2475,0,0,0,0,0,1
3,LAX,1530,1533,3,5,2357,-8,0,0,0,2475,0,0,0,0,0,1
4,LAX,1530,1557,27,5,109,64,1,0,0,2475,0,0,64,0,0,1
5,LAX,1530,1526,-4,5,2354,-11,0,0,0,2475,0,0,0,0,0,1
6,LAX,1530,1524,-6,5,19,14,0,0,0,2475,0,0,0,0,0,1
7,LAX,1530,1528,-2,5,2338,-27,0,0,0,2475,0,0,0,0,0,1
1,LAX,1530,1539,9,5,18,13,0,0,0,2475,0,0,0,0,0,1
2,LAX,1530,1527,-3,5,2330,-35,0,0,0,2475,0,0,0,0,0,1
3,LAX,1530,1534,4,5,2353,-12,0,0,0,2475,0,0,0,0,0,1
4,LAX,1530,1718,108,5,144,99,1,0,0,2475,0,0,28,0,71,1
5,LAX,1530,1541,11,5,9,4,0,0,0,2475,0,0,0,0,0,1
6,LAX,1530,2006,276,5,448,283,1,0,0,2475,23,0,7,0,253,1
7,LAX,1530,1614,44,5,41,36,1,0,0,2475,0,0,36,0,0,1
5,JFK,2230,241,251,147,532,225,1,0,0,2475,0,30,0,0,195,1
1,JFK,2230,2228,-2,147,136,-11,0,0,0,2475,0,0,0,0,0,1
2,JFK,2230,2230,0,147,147,0,0,0,0,2475,0,0,0,0,0,1
3,JFK,2230,2226,-4,147,137,-10,0,0,0,2475,0,0,0,0,0,1
4,JFK,2230,2230,0,147,139,-8,0,0,0,2475,0,0,0,0,0,1
5,JFK,2230,101,151,147,417,150,1,0,0,2475,14,0,0,0,136,1
7,JFK,2230,2224,-6,147,117,-30,0,0,0,2475,0,0,0,0,0,1
1,JFK,2230,2229,-1,147,125,-22,0,0,0,2475,0,0,0,0,0,1
2,JFK,2230,2229,-1,147,133,-14,0,0,0,2475,0,0,0,0,0,1
3,JFK,2230,2301,31,147,153,6,0,0,0,2475,0,0,0,0,0,1
4,JFK,2230,2334,64,147,255,68,1,0,0,2475,12,0,4,0,52,1
5,JFK,2230,2228,-2,147,129,-18,0,0,0,2475,0,0,0,0,0,1
7,JFK,2230,2239,9,147,203,16,1,0,0,2475,9,0,7,0,0,1
1,JFK,2230,2321,51,147,203,16,1,0,0,2475,0,0,11,0,5,1
2,JFK,2230,2231,1,147,119,-28,0,0,0,2475,0,0,0,0,0,1
3,JFK,2230,2225,-5,147,124,-23,0,0,0,2475,0,0,0,0,0,1
4,JFK,2230,3,93,147,243,56,1,0,0,2475,0,0,0,0,56,1
5,JFK,2230,2232,2,147,101,-46,0,0,0,2475,0,0,0,0,0,1
7,JFK,2230,2344,74,147,205,18,1,0,0,2475,18,0,0,0,0,1
1,JFK,2230,3,93,147,253,66,1,0,0,2475,0,41,0,0,25,1
2,JFK,2230,2248,18,147,200,13,0,0,0,2475,0,0,0,0,0,1
3,JFK,2230,2350,80,147,303,76,1,0,0,2475,76,0,0,0,0,1
4,JFK,2230,37,127,147,323,96,1,0,0,2475,26,0,0,0,70,1
5,JFK,2230,2308,38,147,235,48,1,0,0,2475,38,0,10,0,0,1
7,JFK,2230,13,103,147,328,101,1,0,0,2475,0,0,4,0,97,1
5,ORD,1645,1642,-3,1839,1829,-10,0,0,0,1514,0,0,0,0,0,1
6,ORD,1825,1823,-2,2018,2013,-5,0,0,0,1514,0,0,0,0,0,1
7,ORD,1705,1659,-6,1901,1840,-21,0,0,0,1514,0,0,0,0,0,1
1,ORD,1705,1744,39,1901,1920,19,1,0,0,1514,19,0,0,0,0,1
2,ORD,1705,1700,-5,1901,1838,-23,0,0,0,1514,0,0,0,0,0,1
3,ORD,1705,1820,75,1901,2012,71,1,0,0,1514,2,0,0,0,69,1
4,ORD,1705,1659,-6,1901,1856,-5,0,0,0,1514,0,0,0,0,0,1
5,ORD,1705,1702,-3,1901,1844,-17,0,0,0,1514,0,0,0,0,0,1
6,ORD,1825,1823,-2,2018,2008,-10,0,0,0,1514,0,0,0,0,0,1
7,ORD,1705,1705,0,1901,1859,-2,0,0,0,1514,0,0,0,0,0,1
1,ORD,1705,1700,-5,1901,1916,15,1,0,0,1514,0,0,15,0,0,1
2,ORD,1705,1701,-4,1901,1845,-16,0,0,0,1514,0,0,0,0,0,1
3,ORD,1705,2201,296,1901,1,300,1,0,0,1514,296,0,4,0,0,1
4,ORD,1705,1659,-6,1901,1847,-14,0,0,0,1514,0,0,0,0,0,1
5,ORD,1705,1715,10,1901,1927,26,1,0,0,1514,3,0,16,0,7,1
6,ORD,1825,1902,37,2018,2056,38,1,0,0,1514,0,0,1,0,37,1
7,ORD,1705,1806,61,1901,2003,62,1,0,0,1514,9,0,3,0,50,1
1,ORD,1705,1707,2,1901,1857,-4,0,0,0,1514,0,0,0,0,0,1
2,ORD,1705,1700,-5,1901,1902,1,0,0,0,1514,0,0,0,0,0,1
3,ORD,1705,1701,-4,1901,1837,-24,0,0,0,1514,0,0,0,0,0,1
4,ORD,1705,1713,8,1901,1910,9,0,0,0,1514,0,0,0,0,0,1
5,ORD,1705,1711,6,1901,1912,11,0,0,0,1514,0,0,0,0,0,1
6,ORD,1825,1940,75,2018,2123,65,1,0,0,1514,0,58,0,0,7,1
7,ORD,1705,1704,-1,1901,1910,9,0,0,0,1514,0,0,0,0,0,1
1,ORD,1705,1846,101,1901,2031,90,1,0,0,1514,65,0,0,0,25,1
2,ORD,1705,1709,4,1901,1900,-1,0,0,0,1514,0,0,0,0,0,1
3,ORD,1705,1702,-3,1901,1847,-14,0,0,0,1514,0,0,0,0,0,1
4,ORD,1705,1751,46,1901,1938,37,1,0,0,1514,0,5,0,0,32,1
5,ORD,1705,1703,-2,1901,1846,-15,0,0,0,1514,0,0,0,0,0,1
6,ORD,1825,1851,26,2018,2030,12,0,0,0,1514,0,0,0,0,0,1
7,ORD,1705,1704,-1,1901,1844,-17,0,0,0,1514,0,0,0,0,0,1
5,LAX,2245,2312,27,722,733,11,0,0,0,2475,0,0,0,0,0,1
7,LAX,2245,2241,-4,722,718,-4,0,0,0,2475,0,0,0,0,0,1
1,LAX,2245,2257,12,722,734,12,0,0,0,2475,0,0,0,0,0,1
2,LAX,2245,2243,-2,722,651,-31,0,0,0,2475,0,0,0,0,0,1
3,LAX,2245,2244,-1,722,709,-13,0,0,0,2475,0,0,0,0,0,1
4,LAX,2245,2302,17,722,715,-7,0,0,0,2475,0,0,0,0,0,1
5,LAX,2245,2310,25,722,740,18,1,0,0,2475,8,0,0,0,10,1
6,LAX,2245,2252,7,722,712,-10,0,0,0,2475,0,0,0,0,0,1
7,LAX,2245,2239,-6,722,702,-20,0,0,0,2475,0,0,0,0,0,1
1,LAX,2245,2300,15,722,738,16,1,0,0,2475,15,0,1,0,0,1
2,LAX,2245,2244,-1,722,702,-20,0,0,0,2475,0,0,0,0,0,1
3,LAX,2245,2248,3,722,720,-2,0,0,0,2475,0,0,0,0,0,1
4,LAX,2245,2326,41,722,755,33,1,0,0,2475,10,0,0,0,23,1
5,LAX,2245,2305,20,722,721,-1,0,0,0,2475,0,0,0,0,0,1
6,LAX,2245,2318,33,722,735,13,0,0,0,2475,0,0,0,0,0,1
7,LAX,2245,2243,-2,722,708,-14,0,0,0,2475,0,0,0,0,0,1
1,LAX,2245,2257,12,722,739,17,1,0,0,2475,12,0,5,0,0,1
2,LAX,2245,2322,37,722,752,30,1,0,0,2475,30,0,0,0,0,1
3,LAX,2245,2242,-3,722,717,-5,0,0,0,2475,0,0,0,0,0,1
4,LAX,2245,4,79,722,830,68,1,0,0,2475,0,0,0,68,0,1
5,LAX,2245,2300,15,722,744,22,1,0,0,2475,15,0,7,0,0,1
6,LAX,2245,2240,-5,722,708,-14,0,0,0,2475,0,0,0,0,0,1
7,LAX,2245,2244,-1,722,654,-28,0,0,0,2475,0,0,0,0,0,1
1,LAX,2245,18,93,722,842,80,1,0,0,2475,19,0,0,0,61,1
2,LAX,2245,2345,60,722,758,36,1,0,0,2475,11,0,0,0,25,1
3,LAX,2245,2244,-1,722,741,19,1,0,0,2475,0,0,19,0,0,1
4,LAX,2245,32,107,722,916,114,1,0,0,2475,7,0,7,0,100,1
5,LAX,2245,2244,-1,722,703,-19,0,0,0,2475,0,0,0,0,0,1
6,LAX,2245,11,86,722,858,96,1,0,0,2475,24,0,10,0,62,1
7,LAX,2245,1743,1138,722,208,1126,1,0,0,2475,972,0,0,0,154,1
1,LAX,2355,2355,0,829,823,-6,0,0,0,2475,0,0,0,0,0,1
2,LAX,2350,2346,-4,827,824,-3,0,0,0,2475,0,0,0,0,0,1
3,LAX,2350,2345,-5,827,829,2,0,0,0,2475,0,0,0,0,0,1
4,LAX,2350,2348,-2,827,828,1,0,0,0,2475,0,0,0,0,0,1
5,LAX,2350,59,69,827,936,69,1,0,0,2475,27,0,0,0,42,1
7,LAX,2350,35,45,827,929,62,1,0,0,2475,36,0,17,0,9,1
1,LAX,2350,9,19,827,859,32,1,0,0,2475,19,0,13,0,0,1
2,LAX,2350,2348,-2,827,755,-32,0,0,0,2475,0,0,0,0,0,1
3,LAX,2350,45,55,827,912,45,1,0,0,2475,7,0,0,0,38,1
4,LAX,2350,2345,-5,827,813,-14,0,0,0,2475,0,0,0,0,0,1
5,LAX,2350,2353,3,827,756,-31,0,0,0,2475,0,0,0,0,0,1
7,LAX,2350,2348,-2,827,741,-46,0,0,0,2475,0,0,0,0,0,1
1,LAX,2350,207,137,827,1024,117,1,0,0,2475,78,0,0,0,39,1
2,LAX,2350,2350,0,827,827,0,0,0,0,2475,0,0,0,0,0,1
3,LAX,2350,10,20,827,913,46,1,0,0,2475,0,0,26,20,0,1
4,LAX,2350,2346,-4,827,827,0,0,0,0,2475,0,0,0,0,0,1
5,LAX,2350,6,16,827,855,28,1,0,0,2475,16,0,12,0,0,1
7,LAX,2350,2350,0,827,804,-23,0,0,0,2475,0,0,0,0,0,1
1,LAX,2350,122,92,827,943,76,1,0,0,2475,0,0,0,0,76,1
2,LAX,2350,2344,-6,827,759,-28,0,0,0,2475,0,0,0,0,0,1
3,LAX,2350,2352,2,827,829,2,0,0,0,2475,0,0,0,0,0,1
4,LAX,2350,125,95,827,956,89,1,0,0,2475,22,0,0,0,67,1
5,LAX,2350,2353,3,827,818,-9,0,0,0,2475,0,0,0,0,0,1
7,LAX,2350,42,52,827,922,55,1,0,0,2475,6,0,3,0,46,1
5,LAX,828,826,-2,1136,1153,17,1,0,0,2556,0,0,17,0,0,1
6,LAX,828,829,1,1136,1137,1,0,0,0,2556,0,0,0,0,0,1
7,LAX,828,823,-5,1136,1105,-31,0,0,0,2556,0,0,0,0,0,1
1,LAX,828,848,20,1136,1131,-5,0,0,0,2556,0,0,0,0,0,1
2,LAX,828,853,25,1136,1204,28,1,0,0,2556,25,0,3,0,0,1
3,LAX,828,831,3,1136,1130,-6,0,0,0,2556,0,0,0,0,0,1
4,LAX,828,826,-2,1136,1139,3,0,0,0,2556,0,0,0,0,0,1
5,LAX,828,827,-1,1136,1100,-36,0,0,0,2556,0,0,0,0,0,1
6,LAX,828,842,14,1136,1141,5,0,0,0,2556,0,0,0,0,0,1
7,LAX,828,835,7,1136,1131,-5,0,0,0,2556,0,0,0,0,0,1
1,LAX,828,823,-5,1136,1112,-24,0,0,0,2556,0,0,0,0,0,1
2,LAX,828,826,-2,1136,1123,-13,0,0,0,2556,0,0,0,0,0,1
3,LAX,828,826,-2,1136,1132,-4,0,0,0,2556,0,0,0,0,0,1
4,LAX,828,828,0,1136,1125,-11,0,0,0,2556,0,0,0,0,0,1
5,LAX,828,825,-3,1136,1116,-20,0,0,0,2556,0,0,0,0,0,1
6,LAX,828,827,-1,1136,1130,-6,0,0,0,2556,0,0,0,0,0,1
7,LAX,828,820,-8,1136,1133,-3,0,0,0,2556,0,0,0,0,0,1
1,LAX,828,833,5,1136,1131,-5,0,0,0,2556,0,0,0,0,0,1
2,LAX,828,840,12,1136,1158,22,1,0,0,2556,12,0,10,0,0,1
3,LAX,828,824,-4,1136,1112,-24,0,0,0,2556,0,0,0,0,0,1
4,LAX,828,825,-3,1136,1112,-24,0,0,0,2556,0,0,0,0,0,1
5,LAX,828,926,58,1136,1202,26,1,0,0,2556,10,0,0,0,16,1
6,LAX,828,824,-4,1136,1126,-10,0,0,0,2556,0,0,0,0,0,1
7,LAX,828,821,-7,1136,1114,-22,0,0,0,2556,0,0,0,0,0,1
1,LAX,828,823,-5,1136,1111,-25,0,0,0,2556,0,0,0,0,0,1
2,LAX,828,819,-9,1136,1106,-30,0,0,0,2556,0,0,0,0,0,1
3,LAX,828,834,6,1136,1150,14,0,0,0,2556,0,0,0,0,0,1
4,LAX,828,826,-2,1136,1134,-2,0,0,0,2556,0,0,0,0,0,1
5,LAX,828,823,-5,1136,1108,-28,0,0,0,2556,0,0,0,0,0,1
6,LAX,828,824,-4,1136,1117,-19,0,0,0,2556,0,0,0,0,0,1
7,LAX,828,828,0,1136,1059,-37,0,0,0,2556,0,0,0,0,0,1
5,LAX,1430,1600,90,2304,125,141,1,0,0,2475,0,0,127,0,14,1
6,LAX,1430,1426,-4,2304,2255,-9,0,0,0,2475,0,0,0,0,0,1
7,LAX,1430,1433,3,2304,2251,-13,0,0,0,2475,0,0,0,0,0,1
1,LAX,1430,1424,-6,2304,2301,-3,0,0,0,2475,0,0,0,0,0,1
2,LAX,1430,1440,10,2304,2319,15,1,0,0,2475,10,0,5,0,0,1
3,LAX,1430,1424,-6,2304,2252,-12,0,0,0,2475,0,0,0,0,0,1
4,LAX,1430,1428,-2,2304,2319,15,1,0,0,2475,0,0,15,0,0,1
5,LAX,1430,1455,25,2304,2357,53,1,0,0,2475,0,0,53,0,0,1
7,LAX,1430,1441,11,2304,2250,-14,0,0,0,2475,0,0,0,0,0,1
1,LAX,1430,1426,-4,2304,2249,-15,0,0,0,2475,0,0,0,0,0,1
2,LAX,1430,1424,-6,2304,2244,-20,0,0,0,2475,0,0,0,0,0,1
3,LAX,1430,1427,-3,2304,2321,17,1,0,0,2475,0,0,17,0,0,1
4,LAX,1430,1426,-4,2304,2248,-16,0,0,0,2475,0,0,0,0,0,1
5,LAX,1430,1430,0,2304,2311,7,0,0,0,2475,0,0,0,0,0,1
6,LAX,1430,1437,7,2304,2301,-3,0,0,0,2475,0,0,0,0,0,1
7,LAX,1430,1429,-1,2304,2246,-18,0,0,0,2475,0,0,0,0,0,1
1,LAX,1430,1448,18,2304,2359,55,1,0,0,2475,0,0,55,0,0,1
2,LAX,1430,1500,30,2304,2345,41,1,0,0,2475,3,0,11,0,27,1
3,LAX,1430,1423,-7,2304,2308,4,0,0,0,2475,0,0,0,0,0,1
4,LAX,1430,1553,83,2304,55,111,1,0,0,2475,83,0,28,0,0,1
5,LAX,1430,1425,-5,2304,2301,-3,0,0,0,2475,0,0,0,0,0,1
6,LAX,1430,1423,-7,2304,2243,-21,0,0,0,2475,0,0,0,0,0,1
7,LAX,1430,1425,-5,2304,2255,-9,0,0,0,2475,0,0,0,0,0,1
1,LAX,1430,1558,88,2304,9,65,1,0,0,2475,0,0,65,0,0,1
2,LAX,1430,1439,9,2304,2310,6,0,0,0,2475,0,0,0,0,0,1
3,LAX,1430,1428,-2,2304,2247,-17,0,0,0,2475,0,0,0,0,0,1
4,LAX,1430,1518,48,2304,18,74,1,0,0,2475,0,0,26,0,48,1
5,LAX,1430,1428,-2,2304,2307,3,0,0,0,2475,0,0,0,0,0,1
6,LAX,1430,1527,57,2304,2350,46,1,0,0,2475,0,0,46,0,0,1
7,LAX,1430,1453,23,2304,2340,36,1,0,0,2475,0,0,36,0,0,1
5,JFK,700,655,-5,1009,940,-29,0,0,0,2475,0,0,0,0,0,1
1,JFK,700,713,13,1009,1019,10,0,0,0,2475,0,0,0,0,0,1
2,JFK,700,704,4,1009,1024,15,1,0,0,2475,4,0,11,0,0,1
3,JFK,700,704,4,1009,1014,5,0,0,0,2475,0,0,0,0,0,1
4,JFK,700,654,-6,1009,951,-18,0,0,0,2475,0,0,0,0,0,1
5,JFK,700,656,-4,1009,1003,-6,0,0,0,2475,0,0,0,0,0,1
7,JFK,700,659,-1,1009,1016,7,0,0,0,2475,0,0,0,0,0,1
1,JFK,700,652,-8,1009,1009,0,0,0,0,2475,0,0,0,0,0,1
2,JFK,700,657,-3,1009,948,-21,0,0,0,2475,0,0,0,0,0,1
3,JFK,700,655,-5,1009,948,-21,0,0,0,2475,0,0,0,0,0,1
4,JFK,700,718,18,1009,1103,54,1,0,0,2475,18,0,36,0,0,1
5,JFK,700,706,6,1009,1023,14,0,0,0,2475,0,0,0,0,0,1
7,JFK,700,718,18,1009,1018,9,0,0,0,2475,0,0,0,0,0,1
1,JFK,700,656,-4,1009,1014,5,0,0,0,2475,0,0,0,0,0,1
2,JFK,700,717,17,1009,1029,20,1,0,0,2475,17,0,3,0,0,1
3,JFK,700,658,-2,1009,1012,3,0,0,0,2475,0,0,0,0,0,1
4,JFK,700,655,-5,1009,1003,-6,0,0,0,2475,0,0,0,0,0,1
5,JFK,700,734,34,1009,1034,25,1,0,0,2475,25,0,0,0,0,1
7,JFK,700,722,22,1009,1003,-6,0,0,0,2475,0,0,0,0,0,1
1,JFK,700,657,-3,1009,1022,13,0,0,0,2475,0,0,0,0,0,1
2,JFK,700,656,-4,1009,1021,12,0,0,0,2475,0,0,0,0,0,1
3,JFK,700,658,-2,1009,1015,6,0,0,0,2475,0,0,0,0,0,1
4,JFK,700,658,-2,1009,1005,-4,0,0,0,2475,0,0,0,0,0,1
5,JFK,700,651,-9,1009,953,-16,0,0,0,2475,0,0,0,0,0,1
7,JFK,700,720,20,1009,1050,41,1,0,0,2475,20,0,21,0,0,1
5,LAX,800,755,-5,1636,1722,46,1,0,0,2475,0,0,46,0,0,1
6,LAX,800,800,0,1636,1558,-38,0,0,0,2475,0,0,0,0,0,1
7,LAX,800,755,-5,1636,1601,-35,0,0,0,2475,0,0,0,0,0,1
1,LAX,800,756,-4,1636,1623,-13,0,0,0,2475,0,0,0,0,0,1
2,LAX,1245,1405,80,2120,2221,61,1,0,0,2475,58,0,0,0,3,1
3,LAX,1245,1241,-4,2120,2100,-20,0,0,0,2475,0,0,0,0,0,1
4,LAX,1245,1242,-3,2120,2108,-12,0,0,0,2475,0,0,0,0,0,1
5,LAX,1245,1329,44,2120,2232,72,1,0,0,2475,0,0,72,0,0,1
6,LAX,1245,1325,40,2120,2256,96,1,0,0,2475,0,0,96,0,0,1
7,LAX,1245,1252,7,2120,2106,-14,0,0,0,2475,0,0,0,0,0,1
1,LAX,1245,1245,0,2120,2055,-25,0,0,0,2475,0,0,0,0,0,1
2,LAX,1245,1251,6,2120,2129,9,0,0,0,2475,0,0,0,0,0,1
3,LAX,1245,1339,54,2120,2204,44,1,0,0,2475,0,0,44,0,0,1
4,LAX,1245,1411,86,2120,2232,72,1,0,0,2475,72,0,0,0,0,1
5,LAX,1245,1241,-4,2120,2125,5,0,0,0,2475,0,0,0,0,0,1
6,LAX,1245,1244,-1,2120,2132,12,0,0,0,2475,0,0,0,0,0,1
7,LAX,1245,1247,2,2120,2112,-8,0,0,0,2475,0,0,0,0,0,1
1,LAX,1245,1326,41,2120,2157,37,1,0,0,2475,0,0,37,0,0,1
2,LAX,1245,1241,-4,2120,2145,25,1,0,0,2475,0,0,25,0,0,1
3,LAX,1245,1237,-8,2120,2126,6,0,0,0,2475,0,0,0,0,0,1
4,LAX,1245,1413,88,2120,2315,115,1,0,0,2475,0,0,73,0,42,1
5,LAX,1245,1257,12,2120,2147,27,1,0,0,2475,12,0,15,0,0,1
6,LAX,1245,1312,27,2120,2141,21,1,0,0,2475,21,0,0,0,0,1
7,LAX,1245,1236,-9,2120,2109,-11,0,0,0,2475,0,0,0,0,0,1
1,LAX,1245,1504,139,2120,2321,121,1,0,0,2475,0,0,121,0,0,1
2,LAX,1245,1304,19,2120,2123,3,0,0,0,2475,0,0,0,0,0,1
3,LAX,1245,1247,2,2120,2130,10,0,0,0,2475,0,0,0,0,0,1
4,LAX,1245,1451,126,2120,2312,112,1,0,0,2475,0,0,33,0,79,1
5,LAX,1245,1243,-2,2120,2119,-1,0,0,0,2475,0,0,0,0,0,1
6,LAX,1245,1427,102,2120,24,184,1,0,0,2475,0,0,166,0,18,1
7,LAX,1245,1455,130,2120,2400,160,1,0,0,2475,0,0,92,0,68,1
5,EWR,500,457,-3,739,738,-1,0,0,0,1372,0,0,0,0,0,1
6,EWR,500,455,-5,739,735,-4,0,0,0,1372,0,0,0,0,0,1
2,EWR,500,456,-4,739,741,2,0,0,0,1372,0,0,0,0,0,1
3,EWR,500,532,32,739,759,20,1,0,0,1372,20,0,0,0,0,1
4,EWR,500,452,-8,739,735,-4,0,0,0,1372,0,0,0,0,0,1
5,EWR,500,457,-3,739,722,-17,0,0,0,1372,0,0,0,0,0,1
6,EWR,500,451,-9,739,802,23,1,0,0,1372,0,0,23,0,0,1
7,EWR,500,457,-3,739,734,-5,0,0,0,1372,0,0,0,0,0,1
1,EWR,500,458,-2,739,719,-20,0,0,0,1372,0,0,0,0,0,1
2,EWR,500,448,-12,739,711,-28,0,0,0,1372,0,0,0,0,0,1
3,EWR,500,454,-6,739,717,-22,0,0,0,1372,0,0,0,0,0,1
4,EWR,500,451,-9,739,711,-28,0,0,0,1372,0,0,0,0,0,1
5,EWR,500,457,-3,739,736,-3,0,0,0,1372,0,0,0,0,0,1
6,EWR,500,501,1,739,746,7,0,0,0,1372,0,0,0,0,0,1
7,EWR,500,456,-4,739,714,-25,0,0,0,1372,0,0,0,0,0,1
1,EWR,500,456,-4,739,713,-26,0,0,0,1372,0,0,0,0,0,1
2,EWR,500,512,12,739,736,-3,0,0,0,1372,0,0,0,0,0,1
3,EWR,500,458,-2,739,711,-28,0,0,0,1372,0,0,0,0,0,1
4,EWR,500,456,-4,739,722,-17,0,0,0,1372,0,0,0,0,0,1
5,EWR,500,459,-1,739,707,-32,0,0,0,1372,0,0,0,0,0,1
6,EWR,500,503,3,739,726,-13,0,0,0,1372,0,0,0,0,0,1
7,EWR,500,508,8,739,736,-3,0,0,0,1372,0,0,0,0,0,1
1,EWR,500,500,0,739,718,-21,0,0,0,1372,0,0,0,0,0,1
2,EWR,500,453,-7,739,721,-18,0,0,0,1372,0,0,0,0,0,1
3,EWR,500,457,-3,739,719,-20,0,0,0,1372,0,0,0,0,0,1
4,EWR,500,457,-3,739,724,-15,0,0,0,1372,0,0,0,0,0,1
5,EWR,500,520,20,739,755,16,1,0,0,1372,16,0,0,0,0,1
6,EWR,500,459,-1,739,724,-15,0,0,0,1372,0,0,0,0,0,1
7,EWR,500,817,197,739,1054,195,1,0,0,1372,195,0,0,0,0,1
5,SFO,800,755,-5,1330,1403,33,1,0,0,1464,0,0,33,0,0,1
6,SFO,800,757,-3,1330,1318,-12,0,0,0,1464,0,0,0,0,0,1
7,SFO,800,803,3,1330,1323,-7,0,0,0,1464,0,0,0,0,0,1
1,SFO,800,800,0,1330,1322,-8,0,0,0,1464,0,0,0,0,0,1
2,SFO,800,816,16,1330,1349,19,1,0,0,1464,16,0,3,0,0,1
3,SFO,800,752,-8,1330,1328,-2,0,0,0,1464,0,0,0,0,0,1
4,SFO,800,847,47,1330,1411,41,1,0,0,1464,41,0,0,0,0,1
5,SFO,800,757,-3,1330,1317,-13,0,0,0,1464,0,0,0,0,0,1
6,SFO,800,754,-6,1330,1317,-13,0,0,0,1464,0,0,0,0,0,1
7,SFO,800,754,-6,1330,1317,-13,0,0,0,1464,0,0,0,0,0,1
1,SFO,800,832,32,1330,1349,19,1,0,0,1464,19,0,0,0,0,1
2,SFO,800,756,-4,1330,1309,-21,0,0,0,1464,0,0,0,0,0,1
3,SFO,800,751,-9,1330,1312,-18,0,0,0,1464,0,0,0,0,0,1
4,SFO,800,751,-9,1330,1315,-15,0,0,0,1464,0,0,0,0,0,1
5,SFO,800,757,-3,1330,1323,-7,0,0,0,1464,0,0,0,0,0,1
6,SFO,800,758,-2,1330,1318,-12,0,0,0,1464,0,0,0,0,0,1
7,SFO,800,758,-2,1330,1321,-9,0,0,0,1464,0,0,0,0,0,1
1,SFO,800,755,-5,1330,1325,-5,0,0,0,1464,0,0,0,0,0,1
2,SFO,800,756,-4,1330,1318,-12,0,0,0,1464,0,0,0,0,0,1
3,SFO,800,815,15,1330,1342,12,0,0,0,1464,0,0,0,0,0,1
4,SFO,800,752,-8,1330,1336,6,0,0,0,1464,0,0,0,0,0,1
5,SFO,800,755,-5,1330,1318,-12,0,0,0,1464,0,0,0,0,0,1
6,SFO,800,831,31,1330,1349,19,1,0,0,1464,19,0,0,0,0,1
7,SFO,800,756,-4,1330,1324,-6,0,0,0,1464,0,0,0,0,0,1
1,SFO,800,913,73,1330,1450,80,1,0,0,1464,73,0,7,0,0,1
2,SFO,800,806,6,1330,1329,-1,0,0,0,1464,0,0,0,0,0,1
3,SFO,800,754,-6,1330,1339,9,0,0,0,1464,0,0,0,0,0,1
4,SFO,800,801,1,1330,1337,7,0,0,0,1464,0,0,0,0,0,1
5,SFO,800,758,-2,1330,1324,-6,0,0,0,1464,0,0,0,0,0,1
6,SFO,800,756,-4,1330,1317,-13,0,0,0,1464,0,0,0,0,0,1
7,SFO,800,842,42,1330,1417,47,1,0,0,1464,42,0,5,0,0,1
5,DFW,1700,1656,-4,1842,1841,-1,0,0,0,1464,0,0,0,0,0,1
6,DFW,1700,1719,19,1842,1854,12,0,0,0,1464,0,0,0,0,0,1
7,DFW,1700,1746,46,1842,1916,34,1,0,0,1464,1,0,0,0,33,1
1,DFW,1700,1658,-2,1842,1837,-5,0,0,0,1464,0,0,0,0,0,1
2,DFW,1700,1811,71,1842,1942,60,1,0,0,1464,54,0,0,0,6,1
3,DFW,1700,1947,167,1842,2122,160,1,0,0,1464,50,0,0,0,110,1
4,DFW,1700,1708,8,1842,1841,-1,0,0,0,1464,0,0,0,0,0,1
5,DFW,1700,1701,1,1842,1838,-4,0,0,0,1464,0,0,0,0,0,1
6,DFW,1700,1733,33,1842,2000,78,1,0,0,1464,0,33,45,0,0,1
7,DFW,1700,1657,-3,1842,1842,0,0,0,0,1464,0,0,0,0,0,1
1,DFW,1700,1703,3,1842,1836,-6,0,0,0,1464,0,0,0,0,0,1
2,DFW,1700,1701,1,1842,1847,5,0,0,0,1464,0,0,0,0,0,1
3,DFW,1700,1655,-5,1842,1835,-7,0,0,0,1464,0,0,0,0,0,1
4,DFW,1700,1720,20,1842,1850,8,0,0,0,1464,0,0,0,0,0,1
5,DFW,1700,1720,20,1842,1909,27,1,0,0,1464,0,4,7,0,16,1
6,DFW,1700,1706,6,1842,1834,-8,0,0,0,1464,0,0,0,0,0,1
7,DFW,1700,1729,29,1842,1857,15,1,0,0,1464,14,0,0,0,1,1
1,DFW,1700,1658,-2,1842,1828,-14,0,0,0,1464,0,0,0,0,0,1
2,DFW,1700,1658,-2,1842,1832,-10,0,0,0,1464,0,0,0,0,0,1
3,DFW,1700,1703,3,1842,1829,-13,0,0,0,1464,0,0,0,0,0,1
4,DFW,1700,1740,40,1842,1902,20,1,0,0,1464,0,0,0,0,20,1
5,DFW,1700,1700,0,1842,1824,-18,0,0,0,1464,0,0,0,0,0,1
6,DFW,1700,1703,3,1842,1827,-15,0,0,0,1464,0,0,0,0,0,1
7,DFW,1700,1702,2,1842,1830,-12,0,0,0,1464,0,0,0,0,0,1
1,DFW,1700,1724,24,1842,1902,20,1,0,0,1464,14,0,0,0,6,1
2,DFW,1700,1656,-4,1842,1840,-2,0,0,0,1464,0,0,0,0,0,1
3,DFW,1700,1707,7,1842,1915,33,1,0,0,1464,0,0,26,0,7,1
4,DFW,1700,1937,157,1842,2149,187,1,0,0,1464,4,0,30,0,153,1
5,DFW,1700,1706,6,1842,1840,-2,0,0,0,1464,0,0,0,0,0,1
6,DFW,1700,1703,3,1842,1838,-4,0,0,0,1464,0,0,0,0,0,1
7,DFW,1700,1719,19,1842,1843,1,0,0,0,1464,0,0,0,0,0,1
5,IAH,1515,1558,43,1851,1930,39,1,0,0,964,39,0,0,0,0,1
6,IAH,1515,1512,-3,1851,1847,-4,0,0,0,964,0,0,0,0,0,1
7,IAH,1515,1508,-7,1851,1827,-24,0,0,0,964,0,0,0,0,0,1
1,IAH,1515,1509,-6,1851,1851,0,0,0,0,964,0,0,0,0,0,1
2,IAH,1515,1600,45,1851,1922,31,1,0,0,964,3,0,0,0,28,1
3,IAH,1515,1513,-2,1851,1844,-7,0,0,0,964,0,0,0,0,0,1
4,IAH,1515,1509,-6,1851,1838,-13,0,0,0,964,0,0,0,0,0,1
5,IAH,1515,1622,67,1851,1942,51,1,0,0,964,51,0,0,0,0,1
6,IAH,1515,1513,-2,1851,1905,14,0,0,0,964,0,0,0,0,0,1
7,IAH,1515,1510,-5,1851,1908,17,1,0,0,964,0,0,17,0,0,1
1,IAH,1515,1507,-8,1851,1848,-3,0,0,0,964,0,0,0,0,0,1
2,IAH,1515,1509,-6,1851,1838,-13,0,0,0,964,0,0,0,0,0,1
3,IAH,1515,1512,-3,1851,1915,24,1,0,0,964,0,0,24,0,0,1
4,IAH,1515,1520,5,1851,1928,37,1,0,0,964,4,0,32,0,1,1
5,IAH,1515,1523,8,1851,1849,-2,0,0,0,964,0,0,0,0,0,1
6,IAH,1515,1510,-5,1851,1857,6,0,0,0,964,0,0,0,0,0,1
7,IAH,1515,1516,1,1851,1844,-7,0,0,0,964,0,0,0,0,0,1
1,IAH,1515,1505,-10,1851,1856,5,0,0,0,964,0,0,0,0,0,1
2,IAH,1515,1509,-6,1851,1847,-4,0,0,0,964,0,0,0,0,0,1
3,IAH,1515,1509,-6,1851,1907,16,1,0,0,964,0,0,16,0,0,1
4,IAH,1515,1530,15,1851,1859,8,0,0,0,964,0,0,0,0,0,1
5,IAH,1515,1534,19,1851,1902,11,0,0,0,964,0,0,0,0,0,1
6,IAH,1515,1515,0,1851,1926,35,1,0,0,964,0,0,35,0,0,1
7,IAH,1515,1509,-6,1851,1906,15,1,0,0,964,0,0,15,0,0,1
1,IAH,1515,1508,-7,1851,1914,23,1,0,0,964,0,0,23,0,0,1
2,IAH,1515,1509,-6,1851,1933,42,1,0,0,964,0,0,42,0,0,1
3,IAH,1515,1511,-4,1851,1852,1,0,0,0,964,0,0,0,0,0,1
4,IAH,1515,1512,-3,1851,1904,13,0,0,0,964,0,0,0,0,0,1
5,IAH,1515,1548,33,1851,1942,51,1,0,0,964,8,0,18,0,25,1
6,IAH,1515,1510,-5,1851,1848,-3,0,0,0,964,0,0,0,0,0,1
7,IAH,1515,1328,1333,1851,1726,1355,1,0,0,964,0,0,22,0,1333,1
7,MCO,1440,1434,-6,1548,1535,-13,0,0,0,192,0,0,0,0,0,1
1,MCO,1440,1445,5,1549,1545,-4,0,0,0,192,0,0,0,0,0,1
2,MCO,1440,1443,3,1549,1540,-9,0,0,0,192,0,0,0,0,0,1
3,MCO,1440,1444,4,1549,1546,-3,0,0,0,192,0,0,0,0,0,1
4,MCO,1440,1440,0,1549,1546,-3,0,0,0,192,0,0,0,0,0,1
5,MCO,1440,1441,1,1549,1602,13,0,0,0,192,0,0,0,0,0,1
6,MCO,1435,1522,47,1543,1632,49,1,0,0,192,8,0,2,0,39,1
7,MCO,1440,1437,-3,1549,1543,-6,0,0,0,192,0,0,0,0,0,1
1,MCO,1440,1439,-1,1549,1534,-15,0,0,0,192,0,0,0,0,0,1
2,MCO,1440,1436,-4,1549,1535,-14,0,0,0,192,0,0,0,0,0,1
3,MCO,1440,1440,0,1549,1608,19,1,0,0,192,0,0,19,0,0,1
4,MCO,1440,1441,1,1549,1602,13,0,0,0,192,0,0,0,0,0,1
5,MCO,1440,1437,-3,1549,1554,5,0,0,0,192,0,0,0,0,0,1
6,MCO,1435,1430,-5,1543,1529,-14,0,0,0,192,0,0,0,0,0,1
7,MCO,1440,1437,-3,1549,1541,-8,0,0,0,192,0,0,0,0,0,1
1,MCO,1440,1435,-5,1549,1541,-8,0,0,0,192,0,0,0,0,0,1
2,MCO,1440,1452,12,1549,1557,8,0,0,0,192,0,0,0,0,0,1
3,MCO,1440,1552,72,1549,1656,67,1,0,0,192,67,0,0,0,0,1
4,MCO,1440,1447,7,1549,1549,0,0,0,0,192,0,0,0,0,0,1
5,MCO,1440,1441,1,1549,1610,21,1,0,0,192,0,1,20,0,0,1
6,MCO,1435,1433,-2,1543,1535,-8,0,0,0,192,0,0,0,0,0,1
7,MCO,1440,1446,6,1549,1549,0,0,0,0,192,0,0,0,0,0,1
1,MCO,1440,1441,1,1549,1541,-8,0,0,0,192,0,0,0,0,0,1
2,MCO,1440,1432,-8,1549,1537,-12,0,0,0,192,0,0,0,0,0,1
3,MCO,1440,1436,-4,1549,1547,-2,0,0,0,192,0,0,0,0,0,1
4,MCO,1440,1503,23,1549,1609,20,1,0,0,192,0,0,0,0,20,1
5,MCO,1440,1502,22,1549,1645,56,1,0,0,192,0,4,34,0,18,1
6,MCO,1435,1442,7,1543,1553,10,0,0,0,192,0,0,0,0,0,1
7,MCO,1440,1441,1,1549,1548,-1,0,0,0,192,0,0,0,0,0,1
5,ORD,710,709,-1,922,929,7,0,0,0,1726,0,0,0,0,0,1
7,ORD,710,706,-4,922,925,3,0,0,0,1726,0,0,0,0,0,1
1,ORD,710,707,-3,922,907,-15,0,0,0,1726,0,0,0,0,0,1
1,ORD,1200,1200,0,1455,1459,4,0,0,0,612,0,0,0,0,0,1
6,JFK,1530,1611,41,1850,1908,18,1,0,0,2475,18,0,0,0,0,1
7,JFK,1530,1527,-3,1850,1831,-19,0,0,0,2475,0,0,0,0,0,1
1,JFK,1530,1539,9,1850,1847,-3,0,0,0,2475,0,0,0,0,0,1
2,JFK,1530,1524,-6,1850,1823,-27,0,0,0,2475,0,0,0,0,0,1
3,JFK,1530,1530,0,1850,1849,-1,0,0,0,2475,0,0,0,0,0,1
4,JFK,1530,1530,0,1850,1908,18,1,0,0,2475,0,0,18,0,0,1
5,JFK,1530,1524,-6,1850,1955,65,1,0,0,2475,0,0,65,0,0,1
6,JFK,1530,1525,-5,1850,1843,-7,0,0,0,2475,0,0,0,0,0,1
7,JFK,1530,1531,1,1850,1857,7,0,0,0,2475,0,0,0,0,0,1
1,JFK,1530,1537,7,1850,1821,-29,0,0,0,2475,0,0,0,0,0,1
2,JFK,1530,1535,5,1850,1817,-33,0,0,0,2475,0,0,0,0,0,1
3,JFK,1530,1701,91,1850,2039,109,1,0,0,2475,0,0,18,0,91,1
4,JFK,1530,1543,13,1850,1908,18,1,0,0,2475,7,0,5,0,6,1
5,JFK,1530,1523,-7,1850,1834,-16,0,0,0,2475,0,0,0,0,0,1
6,JFK,1530,1531,1,1850,1849,-1,0,0,0,2475,0,0,0,0,0,1
7,JFK,1530,1808,158,1850,2115,145,1,0,0,2475,26,0,0,0,119,1
1,JFK,1530,1933,243,1850,2216,206,1,0,0,2475,0,0,206,0,0,1
2,JFK,1530,1530,0,1850,1848,-2,0,0,0,2475,0,0,0,0,0,1
3,JFK,1530,1608,38,1850,1855,5,0,0,0,2475,0,0,0,0,0,1
4,JFK,1530,1546,16,1850,1837,-13,0,0,0,2475,0,0,0,0,0,1
5,JFK,1530,1542,12,1850,1841,-9,0,0,0,2475,0,0,0,0,0,1
6,JFK,1530,1533,3,1850,1842,-8,0,0,0,2475,0,0,0,0,0,1
7,JFK,1530,1533,3,1850,1852,2,0,0,0,2475,0,0,0,0,0,1
1,JFK,1530,1531,1,1850,1818,-32,0,0,0,2475,0,0,0,0,0,1
2,JFK,1530,1546,16,1850,1855,5,0,0,0,2475,0,0,0,0,0,1
3,JFK,1530,1528,-2,1850,1840,-10,0,0,0,2475,0,0,0,0,0,1
4,JFK,1530,1531,1,1850,1920,30,1,0,0,2475,0,0,30,0,0,1
5,JFK,1530,1539,9,1850,1842,-8,0,0,0,2475,0,0,0,0,0,1
6,JFK,1530,1615,45,1850,2033,103,1,0,0,2475,0,0,103,0,0,1
7,JFK,1530,1651,81,1850,1943,53,1,0,0,2475,53,0,0,0,0,1
5,LAX,700,658,-2,1534,1519,-15,0,0,0,2475,0,0,0,0,0,1
6,LAX,700,658,-2,1534,1523,-11,0,0,0,2475,0,0,0,0,0,1
1,LAX,700,708,8,1534,1525,-9,0,0,0,2475,0,0,0,0,0,1
2,LAX,700,656,-4,1534,1513,-21,0,0,0,2475,0,0,0,0,0,1
3,LAX,700,654,-6,1534,1509,-25,0,0,0,2475,0,0,0,0,0,1
4,LAX,700,659,-1,1534,1547,13,0,0,0,2475,0,0,0,0,0,1
5,LAX,700,702,2,1534,1640,66,1,0,0,2475,2,0,64,0,0,1
6,LAX,700,653,-7,1534,1522,-12,0,0,0,2475,0,0,0,0,0,1
7,LAX,700,657,-3,1534,1511,-23,0,0,0,2475,0,0,0,0,0,1
1,LAX,700,659,-1,1534,1523,-11,0,0,0,2475,0,0,0,0,0,1
2,LAX,700,653,-7,1534,1509,-25,0,0,0,2475,0,0,0,0,0,1
3,LAX,700,651,-9,1534,1457,-37,0,0,0,2475,0,0,0,0,0,1
4,LAX,700,652,-8,1534,1556,22,1,0,0,2475,0,0,22,0,0,1
5,LAX,700,655,-5,1534,1504,-30,0,0,0,2475,0,0,0,0,0,1
6,LAX,700,655,-5,1534,1503,-31,0,0,0,2475,0,0,0,0,0,1
7,LAX,700,654,-6,1534,1522,-12,0,0,0,2475,0,0,0,0,0,1
1,LAX,700,705,5,1534,1542,8,0,0,0,2475,0,0,0,0,0,1
2,LAX,700,657,-3,1534,1528,-6,0,0,0,2475,0,0,0,0,0,1
3,LAX,700,659,-1,1534,1549,15,1,0,0,2475,0,0,15,0,0,1
4,LAX,700,657,-3,1534,1538,4,0,0,0,2475,0,0,0,0,0,1
5,LAX,700,655,-5,1534,1524,-10,0,0,0,2475,0,0,0,0,0,1
6,LAX,700,656,-4,1534,1527,-7,0,0,0,2475,0,0,0,0,0,1
7,LAX,700,656,-4,1534,1532,-2,0,0,0,2475,0,0,0,0,0,1
1,LAX,700,649,-11,1534,1518,-16,0,0,0,2475,0,0,0,0,0,1
2,LAX,700,653,-7,1534,1508,-26,0,0,0,2475,0,0,0,0,0,1
3,LAX,700,654,-6,1534,1510,-24,0,0,0,2475,0,0,0,0,0,1
4,LAX,700,655,-5,1534,1522,-12,0,0,0,2475,0,0,0,0,0,1
5,LAX,700,653,-7,1534,1459,-35,0,0,0,2475,0,0,0,0,0,1
6,LAX,700,701,1,1534,1532,-2,0,0,0,2475,0,0,0,0,0,1
7,LAX,700,716,16,1534,1547,13,0,0,0,2475,0,0,0,0,0,1
5,DFW,1105,1106,1,1409,1416,7,0,0,0,3711,0,0,0,0,0,1
6,DFW,1105,1138,33,1409,1427,18,1,0,0,3711,18,0,0,0,0,1
7,DFW,1105,1219,74,1409,1506,57,1,0,0,3711,57,0,0,0,0,1
1,DFW,1105,1138,33,1409,1449,40,1,0,0,3711,31,0,7,0,2,1
2,DFW,1110,1254,104,1414,1556,102,1,0,0,3711,102,0,0,0,0,1
3,DFW,1110,1111,1,1414,1420,6,0,0,0,3711,0,0,0,0,0,1
4,DFW,1110,1104,-6,1414,1410,-4,0,0,0,3711,0,0,0,0,0,1
5,DFW,1110,1105,-5,1414,1409,-5,0,0,0,3711,0,0,0,0,0,1
6,DFW,1110,1136,26,1414,1430,16,1,0,0,3711,16,0,0,0,0,1
7,DFW,1110,1101,-9,1414,1408,-6,0,0,0,3711,0,0,0,0,0,1
1,DFW,1110,1106,-4,1414,1413,-1,0,0,0,3711,0,0,0,0,0,1
2,DFW,1110,1201,51,1414,1502,48,1,0,0,3711,48,0,0,0,0,1
3,DFW,1110,1100,-10,1414,1416,2,0,0,0,3711,0,0,0,0,0,1
4,DFW,1110,1107,-3,1414,1409,-5,0,0,0,3711,0,0,0,0,0,1
5,DFW,1110,1128,18,1414,1507,53,1,0,0,3711,0,18,35,0,0,1
6,DFW,1110,1109,-1,1414,1409,-5,0,0,0,3711,0,0,0,0,0,1
7,DFW,1110,1109,-1,1414,1359,-15,0,0,0,3711,0,0,0,0,0,1
1,DFW,1110,1108,-2,1414,1349,-25,0,0,0,3711,0,0,0,0,0,1
2,DFW,1110,1252,102,1414,1540,86,1,0,0,3711,86,0,0,0,0,1
3,DFW,1110,1110,0,1414,1420,6,0,0,0,3711,0,0,0,0,0,1
4,DFW,1110,1104,-6,1414,1354,-20,0,0,0,3711,0,0,0,0,0,1
5,DFW,1110,1107,-3,1414,1412,-2,0,0,0,3711,0,0,0,0,0,1
6,DFW,1110,1108,-2,1414,1433,19,1,0,0,3711,0,0,19,0,0,1
7,DFW,1110,1158,48,1414,1448,34,1,0,0,3711,34,0,0,0,0,1
1,DFW,1110,1217,67,1414,1502,48,1,0,0,3711,43,0,0,0,5,1
2,DFW,1110,1128,18,1414,1405,-9,0,0,0,3711,0,0,0,0,0,1
3,DFW,1110,1106,-4,1414,1401,-13,0,0,0,3711,0,0,0,0,0,1
4,DFW,1110,1107,-3,1414,1352,-22,0,0,0,3711,0,0,0,0,0,1
5,DFW,1110,1115,5,1414,1404,-10,0,0,0,3711,0,0,0,0,0,1
6,DFW,1110,1117,7,1414,1410,-4,0,0,0,3711,0,0,0,0,0,1
7,DFW,1110,1127,17,1414,1415,1,0,0,0,3711,0,0,0,0,0,1
5,DFW,905,931,26,1230,1248,18,1,0,0,3784,18,0,0,0,0,1
6,DFW,905,903,-2,1230,1221,-9,0,0,0,3784,0,0,0,0,0,1
7,DFW,905,906,1,1230,1216,-14,0,0,0,3784,0,0,0,0,0,1
1,DFW,905,1203,178,1230,1512,162,1,0,0,3784,62,0,0,0,100,1
2,DFW,905,922,17,1230,1336,66,1,0,0,3784,17,0,49,0,0,1
3,DFW,905,1025,80,1230,1343,73,1,0,0,3784,73,0,0,0,0,1
4,DFW,905,903,-2,1230,1226,-4,0,0,0,3784,0,0,0,0,0,1
5,DFW,905,909,4,1230,1216,-14,0,0,0,3784,0,0,0,0,0,1
6,DFW,905,1017,72,1230,1325,55,1,0,0,3784,26,0,0,0,29,1
7,DFW,905,857,-8,1230,1233,3,0,0,0,3784,0,0,0,0,0,1
1,DFW,905,859,-6,1230,1223,-7,0,0,0,3784,0,0,0,0,0,1
2,DFW,905,859,-6,1230,1220,-10,0,0,0,3784,0,0,0,0,0,1
3,DFW,905,903,-2,1230,1243,13,0,0,0,3784,0,0,0,0,0,1
4,DFW,905,914,9,1230,1243,13,0,0,0,3784,0,0,0,0,0,1
5,DFW,905,1037,92,1230,1428,118,1,0,0,3784,0,92,26,0,0,1
6,DFW,905,1003,58,1230,1304,34,1,0,0,3784,21,0,0,0,13,1
7,DFW,905,857,-8,1230,1207,-23,0,0,0,3784,0,0,0,0,0,1
1,DFW,905,935,30,1230,1232,2,0,0,0,3784,0,0,0,0,0,1
2,DFW,905,856,-9,1230,1201,-29,0,0,0,3784,0,0,0,0,0,1
3,DFW,905,915,10,1230,1227,-3,0,0,0,3784,0,0,0,0,0,1
4,DFW,905,904,-1,1230,1231,1,0,0,0,3784,0,0,0,0,0,1
5,DFW,905,857,-8,1230,1207,-23,0,0,0,3784,0,0,0,0,0,1
6,DFW,905,1015,70,1230,1330,60,1,0,0,3784,43,0,0,0,17,1
7,DFW,905,914,9,1230,1232,2,0,0,0,3784,0,0,0,0,0,1
1,DFW,905,901,-4,1230,1321,51,1,0,0,3784,0,0,51,0,0,1
2,DFW,905,905,0,1230,1205,-25,0,0,0,3784,0,0,0,0,0,1
3,DFW,905,911,6,1230,1230,0,0,0,0,3784,0,0,0,0,0,1
4,DFW,905,857,-8,1230,1216,-14,0,0,0,3784,0,0,0,0,0,1
5,DFW,905,930,25,1230,1232,2,0,0,0,3784,0,0,0,0,0,1
6,DFW,905,904,-1,1230,1227,-3,0,0,0,3784,0,0,0,0,0,1
7,DFW,905,937,32,1230,1236,6,0,0,0,3784,0,0,0,0,0,1
5,LAX,750,910,80,1401,1512,71,1,0,0,1744,71,0,0,0,0,1
6,LAX,750,748,-2,1401,1347,-14,0,0,0,1744,0,0,0,0,0,1
7,LAX,750,750,0,1401,1339,-22,0,0,0,1744,0,0,0,0,0,1
1,LAX,750,744,-6,1401,1353,-8,0,0,0,1744,0,0,0,0,0,1
2,LAX,750,835,45,1401,1444,43,1,0,0,1744,43,0,0,0,0,1
3,LAX,750,745,-5,1401,1345,-16,0,0,0,1744,0,0,0,0,0,1
4,LAX,750,751,1,1401,1347,-14,0,0,0,1744,0,0,0,0,0,1
5,LAX,750,746,-4,1401,1337,-24,0,0,0,1744,0,0,0,0,0,1
6,LAX,750,745,-5,1401,1353,-8,0,0,0,1744,0,0,0,0,0,1
7,LAX,750,741,-9,1401,1345,-16,0,0,0,1744,0,0,0,0,0,1
1,LAX,750,748,-2,1401,1337,-24,0,0,0,1744,0,0,0,0,0,1
2,LAX,750,749,-1,1401,1333,-28,0,0,0,1744,0,0,0,0,0,1
3,LAX,750,745,-5,1401,1345,-16,0,0,0,1744,0,0,0,0,0,1
4,LAX,750,747,-3,1401,1357,-4,0,0,0,1744,0,0,0,0,0,1
5,LAX,750,752,2,1401,1344,-17,0,0,0,1744,0,0,0,0,0,1
6,LAX,750,751,1,1401,1343,-18,0,0,0,1744,0,0,0,0,0,1
7,LAX,750,816,26,1401,1446,45,1,0,0,1744,0,0,45,0,0,1
1,LAX,750,747,-3,1401,1343,-18,0,0,0,1744,0,0,0,0,0,1
2,LAX,750,757,7,1401,1358,-3,0,0,0,1744,0,0,0,0,0,1
3,LAX,750,750,0,1401,1351,-10,0,0,0,1744,0,0,0,0,0,1
4,LAX,750,747,-3,1401,1350,-11,0,0,0,1744,0,0,0,0,0,1
5,LAX,750,747,-3,1401,1344,-17,0,0,0,1744,0,0,0,0,0,1
6,LAX,750,743,-7,1401,1334,-27,0,0,0,1744,0,0,0,0,0,1
7,LAX,750,748,-2,1401,1344,-17,0,0,0,1744,0,0,0,0,0,1
1,LAX,750,748,-2,1401,1341,-20,0,0,0,1744,0,0,0,0,0,1
2,LAX,750,750,0,1401,1354,-7,0,0,0,1744,0,0,0,0,0,1
3,LAX,750,745,-5,1401,1342,-19,0,0,0,1744,0,0,0,0,0,1
4,LAX,750,752,2,1401,1541,100,1,0,0,1744,2,0,98,0,0,1
5,LAX,750,746,-4,1401,1414,13,0,0,0,1744,0,0,0,0,0,1
6,LAX,750,747,-3,1401,1347,-14,0,0,0,1744,0,0,0,0,0,1
7,LAX,750,758,8,1401,1409,8,0,0,0,1744,0,0,0,0,0,1
5,MCO,809,803,-6,955,944,-11,0,0,0,985,0,0,0,0,0,1
6,MCO,715,710,-5,900,845,-15,0,0,0,985,0,0,0,0,0,1
7,MCO,715,723,8,900,851,-9,0,0,0,985,0,0,0,0,0,1
1,MCO,715,714,-1,900,919,19,1,0,0,985,0,0,19,0,0,1
2,MCO,809,807,-2,955,1001,6,0,0,0,985,0,0,0,0,0,1
3,MCO,809,806,-3,955,957,2,0,0,0,985,0,0,0,0,0,1
4,MCO,809,808,-1,955,956,1,0,0,0,985,0,0,0,0,0,1
5,MCO,809,812,3,955,948,-7,0,0,0,985,0,0,0,0,0,1
6,MCO,809,805,-4,955,946,-9,0,0,0,985,0,0,0,0,0,1
7,MCO,809,819,10,955,954,-1,0,0,0,985,0,0,0,0,0,1
1,MCO,809,800,-9,955,941,-14,0,0,0,985,0,0,0,0,0,1
2,MCO,809,851,42,955,1024,29,1,0,0,985,29,0,0,0,0,1
3,MCO,809,802,-7,955,945,-10,0,0,0,985,0,0,0,0,0,1
4,MCO,809,802,-7,955,950,-5,0,0,0,985,0,0,0,0,0,1
5,MCO,809,804,-5,955,1019,24,1,0,0,985,0,0,24,0,0,1
6,MCO,809,854,45,955,1029,34,1,0,0,985,34,0,0,0,0,1
7,MCO,809,804,-5,955,938,-17,0,0,0,985,0,0,0,0,0,1
1,MCO,809,806,-3,955,942,-13,0,0,0,985,0,0,0,0,0,1
2,MCO,809,806,-3,955,943,-12,0,0,0,985,0,0,0,0,0,1
3,MCO,809,839,30,955,1014,19,1,0,0,985,19,0,0,0,0,1
4,MCO,809,803,-6,955,942,-13,0,0,0,985,0,0,0,0,0,1
5,MCO,809,803,-6,955,937,-18,0,0,0,985,0,0,0,0,0,1
6,MCO,809,802,-7,955,939,-16,0,0,0,985,0,0,0,0,0,1
7,MCO,809,809,0,955,940,-15,0,0,0,985,0,0,0,0,0,1
1,MCO,809,803,-6,955,956,1,0,0,0,985,0,0,0,0,0,1
2,MCO,809,951,102,955,1122,87,1,0,0,985,87,0,0,0,0,1
3,MCO,809,807,-2,955,941,-14,0,0,0,985,0,0,0,0,0,1
4,MCO,809,809,0,955,948,-7,0,0,0,985,0,0,0,0,0,1
5,MCO,809,806,-3,955,955,0,0,0,0,985,0,0,0,0,0,1
6,MCO,809,805,-4,955,944,-11,0,0,0,985,0,0,0,0,0,1
7,MCO,809,811,2,955,940,-15,0,0,0,985,0,0,0,0,0,1
5,DFW,2020,2024,4,2358,2353,-5,0,0,0,985,0,0,0,0,0,1
6,DFW,2020,2020,0,2358,2347,-11,0,0,0,985,0,0,0,0,0,1
7,DFW,2020,2021,1,2358,2353,-5,0,0,0,985,0,0,0,0,0,1
1,DFW,2020,2035,15,2358,24,26,1,0,0,985,0,0,11,0,15,1
2,DFW,2020,2102,42,2358,25,27,1,0,0,985,27,0,0,0,0,1
3,DFW,2020,2106,46,2358,35,37,1,0,0,985,37,0,0,0,0,1
4,DFW,2020,2137,77,2358,58,60,1,0,0,985,0,0,0,0,60,1
5,DFW,2020,2050,30,2358,22,24,1,0,0,985,24,0,0,0,0,1
6,DFW,2020,2110,50,2358,52,54,1,0,0,985,0,22,4,0,28,1
7,DFW,2020,2017,-3,2358,2349,-9,0,0,0,985,0,0,0,0,0,1
1,DFW,2020,2015,-5,2358,2345,-13,0,0,0,985,0,0,0,0,0,1
2,DFW,2020,2016,-4,2358,2346,-12,0,0,0,985,0,0,0,0,0,1
3,DFW,2020,2016,-4,2358,2400,2,0,0,0,985,0,0,0,0,0,1
4,DFW,2020,2021,1,2358,2359,1,0,0,0,985,0,0,0,0,0,1
5,DFW,2020,2247,147,2358,216,138,1,0,0,985,0,0,0,0,138,1
6,DFW,2020,2020,0,2358,2353,-5,0,0,0,985,0,0,0,0,0,1
7,DFW,2020,2016,-4,2358,2340,-18,0,0,0,985,0,0,0,0,0,1
1,DFW,2020,2132,72,2358,101,63,1,0,0,985,8,0,0,0,55,1
2,DFW,2020,2032,12,2358,6,8,0,0,0,985,0,0,0,0,0,1
3,DFW,2020,2219,119,2358,147,109,1,0,0,985,33,0,0,0,76,1
4,DFW,2020,2025,5,2358,1,3,0,0,0,985,0,0,0,0,0,1
5,DFW,2020,2023,3,2358,2352,-6,0,0,0,985,0,0,0,0,0,1
6,DFW,2020,2018,-2,2358,2350,-8,0,0,0,985,0,0,0,0,0,1
7,DFW,2020,2016,-4,2358,8,10,0,0,0,985,0,0,0,0,0,1
1,DFW,2020,2152,92,2358,122,84,1,0,0,985,37,0,0,0,47,1
2,DFW,2020,2112,52,2358,37,39,1,0,0,985,0,0,0,0,39,1
3,DFW,2020,2156,96,2358,138,100,1,0,0,985,78,0,4,0,18,1
4,DFW,2020,2113,53,2358,35,37,1,0,0,985,0,0,0,0,37,1
5,DFW,2020,2131,71,2358,56,58,1,0,0,985,13,0,0,0,45,1
6,DFW,2020,2115,55,2358,42,44,1,0,0,985,44,0,0,0,0,1
7,DFW,2020,2025,5,2358,2348,-10,0,0,0,985,0,0,0,0,0,1
5,LGA,950,945,-5,1253,1243,-10,0,0,0,950,0,0,0,0,0,1
6,LGA,950,948,-2,1253,1228,-25,0,0,0,950,0,0,0,0,0,1
7,LGA,950,950,0,1253,1213,-40,0,0,0,950,0,0,0,0,0,1
1,LGA,950,1001,11,1253,1242,-11,0,0,0,950,0,0,0,0,0,1
2,LGA,950,1013,23,1253,1306,13,0,0,0,950,0,0,0,0,0,1
3,LGA,950,950,0,1253,1244,-9,0,0,0,950,0,0,0,0,0,1
4,LGA,950,944,-6,1253,1224,-29,0,0,0,950,0,0,0,0,0,1
5,LGA,950,945,-5,1253,1238,-15,0,0,0,950,0,0,0,0,0,1
6,LGA,950,944,-6,1253,1235,-18,0,0,0,950,0,0,0,0,0,1
7,LGA,950,1040,50,1253,1319,26,1,0,0,950,0,0,0,0,26,1
1,LGA,950,949,-1,1253,1302,9,0,0,0,950,0,0,0,0,0,1
2,LGA,950,940,-10,1253,1226,-27,0,0,0,950,0,0,0,0,0,1
3,LGA,950,948,-2,1253,1239,-14,0,0,0,950,0,0,0,0,0,1
4,LGA,950,949,-1,1253,1252,-1,0,0,0,950,0,0,0,0,0,1
5,LGA,950,941,-9,1253,1229,-24,0,0,0,950,0,0,0,0,0,1
6,LGA,950,949,-1,1253,1247,-6,0,0,0,950,0,0,0,0,0,1
7,LGA,950,945,-5,1253,1221,-32,0,0,0,950,0,0,0,0,0,1
1,LGA,950,949,-1,1253,1304,11,0,0,0,950,0,0,0,0,0,1
2,LGA,950,946,-4,1253,1248,-5,0,0,0,950,0,0,0,0,0,1
3,LGA,950,944,-6,1253,1250,-3,0,0,0,950,0,0,0,0,0,1
4,LGA,950,947,-3,1253,1232,-21,0,0,0,950,0,0,0,0,0,1
5,LGA,950,946,-4,1253,1208,-45,0,0,0,950,0,0,0,0,0,1
6,LGA,950,952,2,1253,1221,-32,0,0,0,950,0,0,0,0,0,1
7,LGA,950,948,-2,1253,1216,-37,0,0,0,950,0,0,0,0,0,1
1,LGA,950,1145,115,1253,1425,92,1,0,0,950,92,0,0,0,0,1
2,LGA,950,947,-3,1253,1219,-34,0,0,0,950,0,0,0,0,0,1
3,LGA,950,954,4,1253,1237,-16,0,0,0,950,0,0,0,0,0,1
4,LGA,950,951,1,1253,1257,4,0,0,0,950,0,0,0,0,0,1
5,LGA,950,947,-3,1253,1302,9,0,0,0,950,0,0,0,0,0,1
6,LGA,950,940,-10,1253,1246,-7,0,0,0,950,0,0,0,0,0,1
7,LGA,950,949,-1,1253,1217,-36,0,0,0,950,0,0,0,0,0,1
5,ORD,1215,1255,40,1534,1645,71,1,0,0,740,0,0,71,0,0,1
6,ORD,1215,1214,-1,1534,1533,-1,0,0,0,740,0,0,0,0,0,1
7,ORD,1215,1208,-7,1534,1506,-28,0,0,0,740,0,0,0,0,0,1
1,ORD,1215,1223,8,1534,1535,1,0,0,0,740,0,0,0,0,0,1
2,ORD,1210,1243,33,1534,1605,31,1,0,0,740,0,0,8,0,23,1
3,ORD,1210,1213,3,1534,1527,-7,0,0,0,740,0,0,0,0,0,1
4,ORD,1210,1422,132,1534,1749,135,1,0,0,740,0,0,3,0,132,1
5,ORD,1210,1209,-1,1534,1531,-3,0,0,0,740,0,0,0,0,0,1
6,ORD,1206,1202,-4,1530,1502,-28,0,0,0,740,0,0,0,0,0,1
7,ORD,1210,1212,2,1534,1527,-7,0,0,0,740,0,0,0,0,0,1
1,ORD,1210,1206,-4,1534,1517,-17,0,0,0,740,0,0,0,0,0,1
2,ORD,1210,1212,2,1534,1520,-14,0,0,0,740,0,0,0,0,0,1
3,ORD,1210,1206,-4,1534,1715,101,1,0,0,740,0,0,101,0,0,1
5,ORD,1210,1213,3,1534,1524,-10,0,0,0,740,0,0,0,0,0,1
6,ORD,1206,1213,7,1530,1527,-3,0,0,0,740,0,0,0,0,0,1
7,ORD,1210,1350,100,1534,1705,91,1,0,0,740,32,0,0,0,59,1
1,ORD,1210,1207,-3,1534,1516,-18,0,0,0,740,0,0,0,0,0,1
2,ORD,1210,1210,0,1534,1522,-12,0,0,0,740,0,0,0,0,0,1
3,ORD,1210,1229,19,1534,1537,3,0,0,0,740,0,0,0,0,0,1
4,ORD,1210,1419,129,1534,1832,178,1,0,0,740,26,103,49,0,0,1
5,ORD,1210,1239,29,1534,1605,31,1,0,0,740,14,0,2,0,15,1
6,ORD,1206,1202,-4,1530,1514,-16,0,0,0,740,0,0,0,0,0,1
7,ORD,1210,1207,-3,1534,1527,-7,0,0,0,740,0,0,0,0,0,1
1,ORD,1210,1210,0,1534,1530,-4,0,0,0,740,0,0,0,0,0,1
2,ORD,1210,1224,14,1534,1515,-19,0,0,0,740,0,0,0,0,0,1
3,ORD,1210,1251,41,1534,1607,33,1,0,0,740,14,0,0,0,19,1
4,ORD,1210,1210,0,1534,1532,-2,0,0,0,740,0,0,0,0,0,1
5,ORD,1210,1237,27,1534,1600,26,1,0,0,740,19,0,0,0,7,1
6,ORD,1206,1206,0,1530,1741,131,1,0,0,740,0,0,131,0,0,1
7,ORD,1210,1501,171,1534,1834,180,1,0,0,740,0,0,180,0,0,1
5,JFK,1705,1009,1024,1909,1159,1010,1,0,0,740,0,1010,0,0,0,1
6,JFK,1705,1712,7,1909,1918,9,0,0,0,740,0,0,0,0,0,1
7,JFK,1705,1729,24,1909,1908,-1,0,0,0,740,0,0,0,0,0,1
1,JFK,1705,1714,9,1909,1856,-13,0,0,0,740,0,0,0,0,0,1
2,JFK,1705,1700,-5,1909,1838,-31,0,0,0,740,0,0,0,0,0,1
3,JFK,1705,1702,-3,1909,1855,-14,0,0,0,740,0,0,0,0,0,1
4,JFK,1705,1705,0,1909,2023,74,1,0,0,740,0,0,74,0,0,1
5,JFK,1705,2027,202,1909,2235,206,1,0,0,740,0,0,150,0,56,1
6,JFK,1705,1701,-4,1909,1935,26,1,0,0,740,0,0,26,0,0,1
7,JFK,1705,1703,-2,1909,1915,6,0,0,0,740,0,0,0,0,0,1
1,JFK,1705,1740,35,1909,1919,10,0,0,0,740,0,0,0,0,0,1
2,JFK,1705,1713,8,1909,1958,49,1,0,0,740,0,0,41,0,8,1
4,JFK,1705,1728,23,1909,1908,-1,0,0,0,740,0,0,0,0,0,1
5,JFK,1705,1704,-1,1909,1915,6,0,0,0,740,0,0,0,0,0,1
6,JFK,1705,1702,-3,1909,1901,-8,0,0,0,740,0,0,0,0,0,1
7,JFK,1705,1729,24,1909,1907,-2,0,0,0,740,0,0,0,0,0,1
1,JFK,1705,2132,267,1909,2311,242,1,0,0,740,0,0,97,0,145,1
2,JFK,1705,1822,77,1909,2008,59,1,0,0,740,44,0,0,0,15,1
3,JFK,1705,1726,21,1909,1908,-1,0,0,0,740,0,0,0,0,0,1
4,JFK,1705,1733,28,1909,1930,21,1,0,0,740,21,0,0,0,0,1
5,JFK,1705,1717,12,1909,1923,14,0,0,0,740,0,0,0,0,0,1
6,JFK,1705,1713,8,1909,2039,90,1,0,0,740,8,0,82,0,0,1
7,JFK,1705,1935,150,1909,2134,145,1,0,0,740,0,0,138,0,7,1
1,JFK,1705,2106,241,1909,2311,242,1,0,0,740,0,235,1,0,6,1
2,JFK,1705,1729,24,1909,1925,16,1,0,0,740,0,0,3,0,13,1
3,JFK,1705,1742,37,1909,2011,62,1,0,0,740,0,0,47,0,15,1
5,JFK,1705,2003,178,1909,2148,159,1,0,0,740,0,0,154,0,5,1
6,JFK,1705,1835,90,1909,2047,98,1,0,0,740,0,0,98,0,0,1
7,JFK,1705,1834,89,1909,2019,70,1,0,0,740,67,0,0,0,3,1
5,DFW,1827,2054,147,2257,106,129,1,0,0,1372,0,0,129,0,0,1
6,DFW,1827,1836,9,2257,2304,7,0,0,0,1372,0,0,0,0,0,1
7,DFW,1827,1841,14,2257,2306,9,0,0,0,1372,0,0,0,0,0,1
1,DFW,1827,1823,-4,2257,2226,-31,0,0,0,1372,0,0,0,0,0,1
2,DFW,1827,1846,19,2257,2303,6,0,0,0,1372,0,0,0,0,0,1
3,DFW,1827,1837,10,2257,2305,8,0,0,0,1372,0,0,0,0,0,1
4,DFW,1827,2147,200,2257,151,174,1,0,0,1372,85,0,17,0,72,1
6,DFW,1827,1832,5,2257,2343,46,1,0,0,1372,0,5,41,0,0,1
7,DFW,1827,1825,-2,2257,2236,-21,0,0,0,1372,0,0,0,0,0,1
1,DFW,1827,1822,-5,2257,2236,-21,0,0,0,1372,0,0,0,0,0,1
2,DFW,1827,1828,1,2257,2252,-5,0,0,0,1372,0,0,0,0,0,1
3,DFW,1827,1942,75,2257,18,81,1,0,0,1372,0,0,81,0,0,1
4,DFW,1827,1955,88,2257,20,83,1,0,0,1372,0,0,83,0,0,1
5,DFW,1827,1913,46,2257,2323,26,1,0,0,1372,0,0,0,0,26,1
6,DFW,1827,1825,-2,2257,2245,-12,0,0,0,1372,0,0,0,0,0,1
7,DFW,1827,1826,-1,2257,2241,-16,0,0,0,1372,0,0,0,0,0,1
1,DFW,1827,1938,71,2257,2349,52,1,0,0,1372,0,0,0,0,52,1
2,DFW,1827,2046,139,2257,59,122,1,0,0,1372,87,0,0,0,35,1
3,DFW,1827,1829,2,2257,2253,-4,0,0,0,1372,0,0,0,0,0,1
4,DFW,1827,1839,12,2257,2311,14,0,0,0,1372,0,0,0,0,0,1
5,DFW,1827,1826,-1,2257,2245,-12,0,0,0,1372,0,0,0,0,0,1
6,DFW,1827,1829,2,2257,2250,-7,0,0,0,1372,0,0,0,0,0,1
7,DFW,1827,1828,1,2257,2252,-5,0,0,0,1372,0,0,0,0,0,1
2,DFW,1827,1826,-1,2257,2302,5,0,0,0,1372,0,0,0,0,0,1
3,DFW,1827,1900,33,2257,2333,36,1,0,0,1372,0,0,23,0,13,1
4,DFW,1827,2055,148,2257,109,132,1,0,0,1372,12,0,0,0,120,1
5,DFW,1827,1900,33,2257,2325,28,1,0,0,1372,28,0,0,0,0,1
6,DFW,1827,2214,227,2257,219,202,1,0,0,1372,117,0,0,0,85,1
7,DFW,1827,1942,75,2257,108,131,1,0,0,1372,0,0,131,0,0,1
6,JFK,1645,1654,9,2002,2029,27,1,0,0,2475,0,0,18,9,0,1
7,JFK,1645,1640,-5,2002,1940,-22,0,0,0,2475,0,0,0,0,0,1
1,JFK,1645,1642,-3,2002,1936,-26,0,0,0,2475,0,0,0,0,0,1
2,JFK,1645,1639,-6,2002,1925,-37,0,0,0,2475,0,0,0,0,0,1
3,JFK,1645,1643,-2,2002,2000,-2,0,0,0,2475,0,0,0,0,0,1
4,JFK,1645,1650,5,2002,1956,-6,0,0,0,2475,0,0,0,0,0,1
5,JFK,1645,1644,-1,2002,2209,127,1,0,0,2475,0,0,127,0,0,1
6,JFK,1700,1657,-3,2023,2023,0,0,0,0,2475,0,0,0,0,0,1
7,JFK,1645,1639,-6,2002,1942,-20,0,0,0,2475,0,0,0,0,0,1
1,JFK,1645,1749,64,2002,2052,50,1,0,0,2475,50,0,0,0,0,1
2,JFK,1645,1643,-2,2002,1935,-27,0,0,0,2475,0,0,0,0,0,1
3,JFK,1645,1642,-3,2002,1944,-18,0,0,0,2475,0,0,0,0,0,1
4,JFK,1645,1715,30,2002,2037,35,1,0,0,2475,0,29,5,0,1,1
5,JFK,1645,1649,4,2002,2027,25,1,0,0,2475,4,0,21,0,0,1
6,JFK,1700,1810,70,2023,2138,75,1,0,0,2475,0,70,5,0,0,1
7,JFK,1645,1642,-3,2002,1934,-28,0,0,0,2475,0,0,0,0,0,1
1,JFK,1645,1753,68,2002,2107,65,1,0,0,2475,0,0,65,0,0,1
2,JFK,1645,1646,1,2002,2003,1,0,0,0,2475,0,0,0,0,0,1
3,JFK,1645,1645,0,2002,2014,12,0,0,0,2475,0,0,0,0,0,1
4,JFK,1645,1641,-4,2002,1937,-25,0,0,0,2475,0,0,0,0,0,1
5,JFK,1645,1648,3,2002,1957,-5,0,0,0,2475,0,0,0,0,0,1
6,JFK,1700,1709,9,2023,2049,26,1,0,0,2475,9,0,17,0,0,1
7,JFK,1645,1643,-2,2002,1918,-44,0,0,0,2475,0,0,0,0,0,1
1,JFK,1645,1957,192,2002,2306,184,1,0,0,2475,0,184,0,0,0,1
2,JFK,1645,1640,-5,2002,1958,-4,0,0,0,2475,0,0,0,0,0,1
3,JFK,1645,1640,-5,2002,2036,34,1,0,0,2475,0,0,34,0,0,1
4,JFK,1645,1953,188,2002,11,249,1,0,0,2475,0,0,249,0,0,1
5,JFK,1645,1643,-2,2002,1953,-9,0,0,0,2475,0,0,0,0,0,1
6,JFK,1700,1803,63,2023,2226,123,1,0,0,2475,0,0,123,0,0,1
7,JFK,1645,1808,83,2002,2110,68,1,0,0,2475,68,0,0,0,0,1
5,LGA,750,750,0,1035,1018,-17,0,0,0,1389,0,0,0,0,0,1
6,LGA,750,747,-3,1035,1008,-27,0,0,0,1389,0,0,0,0,0,1
7,LGA,750,749,-1,1035,1017,-18,0,0,0,1389,0,0,0,0,0,1
1,LGA,750,744,-6,1035,1100,25,1,0,0,1389,0,0,25,0,0,1
2,LGA,750,755,5,1035,1030,-5,0,0,0,1389,0,0,0,0,0,1
3,LGA,750,746,-4,1035,1027,-8,0,0,0,1389,0,0,0,0,0,1
4,LGA,750,751,1,1035,1007,-28,0,0,0,1389,0,0,0,0,0,1
5,LGA,750,753,3,1035,1035,0,0,0,0,1389,0,0,0,0,0,1
6,LGA,750,748,-2,1035,1033,-2,0,0,0,1389,0,0,0,0,0,1
7,LGA,750,745,-5,1035,1024,-11,0,0,0,1389,0,0,0,0,0,1
1,LGA,750,745,-5,1035,1005,-30,0,0,0,1389,0,0,0,0,0,1
2,LGA,750,750,0,1035,1025,-10,0,0,0,1389,0,0,0,0,0,1
3,LGA,750,744,-6,1035,1008,-27,0,0,0,1389,0,0,0,0,0,1
4,LGA,750,746,-4,1035,1012,-23,0,0,0,1389,0,0,0,0,0,1
5,LGA,750,750,0,1035,1050,15,1,0,0,1389,0,0,15,0,0,1
6,LGA,750,747,-3,1035,1016,-19,0,0,0,1389,0,0,0,0,0,1
7,LGA,750,749,-1,1035,1009,-26,0,0,0,1389,0,0,0,0,0,1
1,LGA,750,745,-5,1035,1011,-24,0,0,0,1389,0,0,0,0,0,1
2,LGA,750,750,0,1035,1017,-18,0,0,0,1389,0,0,0,0,0,1
3,LGA,750,810,20,1035,1032,-3,0,0,0,1389,0,0,0,0,0,1
4,LGA,750,742,-8,1035,951,-44,0,0,0,1389,0,0,0,0,0,1
5,LGA,750,747,-3,1035,959,-36,0,0,0,1389,0,0,0,0,0,1
6,LGA,750,801,11,1035,1041,6,0,0,0,1389,0,0,0,0,0,1
7,LGA,750,750,0,1035,1011,-24,0,0,0,1389,0,0,0,0,0,1
1,LGA,750,750,0,1035,1009,-26,0,0,0,1389,0,0,0,0,0,1
2,LGA,750,749,-1,1035,1011,-24,0,0,0,1389,0,0,0,0,0,1
3,LGA,750,749,-1,1035,1012,-23,0,0,0,1389,0,0,0,0,0,1
4,LGA,750,815,25,1035,1107,32,1,0,0,1389,25,0,7,0,0,1
5,LGA,750,747,-3,1035,1029,-6,0,0,0,1389,0,0,0,0,0,1
6,LGA,750,748,-2,1035,1029,-6,0,0,0,1389,0,0,0,0,0,1
7,LGA,750,818,28,1035,1054,19,1,0,0,1389,19,0,0,0,0,1
2,DFW,1842,1846,4,2330,2310,-20,0,0,0,1391,0,0,0,0,0,1
3,DFW,1842,1846,4,2330,2312,-18,0,0,0,1391,0,0,0,0,0,1
4,DFW,1842,1846,4,2330,2329,-1,0,0,0,1391,0,0,0,0,0,1
5,DFW,1842,1932,50,2330,38,68,1,0,0,1391,0,0,68,0,0,1
6,DFW,1842,1939,57,2330,5,35,1,0,0,1391,0,35,0,0,0,1
7,DFW,1842,1903,21,2330,2339,9,0,0,0,1391,0,0,0,0,0,1
1,DFW,1842,1910,28,2330,2346,16,1,0,0,1391,7,0,0,0,9,1
2,DFW,1842,1842,0,2330,2315,-15,0,0,0,1391,0,0,0,0,0,1
3,DFW,1842,1937,55,2330,6,36,1,0,0,1391,1,0,0,0,35,1
4,DFW,1842,1852,10,2330,2333,3,0,0,0,1391,0,0,0,0,0,1
5,DFW,1842,2019,97,2330,34,64,1,0,0,1391,19,0,0,0,45,1
6,DFW,1842,1838,-4,2330,2325,-5,0,0,0,1391,0,0,0,0,0,1
7,DFW,1842,1837,-5,2330,2304,-26,0,0,0,1391,0,0,0,0,0,1
1,DFW,1842,1850,8,2330,2331,1,0,0,0,1391,0,0,0,0,0,1
2,DFW,1842,1849,7,2330,2324,-6,0,0,0,1391,0,0,0,0,0,1
3,DFW,1842,1845,3,2330,2313,-17,0,0,0,1391,0,0,0,0,0,1
4,DFW,1842,1927,45,2330,7,37,1,0,0,1391,0,0,37,0,0,1
5,DFW,1842,1856,14,2330,2346,16,1,0,0,1391,14,0,2,0,0,1
6,DFW,1842,1839,-3,2330,2308,-22,0,0,0,1391,0,0,0,0,0,1
7,DFW,1842,1841,-1,2330,2324,-6,0,0,0,1391,0,0,0,0,0,1
2,DFW,1842,1951,69,2330,30,60,1,0,0,1391,20,0,0,0,40,1
3,DFW,1842,1842,0,2330,2331,1,0,0,0,1391,0,0,0,0,0,1
4,DFW,1842,1857,15,2330,2339,9,0,0,0,1391,0,0,0,0,0,1
5,DFW,1842,1835,-7,2330,2309,-21,0,0,0,1391,0,0,0,0,0,1
6,DFW,1842,1841,-1,2330,2307,-23,0,0,0,1391,0,0,0,0,0,1
7,DFW,1842,2005,83,2330,44,74,1,0,0,1391,0,0,74,0,0,1
5,DFW,1810,1814,4,2240,21,101,1,0,0,1389,0,0,101,0,0,1
6,DFW,1810,1813,3,2240,2215,-25,0,0,0,1389,0,0,0,0,0,1
7,DFW,1810,1937,87,2240,2344,64,1,0,0,1389,8,0,0,0,56,1
1,DFW,1810,1948,98,2240,2354,74,1,0,0,1389,0,0,0,0,74,1
5,ATL,815,810,-5,1019,1016,-3,0,0,0,594,0,0,0,0,0,1
6,ATL,815,813,-2,1019,1012,-7,0,0,0,594,0,0,0,0,0,1
7,ATL,815,813,-2,1019,1011,-8,0,0,0,594,0,0,0,0,0,1
1,ATL,815,808,-7,1019,1009,-10,0,0,0,594,0,0,0,0,0,1
2,ATL,815,811,-4,1019,1019,0,0,0,0,594,0,0,0,0,0,1
3,ATL,815,808,-7,1019,1003,-16,0,0,0,594,0,0,0,0,0,1
4,ATL,815,812,-3,1019,1014,-5,0,0,0,594,0,0,0,0,0,1
5,ATL,815,812,-3,1019,1013,-6,0,0,0,594,0,0,0,0,0,1
6,ATL,815,811,-4,1019,1007,-12,0,0,0,594,0,0,0,0,0,1
7,ATL,815,807,-8,1019,1005,-14,0,0,0,594,0,0,0,0,0,1
1,ATL,815,809,-6,1019,1008,-11,0,0,0,594,0,0,0,0,0,1
2,ATL,815,809,-6,1019,1003,-16,0,0,0,594,0,0,0,0,0,1
3,ATL,815,814,-1,1019,1018,-1,0,0,0,594,0,0,0,0,0,1
4,ATL,815,812,-3,1019,1006,-13,0,0,0,594,0,0,0,0,0,1
5,ATL,815,813,-2,1019,1006,-13,0,0,0,594,0,0,0,0,0,1
6,ATL,815,821,6,1019,1022,3,0,0,0,594,0,0,0,0,0,1
7,ATL,815,812,-3,1019,1013,-6,0,0,0,594,0,0,0,0,0,1
1,ATL,815,810,-5,1019,1005,-14,0,0,0,594,0,0,0,0,0,1
2,ATL,815,809,-6,1019,957,-22,0,0,0,594,0,0,0,0,0,1
3,ATL,815,811,-4,1019,1002,-17,0,0,0,594,0,0,0,0,0,1
4,ATL,815,807,-8,1019,1032,13,0,0,0,594,0,0,0,0,0,1
5,ATL,815,812,-3,1019,958,-21,0,0,0,594,0,0,0,0,0,1
6,ATL,815,811,-4,1019,1006,-13,0,0,0,594,0,0,0,0,0,1
7,ATL,815,808,-7,1019,955,-24,0,0,0,594,0,0,0,0,0,1
1,ATL,815,809,-6,1019,1000,-19,0,0,0,594,0,0,0,0,0,1
2,ATL,815,813,-2,1019,1015,-4,0,0,0,594,0,0,0,0,0,1
3,ATL,815,810,-5,1019,1011,-8,0,0,0,594,0,0,0,0,0,1
4,ATL,815,813,-2,1019,1011,-8,0,0,0,594,0,0,0,0,0,1
5,ATL,815,810,-5,1019,1003,-16,0,0,0,594,0,0,0,0,0,1
6,ATL,815,811,-4,1019,1005,-14,0,0,0,594,0,0,0,0,0,1
7,ATL,815,815,0,1019,1007,-12,0,0,0,594,0,0,0,0,0,1
6,LAS,1908,1958,50,2025,2143,78,1,0,0,236,2,0,28,0,48,1
7,LAS,1908,1915,7,2025,2051,26,1,0,0,236,0,0,19,0,7,1
1,LAS,1908,1943,35,2025,2056,31,1,0,0,236,4,0,0,0,27,1
2,LAS,1908,1904,-4,2025,2019,-6,0,0,0,236,0,0,0,0,0,1
3,LAS,1908,1933,25,2025,2105,40,1,0,0,236,0,0,15,0,25,1
4,LAS,1908,1916,8,2025,2051,26,1,0,0,236,5,0,18,0,3,1
5,LAS,1908,1928,20,2025,2042,17,1,0,0,236,0,0,0,0,17,1
6,LAS,1908,2013,65,2025,2134,69,1,0,0,236,1,0,4,0,64,1
7,LAS,1908,1922,14,2025,2026,1,0,0,0,236,0,0,0,0,0,1
5,DFW,1700,1703,3,1831,1822,-9,0,0,0,431,0,0,0,0,0,1
6,DFW,1700,1740,40,1831,1851,20,1,0,0,431,0,0,0,0,20,1
7,DFW,1700,1709,9,1831,1828,-3,0,0,0,431,0,0,0,0,0,1
1,DFW,1700,1725,25,1831,1912,41,1,0,0,431,0,0,16,0,25,1
2,DFW,1700,1756,56,1831,1915,44,1,0,0,431,0,0,0,0,44,1
3,DFW,1700,1654,-6,1831,1819,-12,0,0,0,431,0,0,0,0,0,1
4,DFW,1700,1654,-6,1831,1818,-13,0,0,0,431,0,0,0,0,0,1
5,DFW,1700,1752,52,1831,1919,48,1,0,0,431,0,0,0,0,48,1
6,DFW,1700,1739,39,1831,2007,96,1,0,0,431,0,39,57,0,0,1
7,DFW,1700,1731,31,1831,1856,25,1,0,0,431,25,0,0,0,0,1
1,DFW,1700,1746,46,1831,1905,34,1,0,0,431,1,0,0,0,33,1
2,DFW,1700,1817,77,1831,1939,68,1,0,0,431,26,0,0,0,42,1
3,DFW,1700,1655,-5,1831,1836,5,0,0,0,431,0,0,0,0,0,1
4,DFW,1700,1754,54,1831,1914,43,1,0,0,431,1,0,0,0,42,1
5,DFW,1700,1756,56,1831,1917,46,1,0,0,431,32,0,0,0,14,1
6,DFW,1700,1658,-2,1831,1824,-7,0,0,0,431,0,0,0,0,0,1
7,DFW,1700,1653,-7,1831,1818,-13,0,0,0,431,0,0,0,0,0,1
1,DFW,1700,1653,-7,1831,1822,-9,0,0,0,431,0,0,0,0,0,1
2,DFW,1700,1719,19,1831,1835,4,0,0,0,431,0,0,0,0,0,1
3,DFW,1700,1733,33,1831,1847,16,1,0,0,431,0,0,0,0,16,1
4,DFW,1700,1725,25,1831,1850,19,1,0,0,431,0,0,0,0,19,1
5,DFW,1700,1657,-3,1831,1828,-3,0,0,0,431,0,0,0,0,0,1
6,DFW,1700,1659,-1,1831,1835,4,0,0,0,431,0,0,0,0,0,1
7,DFW,1747,1745,-2,1914,1913,-1,0,0,0,431,0,0,0,0,0,1
1,DFW,1700,1850,110,1831,2020,109,1,0,0,431,0,25,0,0,84,1
2,DFW,1700,1730,30,1831,1911,40,1,0,0,431,0,0,10,0,30,1
3,DFW,1700,2133,273,1831,2302,271,1,0,0,431,89,0,0,0,182,1
4,DFW,1700,1730,30,1831,1930,59,1,0,0,431,30,0,29,0,0,1
5,DFW,1700,1830,90,1831,1957,86,1,0,0,431,8,0,0,0,78,1
6,DFW,1700,1726,26,1831,1908,37,1,0,0,431,0,0,11,0,26,1
7,DFW,1700,1759,59,1831,1917,46,1,0,0,431,5,0,0,0,41,1
5,SLC,1335,1356,21,1714,1729,15,1,0,0,989,3,0,0,0,12,1
6,SLC,1335,1326,-9,1714,1647,-27,0,0,0,989,0,0,0,0,0,1
7,SLC,1335,1356,21,1714,1727,13,0,0,0,989,0,0,0,0,0,1
1,SLC,1335,1329,-6,1714,1708,-6,0,0,0,989,0,0,0,0,0,1
2,SLC,1335,1335,0,1714,1701,-13,0,0,0,989,0,0,0,0,0,1
3,SLC,1335,1327,-8,1714,1646,-28,0,0,0,989,0,0,0,0,0,1
4,SLC,1335,1345,10,1714,1716,2,0,0,0,989,0,0,0,0,0,1
5,SLC,1335,1335,0,1714,1714,0,0,0,0,989,0,0,0,0,0,1
6,SLC,1335,1334,-1,1714,1759,45,1,0,0,989,0,0,45,0,0,1
7,SLC,1335,1331,-4,1714,1706,-8,0,0,0,989,0,0,0,0,0,1
1,SLC,1335,1330,-5,1714,1648,-26,0,0,0,989,0,0,0,0,0,1
2,SLC,1335,1329,-6,1714,1652,-22,0,0,0,989,0,0,0,0,0,1
3,SLC,1335,1329,-6,1714,1657,-17,0,0,0,989,0,0,0,0,0,1
4,SLC,1335,1335,0,1714,1704,-10,0,0,0,989,0,0,0,0,0,1
5,SLC,1335,1330,-5,1714,1702,-12,0,0,0,989,0,0,0,0,0,1
6,SLC,1335,1329,-6,1714,1655,-19,0,0,0,989,0,0,0,0,0,1
7,SLC,1335,1334,-1,1714,1714,0,0,0,0,989,0,0,0,0,0,1
1,SLC,1335,1333,-2,1714,1711,-3,0,0,0,989,0,0,0,0,0,1
2,SLC,1335,1327,-8,1714,1715,1,0,0,0,989,0,0,0,0,0,1
3,SLC,1335,1343,8,1714,1721,7,0,0,0,989,0,0,0,0,0,1
4,SLC,1335,1332,-3,1714,1708,-6,0,0,0,989,0,0,0,0,0,1
5,SLC,1335,1332,-3,1714,1731,17,1,0,0,989,0,0,17,0,0,1
6,SLC,1335,1336,1,1714,1701,-13,0,0,0,989,0,0,0,0,0,1
7,SLC,1335,1329,-6,1714,1706,-8,0,0,0,989,0,0,0,0,0,1
1,SLC,1335,1335,0,1714,1705,-9,0,0,0,989,0,0,0,0,0,1
2,SLC,1335,1332,-3,1714,1705,-9,0,0,0,989,0,0,0,0,0,1
3,SLC,1335,1326,-9,1714,1724,10,0,0,0,989,0,0,0,0,0,1
4,SLC,1335,1335,0,1714,1657,-17,0,0,0,989,0,0,0,0,0,1
5,SLC,1335,1334,-1,1714,1654,-20,0,0,0,989,0,0,0,0,0,1
6,SLC,1335,1330,-5,1714,1708,-6,0,0,0,989,0,0,0,0,0,1
7,SLC,1335,1346,11,1714,1717,3,0,0,0,989,0,0,0,0,0,1
5,DFW,2210,2207,-3,2355,2338,-17,0,0,0,989,0,0,0,0,0,1
6,DFW,2210,2207,-3,2355,2359,4,0,0,0,989,0,0,0,0,0,1
7,DFW,2210,2205,-5,2355,8,13,0,0,0,989,0,0,0,0,0,1
1,DFW,2210,2207,-3,2355,3,8,0,0,0,989,0,0,0,0,0,1
2,DFW,2210,2209,-1,2355,2347,-8,0,0,0,989,0,0,0,0,0,1
3,DFW,2210,2218,8,2355,2,7,0,0,0,989,0,0,0,0,0,1
4,DFW,2210,2228,18,2355,11,16,1,0,0,989,16,0,0,0,0,1
5,DFW,2210,2225,15,2355,13,18,1,0,0,989,15,0,3,0,0,1
6,DFW,2210,2306,56,2355,41,46,1,0,0,989,0,46,0,0,0,1
7,DFW,2210,2245,35,2355,27,32,1,0,0,989,5,0,0,0,27,1
1,DFW,2210,2208,-2,2355,2357,2,0,0,0,989,0,0,0,0,0,1
2,DFW,2210,2203,-7,2355,2355,0,0,0,0,989,0,0,0,0,0,1
3,DFW,2210,2208,-2,2355,10,15,1,0,0,989,0,0,15,0,0,1
4,DFW,2210,2209,-1,2355,2349,-6,0,0,0,989,0,0,0,0,0,1
5,DFW,2210,2,112,2355,147,112,1,0,0,989,0,0,0,0,112,1
6,DFW,2210,2210,0,2355,2340,-15,0,0,0,989,0,0,0,0,0,1
7,DFW,2210,2204,-6,2355,2341,-14,0,0,0,989,0,0,0,0,0,1
1,DFW,2210,2222,12,2355,2351,-4,0,0,0,989,0,0,0,0,0,1
2,DFW,2210,2211,1,2355,2342,-13,0,0,0,989,0,0,0,0,0,1
3,DFW,2210,2205,-5,2355,2335,-20,0,0,0,989,0,0,0,0,0,1
4,DFW,2210,2215,5,2355,2353,-2,0,0,0,989,0,0,0,0,0,1
5,DFW,2210,2214,4,2355,2346,-9,0,0,0,989,0,0,0,0,0,1
6,DFW,2210,2204,-6,2355,2338,-17,0,0,0,989,0,0,0,0,0,1
7,DFW,2210,2210,0,2355,2344,-11,0,0,0,989,0,0,0,0,0,1
1,DFW,2210,2330,80,2355,58,63,1,0,0,989,20,0,0,0,43,1
2,DFW,2210,2231,21,2355,3,8,0,0,0,989,0,0,0,0,0,1
3,DFW,2210,14,124,2355,143,108,1,0,0,989,108,0,0,0,0,1
5,DFW,2210,2227,17,2355,11,16,1,0,0,989,15,0,0,0,1,1
6,DFW,2210,2236,26,2355,14,19,1,0,0,989,0,0,0,0,19,1
7,DFW,2210,723,553,2355,902,547,1,0,0,989,547,0,0,0,0,1
5,DEN,1815,1820,5,2112,2132,20,1,0,0,641,0,0,15,0,5,1
6,DEN,1815,1847,32,2112,2131,19,1,0,0,641,4,0,0,0,15,1
7,DEN,1815,1816,1,2112,2128,16,1,0,0,641,0,0,15,0,1,1
1,DEN,1815,1813,-2,2112,2104,-8,0,0,0,641,0,0,0,0,0,1
2,DEN,1820,1813,-7,2117,2123,6,0,0,0,641,0,0,0,0,0,1
3,DEN,1820,1918,58,2117,2206,49,1,0,0,641,4,0,0,0,45,1
4,DEN,1820,1829,9,2117,2111,-6,0,0,0,641,0,0,0,0,0,1
5,DEN,1820,1833,13,2117,2132,15,1,0,0,641,0,0,2,0,13,1
6,DEN,1820,1926,66,2117,2210,53,1,0,0,641,16,0,0,0,37,1
7,DEN,1820,1942,82,2117,2244,87,1,0,0,641,82,0,5,0,0,1
1,DEN,1820,1837,17,2117,2117,0,0,0,0,641,0,0,0,0,0,1
2,DEN,1820,1816,-4,2117,2103,-14,0,0,0,641,0,0,0,0,0,1
3,DEN,1820,1820,0,2117,2110,-7,0,0,0,641,0,0,0,0,0,1
4,DEN,1820,1853,33,2117,2154,37,1,0,0,641,12,0,4,0,21,1
5,DEN,1820,1940,80,2117,2236,79,1,0,0,641,16,0,0,0,63,1
6,DEN,1820,1822,2,2117,2112,-5,0,0,0,641,0,0,0,0,0,1
7,DEN,1820,1829,9,2117,2121,4,0,0,0,641,0,0,0,0,0,1
1,DEN,1820,1818,-2,2117,2116,-1,0,0,0,641,0,0,0,0,0,1
2,DEN,1820,1814,-6,2117,2106,-11,0,0,0,641,0,0,0,0,0,1
3,DEN,1820,1819,-1,2117,2113,-4,0,0,0,641,0,0,0,0,0,1
5,DEN,1820,1249,1109,2117,1547,1110,1,0,0,641,41,0,1,0,1068,1
6,DEN,1820,1855,35,2117,2238,81,1,0,0,641,16,0,46,0,19,1
7,DEN,1820,1833,13,2117,2149,32,1,0,0,641,3,0,19,0,10,1
1,DEN,1820,2047,147,2117,2342,145,1,0,0,641,28,0,0,0,117,1
2,DEN,1820,1851,31,2117,2138,21,1,0,0,641,1,0,0,0,20,1
3,DEN,1820,1951,91,2117,2243,86,1,0,0,641,0,0,0,0,86,1
4,DEN,1820,1856,36,2117,2145,28,1,0,0,641,9,0,0,0,19,1
5,DEN,1820,1930,70,2117,2223,66,1,0,0,641,1,0,0,0,65,1
6,DEN,1820,1817,-3,2117,2106,-11,0,0,0,641,0,0,0,0,0,1
7,DEN,1820,1956,96,2117,2249,92,1,0,0,641,4,0,0,0,88,1
5,DFW,1859,1902,3,2006,2020,14,0,0,0,641,0,0,0,0,0,1
6,DFW,1859,1932,33,2006,2046,40,1,0,0,641,4,0,7,0,29,1
7,DFW,1859,1853,-6,2006,1956,-10,0,0,0,641,0,0,0,0,0,1
1,DFW,1859,1917,18,2006,2010,4,0,0,0,641,0,0,0,0,0,1
2,DFW,1905,2008,63,2009,2100,51,1,0,0,641,0,0,0,0,51,1
3,DFW,1905,1906,1,2009,2006,-3,0,0,0,641,0,0,0,0,0,1
4,DFW,1905,1936,31,2009,2041,32,1,0,0,641,31,0,1,0,0,1
5,DFW,1905,2152,167,2009,2336,207,1,0,0,641,137,0,40,0,30,1
6,DFW,1905,2127,142,2009,2227,138,1,0,0,641,0,0,0,0,138,1
7,DFW,1905,1910,5,2009,2039,30,1,0,0,641,5,0,25,0,0,1
1,DFW,1905,1902,-3,2009,2002,-7,0,0,0,641,0,0,0,0,0,1
2,DFW,1905,1910,5,2009,2003,-6,0,0,0,641,0,0,0,0,0,1
3,DFW,1905,1956,51,2009,2051,42,1,0,0,641,42,0,0,0,0,1
4,DFW,1905,1953,48,2009,2048,39,1,0,0,641,39,0,0,0,0,1
5,DFW,1905,1937,32,2009,2059,50,1,0,0,641,0,0,18,0,32,1
6,DFW,1905,1903,-2,2009,1959,-10,0,0,0,641,0,0,0,0,0,1
7,DFW,1905,1915,10,2009,2042,33,1,0,0,641,0,0,23,0,10,1
1,DFW,1905,2321,256,2009,11,242,1,0,0,641,62,0,0,0,180,1
2,DFW,1905,1918,13,2009,2048,39,1,0,0,641,0,0,26,0,13,1
3,DFW,1905,1928,23,2009,2021,12,0,0,0,641,0,0,0,0,0,1
4,DFW,1905,1901,-4,2009,2004,-5,0,0,0,641,0,0,0,0,0,1
5,DFW,1905,1902,-3,2009,2008,-1,0,0,0,641,0,0,0,0,0,1
6,DFW,1905,1904,-1,2009,2032,23,1,0,0,641,0,0,23,0,0,1
7,DFW,1905,1905,0,2009,2032,23,1,0,0,641,0,0,23,0,0,1
1,DFW,1905,2158,173,2009,2252,163,1,0,0,641,155,0,0,0,8,1
2,DFW,1905,1916,11,2009,2027,18,1,0,0,641,11,0,7,0,0,1
3,DFW,1905,2129,144,2009,2232,143,1,0,0,641,21,0,0,0,122,1
4,DFW,1905,1924,19,2009,2036,27,1,0,0,641,10,0,8,0,9,1
5,DFW,1905,1901,-4,2009,1959,-10,0,0,0,641,0,0,0,0,0,1
6,DFW,1905,1911,6,2009,2011,2,0,0,0,641,0,0,0,0,0,1
7,DFW,1905,2008,63,2009,2108,59,1,0,0,641,0,0,0,0,59,1
2,LAX,800,755,-5,1636,1717,41,1,0,0,2475,0,0,41,0,0,1
3,LAX,800,758,-2,1636,1612,-24,0,0,0,2475,0,0,0,0,0,1
4,LAX,800,753,-7,1636,1602,-34,0,0,0,2475,0,0,0,0,0,1
5,LAX,800,757,-3,1636,1844,128,1,0,0,2475,0,0,128,0,0,1
6,LAX,800,754,-6,1636,1640,4,0,0,0,2475,0,0,0,0,0,1
7,LAX,800,752,-8,1636,1613,-23,0,0,0,2475,0,0,0,0,0,1
1,LAX,800,754,-6,1636,1605,-31,0,0,0,2475,0,0,0,0,0,1
2,LAX,800,803,3,1636,1614,-22,0,0,0,2475,0,0,0,0,0,1
3,LAX,800,756,-4,1636,1609,-27,0,0,0,2475,0,0,0,0,0,1
4,LAX,800,753,-7,1636,1630,-6,0,0,0,2475,0,0,0,0,0,1
5,LAX,800,756,-4,1636,1609,-27,0,0,0,2475,0,0,0,0,0,1
6,LAX,800,755,-5,1636,1624,-12,0,0,0,2475,0,0,0,0,0,1
7,LAX,800,755,-5,1636,1615,-21,0,0,0,2475,0,0,0,0,0,1
1,LAX,800,754,-6,1636,1641,5,0,0,0,2475,0,0,0,0,0,1
2,LAX,800,756,-4,1636,1633,-3,0,0,0,2475,0,0,0,0,0,1
3,LAX,800,756,-4,1636,1627,-9,0,0,0,2475,0,0,0,0,0,1
4,LAX,800,753,-7,1636,1644,8,0,0,0,2475,0,0,0,0,0,1
5,LAX,800,757,-3,1636,1621,-15,0,0,0,2475,0,0,0,0,0,1
6,LAX,800,753,-7,1636,1621,-15,0,0,0,2475,0,0,0,0,0,1
7,LAX,800,759,-1,1636,1618,-18,0,0,0,2475,0,0,0,0,0,1
2,LAX,800,1059,179,1636,1921,165,1,0,0,2475,165,0,0,0,0,1
3,LAX,800,806,6,1636,1637,1,0,0,0,2475,0,0,0,0,0,1
4,LAX,800,842,42,1636,1717,41,1,0,0,2475,29,0,12,0,0,1
5,LAX,800,806,6,1636,1624,-12,0,0,0,2475,0,0,0,0,0,1
6,LAX,800,800,0,1636,1733,57,1,0,0,2475,0,0,57,0,0,1
7,LAX,800,801,1,1636,1629,-7,0,0,0,2475,0,0,0,0,0,1
2,JFK,1800,1810,10,2126,2109,-17,0,0,0,2475,0,0,0,0,0,1
3,JFK,1800,1753,-7,2126,2115,-11,0,0,0,2475,0,0,0,0,0,1
4,JFK,1800,1917,77,2126,2228,62,1,0,0,2475,62,0,0,0,0,1
5,JFK,1800,1804,4,2126,2228,62,1,0,0,2475,0,0,62,0,0,1
6,JFK,1800,1814,14,2126,2143,17,1,0,0,2475,0,0,17,0,0,1
7,JFK,1800,1829,29,2126,2132,6,0,0,0,2475,0,0,0,0,0,1
1,JFK,1800,1800,0,2126,2143,17,1,0,0,2475,0,0,17,0,0,1
2,JFK,1800,1832,32,2126,2145,19,1,0,0,2475,0,0,19,0,0,1
3,JFK,1800,1758,-2,2126,2108,-18,0,0,0,2475,0,0,0,0,0,1
4,JFK,1800,1917,77,2126,2233,67,1,0,0,2475,0,67,0,0,0,1
5,JFK,1800,1804,4,2126,2108,-18,0,0,0,2475,0,0,0,0,0,1
6,JFK,1800,1805,5,2126,2141,15,1,0,0,2475,5,0,10,0,0,1
7,JFK,1800,1758,-2,2126,2110,-16,0,0,0,2475,0,0,0,0,0,1
1,JFK,1800,1900,60,2126,2339,133,1,0,0,2475,0,0,133,0,0,1
2,JFK,1800,1801,1,2126,2114,-12,0,0,0,2475,0,0,0,0,0,1
3,JFK,1800,1800,0,2126,2043,-43,0,0,0,2475,0,0,0,0,0,1
4,JFK,1800,1946,106,2126,2229,63,1,0,0,2475,4,0,0,0,59,1
5,JFK,1800,1758,-2,2126,2115,-11,0,0,0,2475,0,0,0,0,0,1
6,JFK,1800,1756,-4,2126,2120,-6,0,0,0,2475,0,0,0,0,0,1
7,JFK,1800,1757,-3,2126,2106,-20,0,0,0,2475,0,0,0,0,0,1
1,JFK,1800,2230,270,2126,101,215,1,0,0,2475,0,19,0,0,196,1
2,JFK,1800,1901,61,2126,2237,71,1,0,0,2475,23,0,10,0,38,1
3,JFK,1800,1838,38,2126,2217,51,1,0,0,2475,38,0,13,0,0,1
4,JFK,1800,1824,24,2126,2205,39,1,0,0,2475,0,0,32,0,7,1
5,JFK,1800,1759,-1,2126,2056,-30,0,0,0,2475,0,0,0,0,0,1
6,JFK,1800,1918,78,2126,2257,91,1,0,0,2475,0,0,68,0,23,1
7,JFK,1800,2100,180,2126,31,185,1,0,0,2475,64,0,5,0,116,1
5,BOS,1740,2101,201,1904,103,359,1,0,0,187,0,0,359,0,0,1
6,BOS,1740,1735,-5,1904,1905,1,0,0,0,187,0,0,0,0,0,1
7,BOS,1740,1734,-6,1904,1851,-13,0,0,0,187,0,0,0,0,0,1
1,BOS,1740,1736,-4,1904,1902,-2,0,0,0,187,0,0,0,0,0,1
2,BOS,1740,1808,28,1904,1916,12,0,0,0,187,0,0,0,0,0,1
3,BOS,1740,1738,-2,1904,1856,-8,0,0,0,187,0,0,0,0,0,1
4,BOS,1740,1103,1043,1904,1214,1030,1,0,0,187,929,0,0,0,101,1
5,BOS,1740,1941,121,1904,2105,121,1,0,0,187,0,0,121,0,0,1
7,BOS,1740,1734,-6,1904,1849,-15,0,0,0,187,0,0,0,0,0,1
1,BOS,1740,1750,10,1904,1856,-8,0,0,0,187,0,0,0,0,0,1
2,BOS,1740,1911,91,1904,2036,92,1,0,0,187,0,0,1,0,91,1
3,BOS,1740,1804,24,1904,1923,19,1,0,0,187,0,0,19,0,0,1
4,BOS,1740,1930,110,1904,2108,124,1,0,0,187,0,0,88,0,36,1
5,BOS,1740,1909,89,1904,2040,96,1,0,0,187,7,0,7,0,82,1
6,BOS,1740,1752,12,1904,1915,11,0,0,0,187,0,0,0,0,0,1
7,BOS,1740,1736,-4,1904,1849,-15,0,0,0,187,0,0,0,0,0,1
2,BOS,1740,1919,99,1904,2051,107,1,0,0,187,0,0,77,0,30,1
3,BOS,1740,1822,42,1904,1938,34,1,0,0,187,0,0,0,0,34,1
4,BOS,1740,1948,128,1904,2115,131,1,0,0,187,0,0,3,0,128,1
6,BOS,1740,1733,-7,1904,1848,-16,0,0,0,187,0,0,0,0,0,1
7,BOS,1740,1745,5,1904,1900,-4,0,0,0,187,0,0,0,0,0,1
2,BOS,1740,1734,-6,1904,1910,6,0,0,0,187,0,0,0,0,0,1
3,BOS,1740,1737,-3,1904,1916,12,0,0,0,187,0,0,0,0,0,1
4,BOS,1740,1918,98,1904,2050,106,1,0,0,187,0,0,106,0,0,1
5,BOS,1740,1744,4,1904,1855,-9,0,0,0,187,0,0,0,0,0,1
7,BOS,1740,846,906,1904,1048,944,1,0,0,187,688,0,38,0,218,1
7,JFK,2000,1956,-4,2340,2320,-20,0,0,0,2586,0,0,0,0,0,1
1,JFK,2000,1956,-4,2340,2313,-27,0,0,0,2586,0,0,0,0,0,1
2,JFK,2000,2054,54,2340,14,34,1,0,0,2586,34,0,0,0,0,1
3,JFK,2000,1956,-4,2340,2309,-31,0,0,0,2586,0,0,0,0,0,1
4,JFK,2000,2009,9,2340,3,23,1,0,0,2586,0,0,23,0,0,1
5,JFK,2000,2200,120,2340,219,159,1,0,0,2586,0,0,49,0,110,1
7,JFK,2000,1954,-6,2340,2314,-26,0,0,0,2586,0,0,0,0,0,1
1,JFK,2000,1955,-5,2340,2304,-36,0,0,0,2586,0,0,0,0,0,1
2,JFK,2000,1952,-8,2340,2332,-8,0,0,0,2586,0,0,0,0,0,1
3,JFK,2000,2013,13,2340,7,27,1,0,0,2586,0,0,14,0,13,1
4,JFK,2000,2205,125,2340,121,101,1,0,0,2586,10,0,0,0,91,1
5,JFK,2000,2141,101,2340,140,120,1,0,0,2586,16,0,19,0,85,1
7,JFK,2000,1956,-4,2340,2335,-5,0,0,0,2586,0,0,0,0,0,1
1,JFK,2000,811,731,2340,1113,693,1,0,0,2586,0,0,24,0,669,1
2,JFK,2000,1959,-1,2340,2328,-12,0,0,0,2586,0,0,0,0,0,1
3,JFK,2000,1956,-4,2340,2247,-53,0,0,0,2586,0,0,0,0,0,1
4,JFK,2000,159,359,2340,502,322,1,0,0,2586,17,0,0,0,305,1
5,JFK,2000,2241,161,2340,142,122,1,0,0,2586,7,0,0,0,115,1
7,JFK,2000,2012,12,2340,5,25,1,0,0,2586,12,0,13,0,0,1
2,JFK,2000,1958,-2,2340,2316,-24,0,0,0,2586,0,0,0,0,0,1
3,JFK,2000,2055,55,2340,18,38,1,0,0,2586,10,0,0,0,28,1
4,JFK,2000,2138,98,2340,101,81,1,0,0,2586,2,0,0,0,79,1
5,JFK,2000,2000,0,2340,2318,-22,0,0,0,2586,0,0,0,0,0,1
7,JFK,2000,2037,37,2340,2356,16,1,0,0,2586,9,0,0,0,7,1
5,ORD,2020,2017,-3,2243,2236,-7,0,0,0,1739,0,0,0,0,0,1
1,ORD,2020,2018,-2,2243,2240,-3,0,0,0,1739,0,0,0,0,0,1
2,ORD,2020,2014,-6,2243,2236,-7,0,0,0,1739,0,0,0,0,0,1
3,ORD,2020,2018,-2,2243,2250,7,0,0,0,1739,0,0,0,0,0,1
4,ORD,2020,2117,57,2243,2338,55,1,0,0,1739,7,0,0,0,48,1
5,ORD,2020,2014,-6,2243,2249,6,0,0,0,1739,0,0,0,0,0,1
7,ORD,2020,2038,18,2243,2246,3,0,0,0,1739,0,0,0,0,0,1
1,ORD,2020,2107,47,2243,2314,31,1,0,0,1739,31,0,0,0,0,1
2,ORD,2020,2155,95,2243,19,96,1,0,0,1739,0,0,1,0,95,1
4,ORD,2020,2016,-4,2243,2238,-5,0,0,0,1739,0,0,0,0,0,1
5,ORD,2020,2027,7,2243,2255,12,0,0,0,1739,0,0,0,0,0,1
6,ORD,2020,2019,-1,2243,2239,-4,0,0,0,1739,0,0,0,0,0,1
7,ORD,2020,2016,-4,2243,2237,-6,0,0,0,1739,0,0,0,0,0,1
1,ORD,2020,2113,53,2243,2332,49,1,0,0,1739,0,0,0,0,49,1
2,ORD,2020,2044,24,2243,2258,15,1,0,0,1739,6,0,0,0,9,1
3,ORD,2020,2040,20,2243,2300,17,1,0,0,1739,0,0,0,0,17,1
5,ORD,2020,2017,-3,2243,2236,-7,0,0,0,1739,0,0,0,0,0,1
7,ORD,2020,2213,113,2243,29,106,1,0,0,1739,0,8,0,0,98,1
1,ORD,2020,2134,74,2243,2337,54,1,0,0,1739,54,0,0,0,0,1
2,ORD,2020,2036,16,2243,2309,26,1,0,0,1739,8,0,10,0,8,1
3,ORD,2020,2039,19,2243,2303,20,1,0,0,1739,6,0,1,0,13,1
4,ORD,2020,2025,5,2243,2247,4,0,0,0,1739,0,0,0,0,0,1
5,ORD,2020,2335,195,2243,136,173,1,0,0,1739,51,0,0,0,122,1
6,ORD,2020,2135,75,2243,2349,66,1,0,0,1739,0,0,0,0,66,1
7,ORD,2020,2117,57,2243,2340,57,1,0,0,1739,57,0,0,0,0,1
5,DFW,1850,1908,18,2035,2039,4,0,0,0,989,0,0,0,0,0,1
6,DFW,1850,1850,0,2035,2035,0,0,0,0,989,0,0,0,0,0,1
7,DFW,1850,1929,39,2035,2111,36,1,0,0,989,0,0,0,0,36,1
1,DFW,1850,1948,58,2035,2118,43,1,0,0,989,32,0,0,0,11,1
2,DFW,1850,1852,2,2035,2034,-1,0,0,0,989,0,0,0,0,0,1
3,DFW,1850,1848,-2,2035,2035,0,0,0,0,989,0,0,0,0,0,1
4,DFW,1850,1849,-1,2035,2039,4,0,0,0,989,0,0,0,0,0,1
5,DFW,1850,1846,-4,2035,2038,3,0,0,0,989,0,0,0,0,0,1
6,DFW,1850,2012,82,2035,2155,80,1,0,0,989,0,24,0,0,56,1
7,DFW,1850,1850,0,2035,2024,-11,0,0,0,989,0,0,0,0,0,1
1,DFW,1850,1908,18,2035,2041,6,0,0,0,989,0,0,0,0,0,1
2,DFW,1850,1847,-3,2035,2030,-5,0,0,0,989,0,0,0,0,0,1
3,DFW,1850,1857,7,2035,2034,-1,0,0,0,989,0,0,0,0,0,1
4,DFW,1850,1852,2,2035,2039,4,0,0,0,989,0,0,0,0,0,1
5,DFW,1850,1904,14,2035,2047,12,0,0,0,989,0,0,0,0,0,1
6,DFW,1850,1905,15,2035,2035,0,0,0,0,989,0,0,0,0,0,1
7,DFW,1850,1909,19,2035,2041,6,0,0,0,989,0,0,0,0,0,1
1,DFW,1850,1852,2,2035,2032,-3,0,0,0,989,0,0,0,0,0,1
2,DFW,1850,1930,40,2035,2112,37,1,0,0,989,0,0,0,0,37,1
3,DFW,1850,1907,17,2035,2040,5,0,0,0,989,0,0,0,0,0,1
4,DFW,1850,1847,-3,2035,2018,-17,0,0,0,989,0,0,0,0,0,1
5,DFW,1850,1852,2,2035,2028,-7,0,0,0,989,0,0,0,0,0,1
6,DFW,1850,1848,-2,2035,2017,-18,0,0,0,989,0,0,0,0,0,1
7,DFW,1850,1844,-6,2035,2029,-6,0,0,0,989,0,0,0,0,0,1
1,DFW,1850,1948,58,2035,2137,62,1,0,0,989,10,0,4,0,48,1
2,DFW,1850,2024,94,2035,2201,86,1,0,0,989,0,0,0,0,86,1
3,DFW,1850,2233,223,2035,8,213,1,0,0,989,10,0,0,0,203,1
4,DFW,1850,1905,15,2035,2049,14,0,0,0,989,0,0,0,0,0,1
5,DFW,1850,1937,47,2035,2116,41,1,0,0,989,41,0,0,0,0,1
6,DFW,1850,2116,146,2035,2250,135,1,0,0,989,135,0,0,0,0,1
7,DFW,1850,1951,61,2035,2115,40,1,0,0,989,35,0,0,0,5,1
5,DFW,510,506,-4,731,728,-3,0,0,0,802,0,0,0,0,0,1
6,DFW,510,513,3,731,737,6,0,0,0,802,0,0,0,0,0,1
7,DFW,510,505,-5,731,732,1,0,0,0,802,0,0,0,0,0,1
1,DFW,510,813,183,731,1027,176,1,0,0,802,0,176,0,0,0,1
5,ORD,2210,2213,3,30,24,-6,0,0,0,802,0,0,0,0,0,1
7,ORD,2210,2207,-3,30,23,-7,0,0,0,802,0,0,0,0,0,1
1,ORD,2210,2218,8,30,38,8,0,0,0,802,0,0,0,0,0,1
2,ORD,2210,2250,40,30,100,30,1,0,0,802,30,0,0,0,0,1
3,ORD,2210,2211,1,30,19,-11,0,0,0,802,0,0,0,0,0,1
4,ORD,2210,2218,8,30,37,7,0,0,0,802,0,0,0,0,0,1
5,ORD,2210,2209,-1,30,25,-5,0,0,0,802,0,0,0,0,0,1
7,ORD,2210,2234,24,30,44,14,0,0,0,802,0,0,0,0,0,1
1,ORD,2210,2214,4,30,25,-5,0,0,0,802,0,0,0,0,0,1
2,ORD,2210,2301,51,30,117,47,1,0,0,802,40,0,0,0,7,1
4,ORD,2210,2257,47,30,112,42,1,0,0,802,1,0,0,0,41,1
5,ORD,2210,2206,-4,30,35,5,0,0,0,802,0,0,0,0,0,1
7,ORD,2210,2211,1,30,28,-2,0,0,0,802,0,0,0,0,0,1
1,ORD,2210,2214,4,30,25,-5,0,0,0,802,0,0,0,0,0,1
2,ORD,2210,2221,11,30,31,1,0,0,0,802,0,0,0,0,0,1
3,ORD,2210,2206,-4,30,6,-24,0,0,0,802,0,0,0,0,0,1
4,ORD,2210,2351,101,30,329,179,1,0,0,802,0,41,78,0,60,1
5,ORD,2210,2210,0,30,10,-20,0,0,0,802,0,0,0,0,0,1
7,ORD,2210,13,123,30,222,112,1,0,0,802,9,0,0,0,103,1
1,ORD,2210,2231,21,30,38,8,0,0,0,802,0,0,0,0,0,1
2,ORD,2210,2208,-2,30,18,-12,0,0,0,802,0,0,0,0,0,1
3,ORD,2210,2249,39,30,104,34,1,0,0,802,34,0,0,0,0,1
4,ORD,2210,2349,99,30,158,88,1,0,0,802,56,0,0,0,32,1
5,ORD,2210,2318,68,30,128,58,1,0,0,802,20,0,0,0,38,1
7,ORD,2210,2347,97,30,151,81,1,0,0,802,81,0,0,0,0,1
5,JFK,1725,1915,110,2034,2339,185,1,0,0,2446,0,37,75,0,73,1
6,JFK,1725,1723,-2,2034,2039,5,0,0,0,2446,0,0,0,0,0,1
7,JFK,1725,1732,7,2034,2026,-8,0,0,0,2446,0,0,0,0,0,1
1,JFK,1725,1758,33,2034,2048,14,0,0,0,2446,0,0,0,0,0,1
2,JFK,1725,1735,10,2034,2026,-8,0,0,0,2446,0,0,0,0,0,1
3,JFK,1725,1723,-2,2034,2034,0,0,0,0,2446,0,0,0,0,0,1
4,JFK,1725,1757,32,2034,2107,33,1,0,0,2446,24,0,1,0,8,1
5,JFK,1725,1734,9,2034,2125,51,1,0,0,2446,0,0,51,0,0,1
6,JFK,1725,1818,53,2034,2127,53,1,0,0,2446,0,0,6,0,47,1
7,JFK,1725,1726,1,2034,2009,-25,0,0,0,2446,0,0,0,0,0,1
1,JFK,1725,1724,-1,2034,2013,-21,0,0,0,2446,0,0,0,0,0,1
2,JFK,1725,1848,83,2034,2154,80,1,0,0,2446,80,0,0,0,0,1
3,JFK,1725,1730,5,2034,2047,13,0,0,0,2446,0,0,0,0,0,1
4,JFK,1725,1748,23,2034,2059,25,1,0,0,2446,0,23,2,0,0,1
5,JFK,1725,1729,4,2034,2027,-7,0,0,0,2446,0,0,0,0,0,1
6,JFK,1725,1748,23,2034,2116,42,1,0,0,2446,0,0,19,0,23,1
7,JFK,1725,1753,28,2034,2041,7,0,0,0,2446,0,0,0,0,0,1
1,JFK,1725,1825,60,2034,2107,33,1,0,0,2446,0,0,33,0,0,1
2,JFK,1725,1725,0,2034,2047,13,0,0,0,2446,0,0,0,0,0,1
3,JFK,1725,1723,-2,2034,2013,-21,0,0,0,2446,0,0,0,0,0,1
4,JFK,1725,1721,-4,2034,2008,-26,0,0,0,2446,0,0,0,0,0,1
5,JFK,1725,1755,30,2034,2040,6,0,0,0,2446,0,0,0,0,0,1
6,JFK,1725,1719,-6,2034,2002,-32,0,0,0,2446,0,0,0,0,0,1
7,JFK,1725,1719,-6,2034,2007,-27,0,0,0,2446,0,0,0,0,0,1
1,JFK,1725,2046,201,2034,2359,205,1,0,0,2446,0,118,4,0,83,1
2,JFK,1725,1729,4,2034,2034,0,0,0,0,2446,0,0,0,0,0,1
3,JFK,1725,1721,-4,2034,2054,20,1,0,0,2446,0,0,20,0,0,1
4,JFK,1725,1956,151,2034,2302,148,1,0,0,2446,0,0,148,0,0,1
5,JFK,1725,1736,11,2034,2017,-17,0,0,0,2446,0,0,0,0,0,1
6,JFK,1725,1839,74,2034,2205,91,1,0,0,2446,0,0,91,0,0,1
7,JFK,1725,1846,81,2034,2145,71,1,0,0,2446,16,0,0,0,55,1
5,DEN,504,459,-5,758,744,-14,0,0,0,641,0,0,0,0,0,1
6,DEN,504,502,-2,758,756,-2,0,0,0,641,0,0,0,0,0,1
1,DEN,504,456,-8,758,816,18,1,0,0,641,0,0,18,0,0,1
2,DEN,504,500,-4,758,807,9,0,0,0,641,0,0,0,0,0,1
3,DEN,504,455,-9,758,743,-15,0,0,0,641,0,0,0,0,0,1
4,DEN,504,527,23,758,831,33,1,0,0,641,23,0,10,0,0,1
5,DEN,504,501,-3,758,806,8,0,0,0,641,0,0,0,0,0,1
6,DEN,504,519,15,758,757,-1,0,0,0,641,0,0,0,0,0,1
1,DEN,504,500,-4,758,754,-4,0,0,0,641,0,0,0,0,0,1
2,DEN,504,509,5,758,806,8,0,0,0,641,0,0,0,0,0,1
3,DEN,504,459,-5,758,751,-7,0,0,0,641,0,0,0,0,0,1
4,DEN,504,502,-2,758,756,-2,0,0,0,641,0,0,0,0,0,1
5,DEN,504,505,1,758,808,10,0,0,0,641,0,0,0,0,0,1
6,DEN,504,456,-8,758,759,1,0,0,0,641,0,0,0,0,0,1
1,DEN,504,502,-2,758,803,5,0,0,0,641,0,0,0,0,0,1
2,DEN,504,501,-3,758,749,-9,0,0,0,641,0,0,0,0,0,1
3,DEN,504,457,-7,758,756,-2,0,0,0,641,0,0,0,0,0,1
4,DEN,504,458,-6,758,749,-9,0,0,0,641,0,0,0,0,0,1
5,DEN,504,507,3,758,756,-2,0,0,0,641,0,0,0,0,0,1
6,DEN,504,501,-3,758,748,-10,0,0,0,641,0,0,0,0,0,1
1,DEN,504,611,67,758,858,60,1,0,0,641,60,0,0,0,0,1
2,DEN,504,458,-6,758,749,-9,0,0,0,641,0,0,0,0,0,1
3,DEN,504,501,-3,758,754,-4,0,0,0,641,0,0,0,0,0,1
4,DEN,504,502,-2,758,747,-11,0,0,0,641,0,0,0,0,0,1
5,DEN,504,507,3,758,755,-3,0,0,0,641,0,0,0,0,0,1
6,DEN,504,458,-6,758,805,7,0,0,0,641,0,0,0,0,0,1
5,DFW,905,859,-6,1052,1033,-19,0,0,0,550,0,0,0,0,0,1
6,DFW,905,1018,73,1052,1155,63,1,0,0,550,6,0,0,0,57,1
7,DFW,905,858,-7,1052,1047,-5,0,0,0,550,0,0,0,0,0,1
1,DFW,905,953,48,1052,1131,39,1,0,0,550,0,0,0,0,39,1
2,DFW,905,857,-8,1052,1046,-6,0,0,0,550,0,0,0,0,0,1
3,DFW,905,901,-4,1052,1040,-12,0,0,0,550,0,0,0,0,0,1
4,DFW,905,903,-2,1052,1044,-8,0,0,0,550,0,0,0,0,0,1
5,DFW,905,857,-8,1052,1035,-17,0,0,0,550,0,0,0,0,0,1
6,DFW,905,909,4,1052,1038,-14,0,0,0,550,0,0,0,0,0,1
7,DFW,905,921,16,1052,1052,0,0,0,0,550,0,0,0,0,0,1
1,DFW,905,858,-7,1052,1033,-19,0,0,0,550,0,0,0,0,0,1
2,DFW,905,856,-9,1052,1037,-15,0,0,0,550,0,0,0,0,0,1
3,DFW,905,859,-6,1052,1036,-16,0,0,0,550,0,0,0,0,0,1
4,DFW,905,858,-7,1052,1040,-12,0,0,0,550,0,0,0,0,0,1
5,DFW,905,1027,82,1052,1223,91,1,0,0,550,0,82,9,0,0,1
6,DFW,905,905,0,1052,1037,-15,0,0,0,550,0,0,0,0,0,1
7,DFW,905,858,-7,1052,1029,-23,0,0,0,550,0,0,0,0,0,1
1,DFW,905,854,-11,1052,1028,-24,0,0,0,550,0,0,0,0,0,1
2,DFW,905,910,5,1052,1056,4,0,0,0,550,0,0,0,0,0,1
3,DFW,905,859,-6,1052,1041,-11,0,0,0,550,0,0,0,0,0,1
4,DFW,905,900,-5,1052,1029,-23,0,0,0,550,0,0,0,0,0,1
5,DFW,905,858,-7,1052,1047,-5,0,0,0,550,0,0,0,0,0,1
6,DFW,905,903,-2,1052,1041,-11,0,0,0,550,0,0,0,0,0,1
7,DFW,905,907,2,1052,1041,-11,0,0,0,550,0,0,0,0,0,1
1,DFW,905,1110,125,1052,1301,129,1,0,0,550,72,0,4,0,53,1
2,DFW,905,859,-6,1052,1032,-20,0,0,0,550,0,0,0,0,0,1
3,DFW,905,914,9,1052,1044,-8,0,0,0,550,0,0,0,0,0,1
4,DFW,905,900,-5,1052,1041,-11,0,0,0,550,0,0,0,0,0,1
5,DFW,905,902,-3,1052,1050,-2,0,0,0,550,0,0,0,0,0,1
6,DFW,905,953,48,1052,1119,27,1,0,0,550,0,0,0,0,27,1
7,DFW,905,955,50,1052,1131,39,1,0,0,550,2,0,0,0,37,1
5,JFK,714,730,16,830,840,10,0,0,0,187,0,0,0,0,0,1
6,JFK,714,722,8,830,824,-6,0,0,0,187,0,0,0,0,0,1
1,JFK,714,710,-4,830,822,-8,0,0,0,187,0,0,0,0,0,1
2,JFK,714,709,-5,830,828,-2,0,0,0,187,0,0,0,0,0,1
3,JFK,714,708,-6,830,810,-20,0,0,0,187,0,0,0,0,0,1
4,JFK,714,712,-2,830,820,-10,0,0,0,187,0,0,0,0,0,1
5,JFK,714,707,-7,830,814,-16,0,0,0,187,0,0,0,0,0,1
6,JFK,714,712,-2,830,822,-8,0,0,0,187,0,0,0,0,0,1
7,JFK,714,711,-3,830,832,2,0,0,0,187,0,0,0,0,0,1
1,JFK,714,709,-5,830,815,-15,0,0,0,187,0,0,0,0,0,1
2,JFK,714,815,61,830,923,53,1,0,0,187,53,0,0,0,0,1
3,JFK,714,710,-4,830,821,-9,0,0,0,187,0,0,0,0,0,1
4,JFK,714,729,15,830,838,8,0,0,0,187,0,0,0,0,0,1
5,JFK,714,711,-3,830,842,12,0,0,0,187,0,0,0,0,0,1
6,JFK,714,714,0,830,823,-7,0,0,0,187,0,0,0,0,0,1
7,JFK,714,712,-2,830,814,-16,0,0,0,187,0,0,0,0,0,1
1,JFK,714,710,-4,830,825,-5,0,0,0,187,0,0,0,0,0,1
2,JFK,714,725,11,830,842,12,0,0,0,187,0,0,0,0,0,1
3,JFK,714,714,0,830,820,-10,0,0,0,187,0,0,0,0,0,1
4,JFK,714,710,-4,830,827,-3,0,0,0,187,0,0,0,0,0,1
5,JFK,714,711,-3,830,830,0,0,0,0,187,0,0,0,0,0,1
6,JFK,714,708,-6,830,818,-12,0,0,0,187,0,0,0,0,0,1
7,JFK,714,710,-4,830,816,-14,0,0,0,187,0,0,0,0,0,1
1,JFK,714,710,-4,830,814,-16,0,0,0,187,0,0,0,0,0,1
2,JFK,714,810,56,830,913,43,1,0,0,187,43,0,0,0,0,1
3,JFK,714,709,-5,830,820,-10,0,0,0,187,0,0,0,0,0,1
4,JFK,714,708,-6,830,826,-4,0,0,0,187,0,0,0,0,0,1
5,JFK,714,713,-1,830,815,-15,0,0,0,187,0,0,0,0,0,1
6,JFK,714,711,-3,830,835,5,0,0,0,187,0,0,0,0,0,1
7,JFK,714,752,38,830,851,21,1,0,0,187,21,0,0,0,0,1
5,CLT,1305,1323,18,1459,1514,15,1,0,0,541,4,0,0,0,11,1
6,CLT,1305,1306,1,1459,1452,-7,0,0,0,541,0,0,0,0,0,1
7,CLT,1305,1304,-1,1459,1505,6,0,0,0,541,0,0,0,0,0,1
1,CLT,1305,1315,10,1459,1509,10,0,0,0,541,0,0,0,0,0,1
2,CLT,1305,1302,-3,1459,1447,-12,0,0,0,541,0,0,0,0,0,1
3,CLT,1305,1304,-1,1459,1503,4,0,0,0,541,0,0,0,0,0,1
4,CLT,1305,1501,116,1459,1741,162,1,0,0,541,0,0,162,0,0,1
5,CLT,1305,1303,-2,1459,1446,-13,0,0,0,541,0,0,0,0,0,1
6,CLT,1305,1307,2,1459,1532,33,1,0,0,541,2,0,31,0,0,1
7,CLT,1305,1309,4,1459,1458,-1,0,0,0,541,0,0,0,0,0,1
1,CLT,1305,1303,-2,1459,1447,-12,0,0,0,541,0,0,0,0,0,1
2,CLT,1305,1329,24,1459,1537,38,1,0,0,541,24,0,14,0,0,1
3,CLT,1305,1736,271,1459,2032,333,1,0,0,541,0,0,330,0,3,1
4,CLT,1305,1314,9,1459,1535,36,1,0,0,541,0,0,36,0,0,1
5,CLT,1305,1306,1,1459,1446,-13,0,0,0,541,0,0,0,0,0,1
6,CLT,1305,1343,38,1459,1550,51,1,0,0,541,6,0,13,0,32,1
7,CLT,1305,1315,10,1459,1501,2,0,0,0,541,0,0,0,0,0,1
1,CLT,1305,1319,14,1459,1500,1,0,0,0,541,0,0,0,0,0,1
2,CLT,1305,1258,-7,1459,1521,22,1,0,0,541,0,0,22,0,0,1
3,CLT,1305,1306,1,1459,1511,12,0,0,0,541,0,0,0,0,0,1
4,CLT,1305,1316,11,1459,1513,14,0,0,0,541,0,0,0,0,0,1
5,CLT,1305,1332,27,1459,1538,39,1,0,0,541,0,0,38,0,1,1
6,CLT,1305,1309,4,1459,1454,-5,0,0,0,541,0,0,0,0,0,1
7,CLT,1305,1314,9,1459,1507,8,0,0,0,541,0,0,0,0,0,1
1,CLT,1305,1302,-3,1459,1547,48,1,0,0,541,0,0,48,0,0,1
2,CLT,1305,1258,-7,1459,1450,-9,0,0,0,541,0,0,0,0,0,1
3,CLT,1305,1319,14,1459,1531,32,1,0,0,541,0,0,18,0,14,1
4,CLT,1305,1344,39,1459,1556,57,1,0,0,541,0,0,24,0,33,1
5,CLT,1305,1305,0,1459,1509,10,0,0,0,541,0,0,0,0,0,1
7,CLT,1305,1350,45,1459,1536,37,1,0,0,541,0,0,37,0,0,1
5,IAH,845,850,5,1214,1228,14,0,0,0,912,0,0,0,0,0,1
6,IAH,845,837,-8,1214,1203,-11,0,0,0,912,0,0,0,0,0,1
7,IAH,845,840,-5,1214,1204,-10,0,0,0,912,0,0,0,0,0,1
1,IAH,845,900,15,1214,1228,14,0,0,0,912,0,0,0,0,0,1
2,IAH,845,842,-3,1214,1214,0,0,0,0,912,0,0,0,0,0,1
3,IAH,845,839,-6,1214,1207,-7,0,0,0,912,0,0,0,0,0,1
4,IAH,845,837,-8,1214,1205,-9,0,0,0,912,0,0,0,0,0,1
5,IAH,845,836,-9,1214,1210,-4,0,0,0,912,0,0,0,0,0,1
6,IAH,845,844,-1,1214,1209,-5,0,0,0,912,0,0,0,0,0,1
7,IAH,845,842,-3,1214,1204,-10,0,0,0,912,0,0,0,0,0,1
1,IAH,845,841,-4,1214,1210,-4,0,0,0,912,0,0,0,0,0,1
2,IAH,845,843,-2,1214,1205,-9,0,0,0,912,0,0,0,0,0,1
3,IAH,845,840,-5,1214,1218,4,0,0,0,912,0,0,0,0,0,1
4,IAH,845,844,-1,1214,1211,-3,0,0,0,912,0,0,0,0,0,1
5,IAH,845,843,-2,1214,1212,-2,0,0,0,912,0,0,0,0,0,1
6,IAH,845,916,31,1214,1247,33,1,0,0,912,31,0,2,0,0,1
7,IAH,845,840,-5,1214,1210,-4,0,0,0,912,0,0,0,0,0,1
1,IAH,845,839,-6,1214,1214,0,0,0,0,912,0,0,0,0,0,1
2,IAH,845,843,-2,1214,1206,-8,0,0,0,912,0,0,0,0,0,1
3,IAH,845,838,-7,1214,1201,-13,0,0,0,912,0,0,0,0,0,1
4,IAH,845,847,2,1214,1221,7,0,0,0,912,0,0,0,0,0,1
5,IAH,845,841,-4,1214,1216,2,0,0,0,912,0,0,0,0,0,1
6,IAH,845,845,0,1214,1213,-1,0,0,0,912,0,0,0,0,0,1
7,IAH,845,840,-5,1214,1221,7,0,0,0,912,0,0,0,0,0,1
1,IAH,845,837,-8,1214,1201,-13,0,0,0,912,0,0,0,0,0,1
3,IAH,845,845,0,1214,1235,21,1,0,0,912,0,0,21,0,0,1
4,IAH,845,921,36,1214,1248,34,1,0,0,912,34,0,0,0,0,1
5,IAH,845,841,-4,1214,1203,-11,0,0,0,912,0,0,0,0,0,1
6,IAH,845,1103,138,1214,1435,141,1,0,0,912,138,0,3,0,0,1
5,JFK,1659,2313,374,1910,133,383,1,0,0,541,0,329,9,0,45,1
6,JFK,1700,1700,0,1916,1908,-8,0,0,0,541,0,0,0,0,0,1
7,JFK,1659,1755,56,1910,1948,38,1,0,0,541,12,0,0,0,26,1
1,JFK,1659,1656,-3,1910,1844,-26,0,0,0,541,0,0,0,0,0,1
2,JFK,1659,1732,33,1910,1940,30,1,0,0,541,0,0,30,0,0,1
3,JFK,1659,1733,34,1910,1947,37,1,0,0,541,34,0,3,0,0,1
4,JFK,1659,1910,131,1910,2050,100,1,0,0,541,100,0,0,0,0,1
6,JFK,1700,1706,6,1916,1932,16,1,0,0,541,6,0,10,0,0,1
7,JFK,1659,1657,-2,1910,1844,-26,0,0,0,541,0,0,0,0,0,1
1,JFK,1659,1659,0,1910,1921,11,0,0,0,541,0,0,0,0,0,1
2,JFK,1659,1656,-3,1910,1903,-7,0,0,0,541,0,0,0,0,0,1
3,JFK,1659,2145,286,1910,2357,287,1,0,0,541,0,0,19,0,268,1
4,JFK,1659,1813,74,1910,1958,48,1,0,0,541,0,16,0,0,32,1
5,JFK,1659,1714,15,1910,1933,23,1,0,0,541,0,0,23,0,0,1
6,JFK,1700,1745,45,1916,2119,123,1,0,0,541,0,45,78,0,0,1
7,JFK,1659,1658,-1,1910,1853,-17,0,0,0,541,0,0,0,0,0,1
1,JFK,1659,1832,93,1910,2025,75,1,0,0,541,0,0,75,0,0,1
2,JFK,1659,1655,-4,1910,1933,23,1,0,0,541,0,0,23,0,0,1
3,JFK,1659,1655,-4,1910,1900,-10,0,0,0,541,0,0,0,0,0,1
4,JFK,1659,1756,57,1910,1954,44,1,0,0,541,22,0,0,0,22,1
5,JFK,1659,1725,26,1910,1944,34,1,0,0,541,0,0,8,0,26,1
6,JFK,1700,1656,-4,1916,1921,5,0,0,0,541,0,0,0,0,0,1
7,JFK,1659,1658,-1,1910,1912,2,0,0,0,541,0,0,0,0,0,1
1,JFK,1659,2036,217,1910,2301,231,1,0,0,541,0,217,14,0,0,1
2,JFK,1659,1656,-3,1910,1921,11,0,0,0,541,0,0,0,0,0,1
3,JFK,1659,1653,-6,1910,1955,45,1,0,0,541,0,0,45,0,0,1
4,JFK,1659,1715,16,1910,1931,21,1,0,0,541,0,0,18,0,3,1
5,JFK,1659,1739,40,1910,1943,33,1,0,0,541,13,0,0,0,20,1
7,JFK,1659,1658,-1,1910,1919,9,0,0,0,541,0,0,0,0,0,1
5,DFW,1110,1216,66,1246,1339,53,1,0,0,1438,0,0,0,0,53,1
6,DFW,1440,1441,1,1616,1608,-8,0,0,0,1438,0,0,0,0,0,1
7,DFW,1110,1110,0,1246,1244,-2,0,0,0,1438,0,0,0,0,0,1
1,DFW,1110,1200,50,1246,1335,49,1,0,0,1438,0,4,0,0,45,1
2,DFW,1110,1116,6,1246,1325,39,1,0,0,1438,6,0,33,0,0,1
3,DFW,1110,1109,-1,1246,1251,5,0,0,0,1438,0,0,0,0,0,1
4,DFW,1110,1110,0,1246,1243,-3,0,0,0,1438,0,0,0,0,0,1
5,DFW,1110,1145,35,1246,1309,23,1,0,0,1438,23,0,0,0,0,1
6,DFW,1440,1441,1,1616,1620,4,0,0,0,1438,0,0,0,0,0,1
7,DFW,1110,1103,-7,1246,1233,-13,0,0,0,1438,0,0,0,0,0,1
1,DFW,1110,1114,4,1246,1257,11,0,0,0,1438,0,0,0,0,0,1
2,DFW,1110,1110,0,1246,1241,-5,0,0,0,1438,0,0,0,0,0,1
3,DFW,1110,1111,1,1246,1246,0,0,0,0,1438,0,0,0,0,0,1
4,DFW,1110,1106,-4,1246,1229,-17,0,0,0,1438,0,0,0,0,0,1
5,DFW,1110,1257,107,1246,1425,99,1,0,0,1438,0,13,0,0,86,1
6,DFW,1440,1438,-2,1616,1601,-15,0,0,0,1438,0,0,0,0,0,1
7,DFW,1110,1121,11,1246,1247,1,0,0,0,1438,0,0,0,0,0,1
1,DFW,1110,1108,-2,1246,1232,-14,0,0,0,1438,0,0,0,0,0,1
2,DFW,1110,1140,30,1246,1258,12,0,0,0,1438,0,0,0,0,0,1
3,DFW,1110,1108,-2,1246,1240,-6,0,0,0,1438,0,0,0,0,0,1
4,DFW,1110,1105,-5,1246,1233,-13,0,0,0,1438,0,0,0,0,0,1
5,DFW,1110,1115,5,1246,1240,-6,0,0,0,1438,0,0,0,0,0,1
6,DFW,1440,1440,0,1616,1607,-9,0,0,0,1438,0,0,0,0,0,1
7,DFW,1110,1103,-7,1246,1224,-22,0,0,0,1438,0,0,0,0,0,1
1,DFW,1110,1115,5,1246,1236,-10,0,0,0,1438,0,0,0,0,0,1
2,DFW,1110,1139,29,1246,1256,10,0,0,0,1438,0,0,0,0,0,1
3,DFW,1110,1125,15,1246,1244,-2,0,0,0,1438,0,0,0,0,0,1
4,DFW,1110,1106,-4,1246,1239,-7,0,0,0,1438,0,0,0,0,0,1
5,DFW,1110,1119,9,1246,1251,5,0,0,0,1438,0,0,0,0,0,1
6,DFW,1440,1437,-3,1616,1610,-6,0,0,0,1438,0,0,0,0,0,1
7,DFW,1110,1112,2,1246,1232,-14,0,0,0,1438,0,0,0,0,0,1
5,PHX,902,1142,160,1710,1954,164,1,0,0,2153,0,0,164,0,0,1
6,PHX,907,908,1,1715,1653,-22,0,0,0,2153,0,0,0,0,0,1
7,PHX,907,903,-4,1715,1635,-40,0,0,0,2153,0,0,0,0,0,1
1,PHX,902,901,-1,1710,1655,-15,0,0,0,2153,0,0,0,0,0,1
2,PHX,907,901,-6,1715,1705,-10,0,0,0,2153,0,0,0,0,0,1
3,PHX,907,910,3,1715,1705,-10,0,0,0,2153,0,0,0,0,0,1
4,PHX,907,1043,96,1715,1857,102,1,0,0,2153,0,0,102,0,0,1
5,PHX,907,902,-5,1715,1659,-16,0,0,0,2153,0,0,0,0,0,1
6,PHX,907,908,1,1715,1706,-9,0,0,0,2153,0,0,0,0,0,1
7,PHX,907,902,-5,1715,1730,15,1,0,0,2153,0,0,15,0,0,1
1,PHX,907,907,0,1715,1701,-14,0,0,0,2153,0,0,0,0,0,1
2,PHX,907,909,2,1715,1732,17,1,0,0,2153,2,0,15,0,0,1
3,PHX,907,900,-7,1715,1705,-10,0,0,0,2153,0,0,0,0,0,1
4,PHX,907,904,-3,1715,1805,50,1,0,0,2153,0,0,50,0,0,1
5,PHX,907,907,0,1715,1657,-18,0,0,0,2153,0,0,0,0,0,1
6,PHX,907,907,0,1715,1813,58,1,0,0,2153,0,0,58,0,0,1
7,PHX,907,902,-5,1715,1651,-24,0,0,0,2153,0,0,0,0,0,1
1,PHX,907,907,0,1715,1850,95,1,0,0,2153,0,0,95,0,0,1
2,PHX,907,929,22,1715,1714,-1,0,0,0,2153,0,0,0,0,0,1
3,PHX,907,907,0,1715,1717,2,0,0,0,2153,0,0,0,0,0,1
4,PHX,907,905,-2,1715,1730,15,1,0,0,2153,0,0,15,0,0,1
5,PHX,907,907,0,1715,1728,13,0,0,0,2153,0,0,0,0,0,1
6,PHX,907,906,-1,1715,1728,13,0,0,0,2153,0,0,0,0,0,1
7,PHX,907,859,-8,1715,1717,2,0,0,0,2153,0,0,0,0,0,1
2,PHX,907,904,-3,1715,1705,-10,0,0,0,2153,0,0,0,0,0,1
3,PHX,907,858,-9,1715,1739,24,1,0,0,2153,0,0,24,0,0,1
4,PHX,907,947,40,1715,1743,28,1,0,0,2153,0,0,28,0,0,1
5,PHX,907,901,-6,1715,1726,11,0,0,0,2153,0,0,0,0,0,1
6,PHX,907,904,-3,1715,1816,61,1,0,0,2153,0,0,61,0,0,1
7,PHX,907,918,11,1715,1733,18,1,0,0,2153,11,0,7,0,0,1
5,LAX,1945,1953,8,2250,2245,-5,0,0,0,2556,0,0,0,0,0,1
6,LAX,1945,2036,51,2250,2312,22,1,0,0,2556,22,0,0,0,0,1
7,LAX,1945,1942,-3,2250,2228,-22,0,0,0,2556,0,0,0,0,0,1
1,LAX,1945,1938,-7,2250,2227,-23,0,0,0,2556,0,0,0,0,0,1
2,LAX,1945,1945,0,2250,2231,-19,0,0,0,2556,0,0,0,0,0,1
3,LAX,1945,1943,-2,2250,2246,-4,0,0,0,2556,0,0,0,0,0,1
4,LAX,1945,1952,7,2250,2249,-1,0,0,0,2556,0,0,0,0,0,1
5,LAX,1945,1949,4,2250,2216,-34,0,0,0,2556,0,0,0,0,0,1
6,LAX,1945,1944,-1,2250,2229,-21,0,0,0,2556,0,0,0,0,0,1
7,LAX,1945,2324,219,2250,226,216,1,0,0,2556,0,0,0,0,216,1
1,LAX,1945,1952,7,2250,2251,1,0,0,0,2556,0,0,0,0,0,1
2,LAX,1945,1944,-1,2250,2243,-7,0,0,0,2556,0,0,0,0,0,1
3,LAX,1945,1940,-5,2250,2216,-34,0,0,0,2556,0,0,0,0,0,1
4,LAX,1945,1944,-1,2250,2225,-25,0,0,0,2556,0,0,0,0,0,1
5,LAX,1945,2035,50,2250,2328,38,1,0,0,2556,38,0,0,0,0,1
6,LAX,1945,1943,-2,2250,2228,-22,0,0,0,2556,0,0,0,0,0,1
7,LAX,1945,2015,30,2250,2311,21,1,0,0,2556,21,0,0,0,0,1
1,LAX,1945,1944,-1,2250,2229,-21,0,0,0,2556,0,0,0,0,0,1
2,LAX,1945,2138,113,2250,35,105,1,0,0,2556,15,0,0,0,90,1
3,LAX,1945,2238,173,2250,127,157,1,0,0,2556,157,0,0,0,0,1
4,LAX,1945,50,305,2250,333,283,1,0,0,2556,83,0,0,0,200,1
5,LAX,1945,1955,10,2250,2238,-12,0,0,0,2556,0,0,0,0,0,1
6,LAX,1945,1944,-1,2250,2221,-29,0,0,0,2556,0,0,0,0,0,1
7,LAX,1945,1948,3,2250,2228,-22,0,0,0,2556,0,0,0,0,0,1
1,LAX,1945,2139,114,2250,19,89,1,0,0,2556,0,0,0,0,89,1
2,LAX,1945,2002,17,2250,2247,-3,0,0,0,2556,0,0,0,0,0,1
3,LAX,1945,1949,4,2250,2222,-28,0,0,0,2556,0,0,0,0,0,1
4,LAX,1945,1942,-3,2250,2208,-42,0,0,0,2556,0,0,0,0,0,1
5,LAX,1945,2309,204,2250,154,184,1,0,0,2556,0,0,0,0,184,1
6,LAX,1945,1945,0,2250,2223,-27,0,0,0,2556,0,0,0,0,0,1
7,LAX,1945,1943,-2,2250,2220,-30,0,0,0,2556,0,0,0,0,0,1
5,LAX,940,952,12,1547,1539,-8,0,0,0,1744,0,0,0,0,0,1
6,LAX,940,943,3,1547,1543,-4,0,0,0,1744,0,0,0,0,0,1
7,LAX,940,938,-2,1547,1550,3,0,0,0,1744,0,0,0,0,0,1
1,LAX,940,936,-4,1547,1541,-6,0,0,0,1744,0,0,0,0,0,1
2,LAX,940,1402,262,1547,1953,246,1,0,0,1744,0,0,0,0,246,1
3,LAX,940,936,-4,1547,1525,-22,0,0,0,1744,0,0,0,0,0,1
4,LAX,940,1051,71,1547,1643,56,1,0,0,1744,56,0,0,0,0,1
5,LAX,940,938,-2,1547,1552,5,0,0,0,1744,0,0,0,0,0,1
6,LAX,940,938,-2,1547,1550,3,0,0,0,1744,0,0,0,0,0,1
7,LAX,940,941,1,1547,1555,8,0,0,0,1744,0,0,0,0,0,1
1,LAX,940,940,0,1547,1551,4,0,0,0,1744,0,0,0,0,0,1
2,LAX,940,945,5,1547,1536,-11,0,0,0,1744,0,0,0,0,0,1
3,LAX,940,952,12,1547,1605,18,1,0,0,1744,0,0,18,0,0,1
4,LAX,940,941,1,1547,1608,21,1,0,0,1744,1,0,20,0,0,1
5,LAX,940,1153,133,1547,1757,130,1,0,0,1744,130,0,0,0,0,1
6,LAX,940,1402,262,1547,1940,233,1,0,0,1744,233,0,0,0,0,1
7,LAX,940,1116,96,1547,1726,99,1,0,0,1744,0,0,99,0,0,1
1,LAX,940,1001,21,1547,1552,5,0,0,0,1744,0,0,0,0,0,1
2,LAX,940,937,-3,1547,1632,45,1,0,0,1744,0,0,45,0,0,1
3,LAX,940,938,-2,1547,1600,13,0,0,0,1744,0,0,0,0,0,1
4,LAX,940,1023,43,1547,1629,42,1,0,0,1744,42,0,0,0,0,1
5,LAX,940,941,1,1547,1604,17,1,0,0,1744,1,0,16,0,0,1
6,LAX,940,948,8,1547,1615,28,1,0,0,1744,8,0,20,0,0,1
7,LAX,940,939,-1,1547,1544,-3,0,0,0,1744,0,0,0,0,0,1
1,LAX,940,945,5,1547,1621,34,1,0,0,1744,5,0,29,0,0,1
2,LAX,940,941,1,1547,1541,-6,0,0,0,1744,0,0,0,0,0,1
3,LAX,940,1005,25,1547,1614,27,1,0,0,1744,1,0,2,0,24,1
4,LAX,940,948,8,1547,1623,36,1,0,0,1744,8,0,28,0,0,1
6,LAX,940,954,14,1547,1553,6,0,0,0,1744,0,0,0,0,0,1
7,LAX,940,1024,44,1547,1631,44,1,0,0,1744,44,0,0,0,0,1
5,ORD,1710,1719,9,1942,1943,1,0,0,0,1744,0,0,0,0,0,1
6,ORD,1710,1704,-6,1942,1920,-22,0,0,0,1744,0,0,0,0,0,1
7,ORD,1710,1707,-3,1942,1913,-29,0,0,0,1744,0,0,0,0,0,1
1,ORD,1710,1708,-2,1942,1931,-11,0,0,0,1744,0,0,0,0,0,1
2,ORD,1705,1815,70,1937,2031,54,1,0,0,1744,5,0,0,0,49,1
3,ORD,1705,1722,17,1937,1938,1,0,0,0,1744,0,0,0,0,0,1
4,ORD,1705,1700,-5,1937,1943,6,0,0,0,1744,0,0,0,0,0,1
5,ORD,1705,1811,66,1937,2023,46,1,0,0,1744,46,0,0,0,0,1
6,ORD,1705,1703,-2,1937,1911,-26,0,0,0,1744,0,0,0,0,0,1
7,ORD,1705,1724,19,1937,1946,9,0,0,0,1744,0,0,0,0,0,1
1,ORD,1705,1823,78,1937,2036,59,1,0,0,1744,12,0,0,0,47,1
2,ORD,1705,1726,21,1937,1937,0,0,0,0,1744,0,0,0,0,0,1
3,ORD,1705,1722,17,1937,2103,86,1,0,0,1744,0,0,77,0,9,1
4,ORD,1705,1710,5,1937,1945,8,0,0,0,1744,0,0,0,0,0,1
5,ORD,1705,1718,13,1937,1953,16,1,0,0,1744,10,0,3,0,3,1
6,ORD,1705,1704,-1,1937,1924,-13,0,0,0,1744,0,0,0,0,0,1
7,ORD,1705,1729,24,1937,1943,6,0,0,0,1744,0,0,0,0,0,1
1,ORD,1705,1707,2,1937,1926,-11,0,0,0,1744,0,0,0,0,0,1
2,ORD,1705,1716,11,1937,1917,-20,0,0,0,1744,0,0,0,0,0,1
3,ORD,1705,1716,11,1937,1921,-16,0,0,0,1744,0,0,0,0,0,1
4,ORD,1705,1703,-2,1937,1938,1,0,0,0,1744,0,0,0,0,0,1
5,ORD,1705,1721,16,1937,1938,1,0,0,0,1744,0,0,0,0,0,1
6,ORD,1705,1717,12,1937,1937,0,0,0,0,1744,0,0,0,0,0,1
7,ORD,1705,1724,19,1937,1948,11,0,0,0,1744,0,0,0,0,0,1
1,ORD,1705,1734,29,1937,1956,19,1,0,0,1744,0,0,14,0,5,1
2,ORD,1705,1722,17,1937,2015,38,1,0,0,1744,17,0,21,0,0,1
3,ORD,1705,1714,9,1937,1918,-19,0,0,0,1744,0,0,0,0,0,1
4,ORD,1705,1735,30,1937,2006,29,1,0,0,1744,0,29,0,0,0,1
5,ORD,1705,1726,21,1937,1959,22,1,0,0,1744,0,7,1,0,14,1
6,ORD,1705,1900,115,1937,2119,102,1,0,0,1744,89,0,0,0,13,1
7,ORD,1705,1736,31,1937,1943,6,0,0,0,1744,0,0,0,0,0,1
5,MCO,1440,1436,-4,1549,1534,-15,0,0,0,192,0,0,0,0,0,1
6,MCO,1440,1439,-1,1548,1542,-6,0,0,0,192,0,0,0,0,0,1
5,MCO,1151,1211,20,1257,1312,15,1,0,0,192,3,0,0,0,12,1
6,MCO,1151,1151,0,1257,1257,0,0,0,0,192,0,0,0,0,0,1
7,MCO,1151,1140,-11,1257,1256,-1,0,0,0,192,0,0,0,0,0,1
1,MCO,1151,1142,-9,1257,1240,-17,0,0,0,192,0,0,0,0,0,1
2,MCO,1151,1154,3,1257,1256,-1,0,0,0,192,0,0,0,0,0,1
3,MCO,1151,1156,5,1257,1254,-3,0,0,0,192,0,0,0,0,0,1
4,MCO,1151,1158,7,1257,1304,7,0,0,0,192,0,0,0,0,0,1
5,MCO,1151,1148,-3,1257,1251,-6,0,0,0,192,0,0,0,0,0,1
6,MCO,1151,1219,28,1257,1327,30,1,0,0,192,0,0,2,0,28,1
7,MCO,1151,1148,-3,1257,1250,-7,0,0,0,192,0,0,0,0,0,1
1,MCO,1151,1220,29,1257,1331,34,1,0,0,192,21,0,5,0,8,1
2,MCO,1151,1144,-7,1257,1249,-8,0,0,0,192,0,0,0,0,0,1
3,MCO,1151,1149,-2,1257,1254,-3,0,0,0,192,0,0,0,0,0,1
4,MCO,1151,1223,32,1257,1323,26,1,0,0,192,26,0,0,0,0,1
5,MCO,1151,1156,5,1257,1258,1,0,0,0,192,0,0,0,0,0,1
6,MCO,1151,1148,-3,1257,1255,-2,0,0,0,192,0,0,0,0,0,1
7,MCO,1151,1159,8,1257,1304,7,0,0,0,192,0,0,0,0,0,1
1,MCO,1151,1154,3,1257,1254,-3,0,0,0,192,0,0,0,0,0,1
2,MCO,1151,1146,-5,1257,1249,-8,0,0,0,192,0,0,0,0,0,1
3,MCO,1151,1253,62,1257,1354,57,1,0,0,192,4,0,0,0,53,1
4,MCO,1151,1235,44,1257,1341,44,1,0,0,192,44,0,0,0,0,1
5,MCO,1151,1151,0,1257,1252,-5,0,0,0,192,0,0,0,0,0,1
6,MCO,1151,1158,7,1257,1255,-2,0,0,0,192,0,0,0,0,0,1
7,MCO,1151,1148,-3,1257,1304,7,0,0,0,192,0,0,0,0,0,1
1,MCO,1151,1147,-4,1257,1249,-8,0,0,0,192,0,0,0,0,0,1
2,MCO,1151,1148,-3,1257,1248,-9,0,0,0,192,0,0,0,0,0,1
3,MCO,1151,1158,7,1257,1303,6,0,0,0,192,0,0,0,0,0,1
4,MCO,1151,1352,121,1257,1504,127,1,0,0,192,121,0,6,0,0,1
5,MCO,1151,1154,3,1257,1252,-5,0,0,0,192,0,0,0,0,0,1
6,MCO,1151,1222,31,1257,1336,39,1,0,0,192,31,0,8,0,0,1
7,MCO,1151,1334,103,1257,1437,100,1,0,0,192,6,0,0,0,94,1
5,LAX,2130,2143,13,604,608,4,0,0,0,2611,0,0,0,0,0,1
6,LAX,2130,2128,-2,604,605,1,0,0,0,2611,0,0,0,0,0,1
1,LAX,2130,2130,0,604,601,-3,0,0,0,2611,0,0,0,0,0,1
2,LAX,2130,2123,-7,604,539,-25,0,0,0,2611,0,0,0,0,0,1
3,LAX,2130,2129,-1,604,541,-23,0,0,0,2611,0,0,0,0,0,1
4,LAX,2130,2127,-3,604,552,-12,0,0,0,2611,0,0,0,0,0,1
5,LAX,2130,2124,-6,604,542,-22,0,0,0,2611,0,0,0,0,0,1
6,LAX,2130,2149,19,604,613,9,0,0,0,2611,0,0,0,0,0,1
7,LAX,2130,2244,74,604,742,98,1,0,0,2611,34,0,24,0,40,1
1,LAX,2130,2134,4,604,605,1,0,0,0,2611,0,0,0,0,0,1
2,LAX,2130,2128,-2,604,533,-31,0,0,0,2611,0,0,0,0,0,1
3,LAX,2130,2126,-4,604,548,-16,0,0,0,2611,0,0,0,0,0,1
4,LAX,2130,2130,0,604,539,-25,0,0,0,2611,0,0,0,0,0,1
5,LAX,2130,2311,101,604,731,87,1,0,0,2611,5,0,0,0,82,1
6,LAX,2130,2124,-6,604,543,-21,0,0,0,2611,0,0,0,0,0,1
7,LAX,2130,2129,-1,604,535,-29,0,0,0,2611,0,0,0,0,0,1
1,LAX,2130,2134,4,604,552,-12,0,0,0,2611,0,0,0,0,0,1
2,LAX,2130,2124,-6,604,612,8,0,0,0,2611,0,0,0,0,0,1
3,LAX,2130,2126,-4,604,619,15,1,0,0,2611,0,0,15,0,0,1
4,LAX,2130,2129,-1,604,553,-11,0,0,0,2611,0,0,0,0,0,1
5,LAX,2130,2126,-4,604,554,-10,0,0,0,2611,0,0,0,0,0,1
6,LAX,2130,2126,-4,604,601,-3,0,0,0,2611,0,0,0,0,0,1
7,LAX,2130,2131,1,604,544,-20,0,0,0,2611,0,0,0,0,0,1
1,LAX,2130,2215,45,604,617,13,0,0,0,2611,0,0,0,0,0,1
2,LAX,2130,2125,-5,604,550,-14,0,0,0,2611,0,0,0,0,0,1
3,LAX,2130,2126,-4,604,549,-15,0,0,0,2611,0,0,0,0,0,1
4,LAX,2130,2125,-5,604,548,-16,0,0,0,2611,0,0,0,0,0,1
5,LAX,2130,2131,1,604,555,-9,0,0,0,2611,0,0,0,0,0,1
6,LAX,2130,2136,6,604,607,3,0,0,0,2611,0,0,0,0,0,1
7,LAX,2130,2128,-2,604,629,25,1,0,0,2611,0,0,25,0,0,1
5,BOS,1552,1636,44,1745,1845,60,1,0,0,867,0,20,16,0,24,1
7,BOS,1552,1549,-3,1745,1737,-8,0,0,0,867,0,0,0,0,0,1
1,BOS,1552,1549,-3,1745,1722,-23,0,0,0,867,0,0,0,0,0,1
2,BOS,1552,1609,17,1745,1742,-3,0,0,0,867,0,0,0,0,0,1
3,BOS,1552,1542,-10,1745,1729,-16,0,0,0,867,0,0,0,0,0,1
4,BOS,1552,1545,-7,1745,1735,-10,0,0,0,867,0,0,0,0,0,1
5,BOS,1552,1553,1,1745,1756,11,0,0,0,867,0,0,0,0,0,1
7,BOS,1552,1546,-6,1745,1731,-14,0,0,0,867,0,0,0,0,0,1
1,BOS,1552,1633,41,1745,1848,63,1,0,0,867,0,0,23,0,40,1
2,BOS,1552,1548,-4,1745,1842,57,1,0,0,867,0,0,57,0,0,1
3,BOS,1552,1600,8,1745,1746,1,0,0,0,867,0,0,0,0,0,1
4,BOS,1552,1556,4,1745,1752,7,0,0,0,867,0,0,0,0,0,1
5,BOS,1552,1554,2,1745,1752,7,0,0,0,867,0,0,0,0,0,1
7,BOS,1552,1547,-5,1745,1757,12,0,0,0,867,0,0,0,0,0,1
1,BOS,1552,1623,31,1745,1830,45,1,0,0,867,0,0,19,0,26,1
2,BOS,1552,1547,-5,1745,1726,-19,0,0,0,867,0,0,0,0,0,1
3,BOS,1552,1554,2,1745,1719,-26,0,0,0,867,0,0,0,0,0,1
4,BOS,1552,1659,67,1745,1907,82,1,0,0,867,0,0,79,0,3,1
5,BOS,1552,1551,-1,1745,1732,-13,0,0,0,867,0,0,0,0,0,1
7,BOS,1552,1557,5,1745,2002,137,1,0,0,867,0,0,134,0,3,1
1,BOS,1552,1632,40,1745,1830,45,1,0,0,867,0,0,5,0,40,1
2,BOS,1552,1658,66,1745,1902,77,1,0,0,867,7,0,11,0,59,1
3,BOS,1552,1700,68,1745,1906,81,1,0,0,867,0,0,13,0,68,1
4,BOS,1552,1837,165,1745,2046,181,1,0,0,867,0,0,181,0,0,1
5,BOS,1552,2002,250,1745,2244,299,1,0,0,867,0,0,254,0,45,1
7,BOS,1552,1550,-2,1745,1735,-10,0,0,0,867,0,0,0,0,0,1
6,ORD,1205,1205,0,1526,1503,-23,0,0,0,867,0,0,0,0,0,1
6,ORD,1205,1200,-5,1526,1503,-23,0,0,0,867,0,0,0,0,0,1
6,ORD,1205,1159,-6,1526,1505,-21,0,0,0,867,0,0,0,0,0,1
6,ORD,1205,1204,-1,1526,1511,-15,0,0,0,867,0,0,0,0,0,1
6,ORD,1205,1209,4,1526,1518,-8,0,0,0,867,0,0,0,0,0,1
5,BOS,1315,1307,-8,1430,1444,14,0,0,0,187,0,0,0,0,0,1
6,BOS,1315,1309,-6,1430,1426,-4,0,0,0,187,0,0,0,0,0,1
7,BOS,1315,1315,0,1430,1422,-8,0,0,0,187,0,0,0,0,0,1
1,BOS,1315,1310,-5,1430,1416,-14,0,0,0,187,0,0,0,0,0,1
2,BOS,1315,1312,-3,1430,1411,-19,0,0,0,187,0,0,0,0,0,1
3,BOS,1315,1315,0,1430,1419,-11,0,0,0,187,0,0,0,0,0,1
4,BOS,1315,1318,3,1430,1444,14,0,0,0,187,0,0,0,0,0,1
5,BOS,1315,1344,29,1430,1500,30,1,0,0,187,0,0,30,0,0,1
6,BOS,1315,1307,-8,1430,1440,10,0,0,0,187,0,0,0,0,0,1
7,BOS,1315,1311,-4,1430,1411,-19,0,0,0,187,0,0,0,0,0,1
1,BOS,1315,1312,-3,1430,1421,-9,0,0,0,187,0,0,0,0,0,1
2,BOS,1315,1535,140,1430,1709,159,1,0,0,187,0,0,19,0,140,1
3,BOS,1315,1407,52,1430,1627,117,1,0,0,187,0,0,117,0,0,1
4,BOS,1315,1330,15,1430,1451,21,1,0,0,187,0,0,21,0,0,1
5,BOS,1315,1309,-6,1430,1417,-13,0,0,0,187,0,0,0,0,0,1
6,BOS,1315,1313,-2,1430,1416,-14,0,0,0,187,0,0,0,0,0,1
7,BOS,1315,1510,115,1430,1655,145,1,0,0,187,0,0,31,0,114,1
1,BOS,1315,1316,1,1430,1432,2,0,0,0,187,0,0,0,0,0,1
2,BOS,1315,1321,6,1430,1434,4,0,0,0,187,0,0,0,0,0,1
3,BOS,1315,1410,55,1430,1515,45,1,0,0,187,45,0,0,0,0,1
5,BOS,1315,1306,-9,1430,1447,17,1,0,0,187,0,0,17,0,0,1
6,BOS,1315,1320,5,1430,1432,2,0,0,0,187,0,0,0,0,0,1
7,BOS,1315,1314,-1,1430,1434,4,0,0,0,187,0,0,0,0,0,1
1,BOS,1315,1324,9,1430,1435,5,0,0,0,187,0,0,0,0,0,1
2,BOS,1315,1344,29,1430,1450,20,1,0,0,187,1,0,0,0,19,1
3,BOS,1315,1306,-9,1430,1412,-18,0,0,0,187,0,0,0,0,0,1
4,BOS,1315,1308,-7,1430,1429,-1,0,0,0,187,0,0,0,0,0,1
5,BOS,1315,1309,-6,1430,1445,15,1,0,0,187,0,0,15,0,0,1
6,BOS,1315,1310,-5,1430,1418,-12,0,0,0,187,0,0,0,0,0,1
7,BOS,1315,1745,270,1430,1906,276,1,0,0,187,0,0,253,0,23,1
5,JFK,1530,1528,-2,1656,1634,-22,0,0,0,187,0,0,0,0,0,1
6,JFK,1530,1527,-3,1656,1704,8,0,0,0,187,0,0,0,0,0,1
7,JFK,1530,1527,-3,1656,1634,-22,0,0,0,187,0,0,0,0,0,1
1,JFK,1530,1525,-5,1656,1640,-16,0,0,0,187,0,0,0,0,0,1
2,JFK,1530,1631,61,1656,1736,40,1,0,0,187,0,0,40,0,0,1
3,JFK,1530,1527,-3,1656,1644,-12,0,0,0,187,0,0,0,0,0,1
4,JFK,1530,1522,-8,1656,1842,106,1,0,0,187,0,0,106,0,0,1
5,JFK,1530,1536,6,1656,1651,-5,0,0,0,187,0,0,0,0,0,1
6,JFK,1530,1642,72,1656,1810,74,1,0,0,187,72,0,2,0,0,1
7,JFK,1530,1531,1,1656,1638,-18,0,0,0,187,0,0,0,0,0,1
1,JFK,1530,1554,24,1656,1713,17,1,0,0,187,17,0,0,0,0,1
2,JFK,1530,1701,91,1656,1841,105,1,0,0,187,0,0,14,0,91,1
3,JFK,1530,1524,-6,1656,1637,-19,0,0,0,187,0,0,0,0,0,1
4,JFK,1530,1609,39,1656,1736,40,1,0,0,187,0,0,38,0,2,1
5,JFK,1530,1658,88,1656,1822,86,1,0,0,187,24,0,0,0,62,1
6,JFK,1530,1527,-3,1656,1649,-7,0,0,0,187,0,0,0,0,0,1
7,JFK,1530,1527,-3,1656,1642,-14,0,0,0,187,0,0,0,0,0,1
2,JFK,1530,1531,1,1656,1730,34,1,0,0,187,1,0,33,0,0,1
3,JFK,1530,1627,57,1656,1743,47,1,0,0,187,47,0,0,0,0,1
4,JFK,1530,1729,119,1656,1909,133,1,0,0,187,0,0,14,0,119,1
6,JFK,1530,1527,-3,1656,1647,-9,0,0,0,187,0,0,0,0,0,1
7,JFK,1530,1525,-5,1656,1639,-17,0,0,0,187,0,0,0,0,0,1
2,JFK,1530,1527,-3,1656,1652,-4,0,0,0,187,0,0,0,0,0,1
3,JFK,1530,1524,-6,1656,1636,-20,0,0,0,187,0,0,0,0,0,1
4,JFK,1530,1528,-2,1656,1639,-17,0,0,0,187,0,0,0,0,0,1
5,JFK,1530,1528,-2,1656,1643,-13,0,0,0,187,0,0,0,0,0,1
6,JFK,1530,1552,22,1656,1651,-5,0,0,0,187,0,0,0,0,0,1
7,JFK,1530,1856,206,1656,2038,222,1,0,0,187,97,0,16,0,109,1
5,JFK,815,912,57,1124,1252,88,1,0,0,1089,57,0,31,0,0,1
6,JFK,815,820,5,1118,1104,-14,0,0,0,1089,0,0,0,0,0,1
7,JFK,815,817,2,1118,1144,26,1,0,0,1089,2,0,24,0,0,1
1,JFK,815,815,0,1124,1119,-5,0,0,0,1089,0,0,0,0,0,1
2,JFK,815,813,-2,1123,1120,-3,0,0,0,1089,0,0,0,0,0,1
3,JFK,815,950,95,1123,1244,81,1,0,0,1089,81,0,0,0,0,1
4,JFK,815,817,2,1123,1118,-5,0,0,0,1089,0,0,0,0,0,1
5,JFK,815,809,-6,1123,1100,-23,0,0,0,1089,0,0,0,0,0,1
6,JFK,815,845,30,1118,1210,52,1,0,0,1089,0,0,22,0,30,1
7,JFK,815,818,3,1118,1119,1,0,0,0,1089,0,0,0,0,0,1
1,JFK,815,812,-3,1123,1129,6,0,0,0,1089,0,0,0,0,0,1
2,JFK,815,833,18,1123,1131,8,0,0,0,1089,0,0,0,0,0,1
3,JFK,815,812,-3,1123,1113,-10,0,0,0,1089,0,0,0,0,0,1
4,JFK,815,823,8,1123,1120,-3,0,0,0,1089,0,0,0,0,0,1
5,JFK,815,812,-3,1123,1108,-15,0,0,0,1089,0,0,0,0,0,1
6,JFK,815,820,5,1118,1131,13,0,0,0,1089,0,0,0,0,0,1
7,JFK,815,817,2,1118,1224,66,1,0,0,1089,2,0,64,0,0,1
1,JFK,815,841,26,1123,1127,4,0,0,0,1089,0,0,0,0,0,1
2,JFK,815,811,-4,1123,1120,-3,0,0,0,1089,0,0,0,0,0,1
3,JFK,815,813,-2,1123,1108,-15,0,0,0,1089,0,0,0,0,0,1
4,JFK,815,815,0,1123,1130,7,0,0,0,1089,0,0,0,0,0,1
5,JFK,815,811,-4,1123,1120,-3,0,0,0,1089,0,0,0,0,0,1
6,JFK,815,814,-1,1118,1058,-20,0,0,0,1089,0,0,0,0,0,1
7,JFK,815,820,5,1118,1102,-16,0,0,0,1089,0,0,0,0,0,1
1,JFK,815,809,-6,1123,1124,1,0,0,0,1089,0,0,0,0,0,1
2,JFK,815,755,-20,1123,1124,1,0,0,0,1089,0,0,0,0,0,1
3,JFK,815,813,-2,1123,1130,7,0,0,0,1089,0,0,0,0,0,1
4,JFK,815,818,3,1123,1116,-7,0,0,0,1089,0,0,0,0,0,1
5,JFK,815,815,0,1123,1120,-3,0,0,0,1089,0,0,0,0,0,1
6,JFK,815,813,-2,1118,1108,-10,0,0,0,1089,0,0,0,0,0,1
7,JFK,815,823,8,1118,1154,36,1,0,0,1089,8,0,28,0,0,1
5,LAX,1255,1330,35,2127,2242,75,1,0,0,2611,0,0,75,0,0,1
6,LAX,1310,1349,39,2142,2152,10,0,0,0,2611,0,0,0,0,0,1
7,LAX,1310,1413,63,2142,2235,53,1,0,0,2611,0,0,0,18,35,1
1,LAX,1255,1251,-4,2127,2108,-19,0,0,0,2611,0,0,0,0,0,1
2,LAX,1245,1302,17,2118,2130,12,0,0,0,2611,0,0,0,0,0,1
3,LAX,1245,1300,15,2118,2119,1,0,0,0,2611,0,0,0,0,0,1
4,LAX,1245,1252,7,2118,2140,22,1,0,0,2611,7,0,15,0,0,1
5,LAX,1245,1323,38,2118,2143,25,1,0,0,2611,0,0,25,0,0,1
6,LAX,1310,1301,-9,2142,2122,-20,0,0,0,2611,0,0,0,0,0,1
7,LAX,1310,1509,119,2142,2339,117,1,0,0,2611,0,0,0,0,117,1
1,LAX,1245,1244,-1,2118,2116,-2,0,0,0,2611,0,0,0,0,0,1
2,LAX,1245,1249,4,2118,2118,0,0,0,0,2611,0,0,0,0,0,1
3,LAX,1245,1257,12,2118,2123,5,0,0,0,2611,0,0,0,0,0,1
4,LAX,1245,1240,-5,2118,2056,-22,0,0,0,2611,0,0,0,0,0,1
5,LAX,1245,1241,-4,2118,2056,-22,0,0,0,2611,0,0,0,0,0,1
6,LAX,1310,1359,49,2142,2211,29,1,0,0,2611,18,0,0,0,11,1
7,LAX,1310,1306,-4,2142,2148,6,0,0,0,2611,0,0,0,0,0,1
1,LAX,1245,1246,1,2118,2121,3,0,0,0,2611,0,0,0,0,0,1
2,LAX,1245,1240,-5,2118,2124,6,0,0,0,2611,0,0,0,0,0,1
3,LAX,1245,1238,-7,2118,2104,-14,0,0,0,2611,0,0,0,0,0,1
4,LAX,1245,1245,0,2118,2116,-2,0,0,0,2611,0,0,0,0,0,1
5,LAX,1245,1339,54,2118,2221,63,1,0,0,2611,14,0,9,0,40,1
6,LAX,1310,1345,35,2142,2222,40,1,0,0,2611,10,0,5,0,25,1
7,LAX,1310,1336,26,2142,2155,13,0,0,0,2611,0,0,0,0,0,1
1,LAX,1245,1304,19,2118,2140,22,1,0,0,2611,0,0,22,0,0,1
2,LAX,1245,1344,59,2118,2151,33,1,0,0,2611,8,0,0,0,25,1
3,LAX,1245,1245,0,2118,2116,-2,0,0,0,2611,0,0,0,0,0,1
4,LAX,1245,1247,2,2118,2117,-1,0,0,0,2611,0,0,0,0,0,1
5,LAX,1245,1249,4,2118,2123,5,0,0,0,2611,0,0,0,0,0,1
6,LAX,1310,1311,1,2142,2227,45,1,0,0,2611,0,0,44,0,1,1
7,LAX,1310,1423,73,2142,2303,81,1,0,0,2611,0,0,12,0,69,1
6,JFK,2125,2125,0,11,2,-9,0,0,0,2248,0,0,0,0,0,1
7,JFK,2125,2143,18,11,8,-3,0,0,0,2248,0,0,0,0,0,1
1,JFK,2125,2136,11,11,15,4,0,0,0,2248,0,0,0,0,0,1
6,LAS,2200,2317,77,606,710,64,1,0,0,2248,64,0,0,0,0,1
7,LAS,2200,2155,-5,606,537,-29,0,0,0,2248,0,0,0,0,0,1
1,LAS,2200,2201,1,606,556,-10,0,0,0,2248,0,0,0,0,0,1
5,LAX,1420,1615,115,1707,1909,122,1,0,0,2486,0,0,7,0,115,1
6,LAX,1420,1418,-2,1707,1704,-3,0,0,0,2486,0,0,0,0,0,1
7,LAX,1420,1418,-2,1707,1655,-12,0,0,0,2486,0,0,0,0,0,1
1,LAX,1420,1415,-5,1707,1704,-3,0,0,0,2486,0,0,0,0,0,1
2,LAX,1420,1436,16,1707,1714,7,0,0,0,2486,0,0,0,0,0,1
3,LAX,1420,1445,25,1707,1718,11,0,0,0,2486,0,0,0,0,0,1
4,LAX,1420,1413,-7,1707,1658,-9,0,0,0,2486,0,0,0,0,0,1
5,LAX,1420,1732,192,1707,2013,186,1,0,0,2486,0,0,0,0,186,1
6,LAX,1420,1409,-11,1707,1649,-18,0,0,0,2486,0,0,0,0,0,1
7,LAX,1420,1418,-2,1707,1701,-6,0,0,0,2486,0,0,0,0,0,1
1,LAX,1420,1414,-6,1707,1716,9,0,0,0,2486,0,0,0,0,0,1
2,LAX,1420,1417,-3,1707,1709,2,0,0,0,2486,0,0,0,0,0,1
3,LAX,1420,1437,17,1707,1722,15,1,0,0,2486,15,0,0,0,0,1
4,LAX,1420,1417,-3,1707,1658,-9,0,0,0,2486,0,0,0,0,0,1
5,LAX,1420,1439,19,1707,1713,6,0,0,0,2486,0,0,0,0,0,1
6,LAX,1420,1418,-2,1707,1659,-8,0,0,0,2486,0,0,0,0,0,1
7,LAX,1420,1413,-7,1707,1651,-16,0,0,0,2486,0,0,0,0,0,1
1,LAX,1420,1417,-3,1707,1702,-5,0,0,0,2486,0,0,0,0,0,1
2,LAX,1420,1420,0,1707,1654,-13,0,0,0,2486,0,0,0,0,0,1
3,LAX,1420,1413,-7,1707,1708,1,0,0,0,2486,0,0,0,0,0,1
4,LAX,1420,1417,-3,1707,1646,-21,0,0,0,2486,0,0,0,0,0,1
5,LAX,1420,1416,-4,1707,1653,-14,0,0,0,2486,0,0,0,0,0,1
6,LAX,1420,1417,-3,1707,1707,0,0,0,0,2486,0,0,0,0,0,1
7,LAX,1420,1421,1,1707,1701,-6,0,0,0,2486,0,0,0,0,0,1
1,LAX,1420,1633,133,1707,1856,109,1,0,0,2486,11,0,0,0,98,1
2,LAX,1420,1442,22,1707,1714,7,0,0,0,2486,0,0,0,0,0,1
3,LAX,1420,1549,89,1707,1807,60,1,0,0,2486,0,0,0,0,60,1
4,LAX,1420,1442,22,1707,1704,-3,0,0,0,2486,0,0,0,0,0,1
5,LAX,1420,1456,36,1707,1728,21,1,0,0,2486,0,0,0,0,21,1
6,LAX,1420,1423,3,1707,1657,-10,0,0,0,2486,0,0,0,0,0,1
7,LAX,1420,1419,-1,1707,1703,-4,0,0,0,2486,0,0,0,0,0,1
5,DFW,1220,1219,-1,1617,1612,-5,0,0,0,1121,0,0,0,0,0,1
6,DFW,1220,1233,13,1617,1617,0,0,0,0,1121,0,0,0,0,0,1
7,DFW,1220,1217,-3,1617,1601,-16,0,0,0,1121,0,0,0,0,0,1
1,DFW,1220,1226,6,1617,1637,20,1,0,0,1121,0,0,14,0,6,1
2,DFW,1220,1255,35,1617,1648,31,1,0,0,1121,31,0,0,0,0,1
3,DFW,1220,1226,6,1617,1607,-10,0,0,0,1121,0,0,0,0,0,1
4,DFW,1220,1219,-1,1617,1555,-22,0,0,0,1121,0,0,0,0,0,1
5,DFW,1220,1310,50,1617,1719,62,1,0,0,1121,5,0,12,0,45,1
6,DFW,1220,1229,9,1617,1620,3,0,0,0,1121,0,0,0,0,0,1
7,DFW,1220,1217,-3,1617,1558,-19,0,0,0,1121,0,0,0,0,0,1
1,DFW,1220,1218,-2,1617,1605,-12,0,0,0,1121,0,0,0,0,0,1
2,DFW,1220,1222,2,1617,1623,6,0,0,0,1121,0,0,0,0,0,1
3,DFW,1220,1219,-1,1617,1616,-1,0,0,0,1121,0,0,0,0,0,1
4,DFW,1220,1224,4,1617,1623,6,0,0,0,1121,0,0,0,0,0,1
5,DFW,1220,1232,12,1617,1625,8,0,0,0,1121,0,0,0,0,0,1
6,DFW,1220,1229,9,1617,1616,-1,0,0,0,1121,0,0,0,0,0,1
7,DFW,1220,1218,-2,1617,1558,-19,0,0,0,1121,0,0,0,0,0,1
1,DFW,1220,1216,-4,1617,1559,-18,0,0,0,1121,0,0,0,0,0,1
2,DFW,1220,1220,0,1617,1612,-5,0,0,0,1121,0,0,0,0,0,1
3,DFW,1220,1221,1,1617,1611,-6,0,0,0,1121,0,0,0,0,0,1
4,DFW,1220,1223,3,1617,1626,9,0,0,0,1121,0,0,0,0,0,1
5,DFW,1220,1805,345,1617,2144,327,1,0,0,1121,188,0,0,0,139,1
6,DFW,1220,1219,-1,1617,1558,-19,0,0,0,1121,0,0,0,0,0,1
7,DFW,1220,1432,132,1617,1821,124,1,0,0,1121,13,0,0,0,111,1
1,DFW,1220,1239,19,1617,1636,19,1,0,0,1121,16,0,0,0,3,1
2,DFW,1220,1220,0,1617,1630,13,0,0,0,1121,0,0,0,0,0,1
3,DFW,1220,1217,-3,1617,1619,2,0,0,0,1121,0,0,0,0,0,1
4,DFW,1220,1232,12,1617,1642,25,1,0,0,1121,12,0,13,0,0,1
5,DFW,1220,1223,3,1617,1609,-8,0,0,0,1121,0,0,0,0,0,1
6,DFW,1220,1228,8,1617,1609,-8,0,0,0,1121,0,0,0,0,0,1
7,DFW,1220,1221,1,1617,1616,-1,0,0,0,1121,0,0,0,0,0,1
5,SFO,815,810,-5,1654,1805,71,1,0,0,2585,0,0,71,0,0,1
6,SFO,815,811,-4,1654,1717,23,1,0,0,2585,0,0,23,0,0,1
7,SFO,815,814,-1,1654,1645,-9,0,0,0,2585,0,0,0,0,0,1
1,SFO,815,909,54,1654,1733,39,1,0,0,2585,39,0,0,0,0,1
2,SFO,815,821,6,1654,1702,8,0,0,0,2585,0,0,0,0,0,1
3,SFO,815,810,-5,1654,1643,-11,0,0,0,2585,0,0,0,0,0,1
4,SFO,815,813,-2,1654,1646,-8,0,0,0,2585,0,0,0,0,0,1
5,SFO,815,936,81,1654,1806,72,1,0,0,2585,72,0,0,0,0,1
6,SFO,815,808,-7,1654,1659,5,0,0,0,2585,0,0,0,0,0,1
7,SFO,815,807,-8,1654,1639,-15,0,0,0,2585,0,0,0,0,0,1
1,SFO,815,819,4,1654,1705,11,0,0,0,2585,0,0,0,0,0,1
2,SFO,815,829,14,1654,1657,3,0,0,0,2585,0,0,0,0,0,1
3,SFO,815,815,0,1654,1649,-5,0,0,0,2585,0,0,0,0,0,1
4,SFO,815,815,0,1654,1700,6,0,0,0,2585,0,0,0,0,0,1
5,SFO,815,820,5,1654,1700,6,0,0,0,2585,0,0,0,0,0,1
6,SFO,815,809,-6,1654,1713,19,1,0,0,2585,0,0,19,0,0,1
7,SFO,815,815,0,1654,1705,11,0,0,0,2585,0,0,0,0,0,1
1,SFO,815,813,-2,1654,1714,20,1,0,0,2585,0,0,20,0,0,1
2,SFO,815,812,-3,1654,1703,9,0,0,0,2585,0,0,0,0,0,1
3,SFO,815,819,4,1654,1658,4,0,0,0,2585,0,0,0,0,0,1
4,SFO,815,814,-1,1654,1648,-6,0,0,0,2585,0,0,0,0,0,1
5,SFO,815,833,18,1654,1730,36,1,0,0,2585,18,0,18,0,0,1
6,SFO,815,822,7,1654,1648,-6,0,0,0,2585,0,0,0,0,0,1
7,SFO,815,812,-3,1654,1707,13,0,0,0,2585,0,0,0,0,0,1
1,SFO,815,816,1,1654,1653,-1,0,0,0,2585,0,0,0,0,0,1
2,SFO,815,815,0,1654,1735,41,1,0,0,2585,0,0,41,0,0,1
3,SFO,815,810,-5,1654,1651,-3,0,0,0,2585,0,0,0,0,0,1
4,SFO,815,814,-1,1654,1638,-16,0,0,0,2585,0,0,0,0,0,1
5,SFO,815,814,-1,1654,1659,5,0,0,0,2585,0,0,0,0,0,1
6,SFO,815,813,-2,1654,1636,-18,0,0,0,2585,0,0,0,0,0,1
7,SFO,815,839,24,1654,1734,40,1,0,0,2585,24,0,16,0,0,1
5,LAX,1715,1939,144,1836,2112,156,1,0,0,337,0,0,24,0,132,1
6,LAX,1715,1746,31,1836,1903,27,1,0,0,337,0,0,0,0,27,1
7,LAX,1715,1732,17,1836,1852,16,1,0,0,337,12,0,0,0,4,1
1,LAX,1715,1831,76,1836,2002,86,1,0,0,337,0,0,10,17,59,1
2,LAX,1715,1731,16,1836,1855,19,1,0,0,337,16,0,3,0,0,1
3,LAX,1715,1723,8,1836,1847,11,0,0,0,337,0,0,0,0,0,1
4,LAX,1715,1710,-5,1836,1829,-7,0,0,0,337,0,0,0,0,0,1
5,LAX,1715,1737,22,1836,1858,22,1,0,0,337,0,0,0,0,22,1
6,LAX,1715,1709,-6,1836,1842,6,0,0,0,337,0,0,0,0,0,1
7,LAX,1715,1724,9,1836,1843,7,0,0,0,337,0,0,0,0,0,1
1,LAX,1715,1707,-8,1836,1841,5,0,0,0,337,0,0,0,0,0,1
2,LAX,1715,1710,-5,1836,1830,-6,0,0,0,337,0,0,0,0,0,1
3,LAX,1715,1917,122,1836,2027,111,1,0,0,337,0,0,0,0,111,1
4,LAX,1715,1719,4,1836,1839,3,0,0,0,337,0,0,0,0,0,1
5,LAX,1715,1932,137,1836,2105,149,1,0,0,337,0,0,12,0,137,1
6,LAX,1715,1720,5,1836,1832,-4,0,0,0,337,0,0,0,0,0,1
7,LAX,1715,1815,60,1836,1927,51,1,0,0,337,0,0,0,0,51,1
1,LAX,1715,1714,-1,1836,1833,-3,0,0,0,337,0,0,0,0,0,1
2,LAX,1715,2009,174,1836,2143,187,1,0,0,337,106,0,13,0,68,1
3,LAX,1715,1711,-4,1836,1827,-9,0,0,0,337,0,0,0,0,0,1
4,LAX,1715,1710,-5,1836,1846,10,0,0,0,337,0,0,0,0,0,1
5,LAX,1715,1735,20,1836,1913,37,1,0,0,337,0,0,17,0,20,1
6,LAX,1715,1739,24,1836,1904,28,1,0,0,337,24,0,4,0,0,1
7,LAX,1715,1755,40,1836,1915,39,1,0,0,337,9,0,0,0,30,1
1,LAX,1715,1715,0,1836,1844,8,0,0,0,337,0,0,0,0,0,1
2,LAX,1715,1727,12,1836,1832,-4,0,0,0,337,0,0,0,0,0,1
3,LAX,1715,1715,0,1836,1841,5,0,0,0,337,0,0,0,0,0,1
4,LAX,1715,1717,2,1836,1844,8,0,0,0,337,0,0,0,0,0,1
5,LAX,1715,1710,-5,1836,1835,-1,0,0,0,337,0,0,0,0,0,1
6,LAX,1715,1719,4,1836,1840,4,0,0,0,337,0,0,0,0,0,1
7,LAX,1715,1832,77,1836,1955,79,1,0,0,337,67,0,2,0,10,1
5,LAS,800,800,0,1605,1600,-5,0,0,0,2248,0,0,0,0,0,1
7,LAS,800,1252,292,1605,2118,313,1,0,0,2248,292,0,21,0,0,1
1,LAS,800,752,-8,1605,1537,-28,0,0,0,2248,0,0,0,0,0,1
2,LAS,800,757,-3,1605,1535,-30,0,0,0,2248,0,0,0,0,0,1
3,LAS,800,757,-3,1605,1606,1,0,0,0,2248,0,0,0,0,0,1
4,LAS,800,755,-5,1605,1552,-13,0,0,0,2248,0,0,0,0,0,1
5,LAS,800,754,-6,1605,1706,61,1,0,0,2248,0,0,61,0,0,1
6,LAS,754,758,4,1600,1541,-19,0,0,0,2248,0,0,0,0,0,1
7,LAS,800,757,-3,1605,1548,-17,0,0,0,2248,0,0,0,0,0,1
1,LAS,800,828,28,1605,1621,16,1,0,0,2248,16,0,0,0,0,1
2,LAS,800,757,-3,1605,1542,-23,0,0,0,2248,0,0,0,0,0,1
3,LAS,800,917,77,1605,1715,70,1,0,0,2248,70,0,0,0,0,1
4,LAS,800,757,-3,1605,1613,8,0,0,0,2248,0,0,0,0,0,1
5,LAS,800,757,-3,1605,1547,-18,0,0,0,2248,0,0,0,0,0,1
6,LAS,754,747,-7,1600,1530,-30,0,0,0,2248,0,0,0,0,0,1
7,LAS,800,756,-4,1605,1600,-5,0,0,0,2248,0,0,0,0,0,1
2,LAS,800,756,-4,1605,1620,15,1,0,0,2248,0,0,15,0,0,1
3,LAS,800,758,-2,1605,1635,30,1,0,0,2248,0,0,30,0,0,1
4,LAS,800,803,3,1605,1624,19,1,0,0,2248,3,0,16,0,0,1
5,LAS,800,759,-1,1605,1551,-14,0,0,0,2248,0,0,0,0,0,1
6,LAS,754,749,-5,1600,1558,-2,0,0,0,2248,0,0,0,0,0,1
7,LAS,800,759,-1,1605,1617,12,0,0,0,2248,0,0,0,0,0,1
1,LAS,800,805,5,1605,1616,11,0,0,0,2248,0,0,0,0,0,1
2,LAS,800,850,50,1605,1630,25,1,0,0,2248,25,0,0,0,0,1
3,LAS,800,802,2,1605,1604,-1,0,0,0,2248,0,0,0,0,0,1
4,LAS,800,758,-2,1605,1607,2,0,0,0,2248,0,0,0,0,0,1
5,LAS,800,811,11,1605,1616,11,0,0,0,2248,0,0,0,0,0,1
6,LAS,754,747,-7,1600,1557,-3,0,0,0,2248,0,0,0,0,0,1
7,LAS,800,801,1,1605,1614,9,0,0,0,2248,0,0,0,0,0,1
6,JFK,1720,1721,1,2012,2028,16,1,0,0,2248,1,0,15,0,0,1
7,JFK,1720,1715,-5,2012,1949,-23,0,0,0,2248,0,0,0,0,0,1
1,JFK,1720,1801,41,2012,2035,23,1,0,0,2248,0,0,0,0,23,1
2,JFK,1720,1715,-5,2012,1953,-19,0,0,0,2248,0,0,0,0,0,1
3,JFK,1720,1717,-3,2012,1955,-17,0,0,0,2248,0,0,0,0,0,1
4,JFK,1720,1719,-1,2012,2018,6,0,0,0,2248,0,0,0,0,0,1
5,JFK,1720,1727,7,2012,2053,41,1,0,0,2248,0,0,41,0,0,1
6,JFK,1720,1721,1,2012,2021,9,0,0,0,2248,0,0,0,0,0,1
7,JFK,1720,1718,-2,2012,1945,-27,0,0,0,2248,0,0,0,0,0,1
1,JFK,1720,1821,61,2012,2103,51,1,0,0,2248,51,0,0,0,0,1
2,JFK,1720,1717,-3,2012,1951,-21,0,0,0,2248,0,0,0,0,0,1
3,JFK,1720,1736,16,2012,2038,26,1,0,0,2248,16,0,10,0,0,1
4,JFK,1720,1850,90,2012,2133,81,1,0,0,2248,0,11,0,0,70,1
5,JFK,1720,1752,32,2012,2015,3,0,0,0,2248,0,0,0,0,0,1
6,JFK,1720,1756,36,2012,2035,23,1,0,0,2248,0,23,0,0,0,1
7,JFK,1720,1836,76,2012,2112,60,1,0,0,2248,60,0,0,0,0,1
1,JFK,1720,1812,52,2012,2053,41,1,0,0,2248,0,0,41,0,0,1
2,JFK,1720,1718,-2,2012,2037,25,1,0,0,2248,0,0,25,0,0,1
3,JFK,1720,1722,2,2012,2000,-12,0,0,0,2248,0,0,0,0,0,1
4,JFK,1720,1717,-3,2012,1945,-27,0,0,0,2248,0,0,0,0,0,1
5,JFK,1720,1839,79,2012,2117,65,1,0,0,2248,26,0,0,0,39,1
6,JFK,1720,1855,95,2012,2127,75,1,0,0,2248,75,0,0,0,0,1
7,JFK,1720,1718,-2,2012,1958,-14,0,0,0,2248,0,0,0,0,0,1
1,JFK,1720,2035,195,2012,2339,207,1,0,0,2248,0,195,12,0,0,1
2,JFK,1720,1849,89,2012,2146,94,1,0,0,2248,89,0,5,0,0,1
3,JFK,1720,1718,-2,2012,2039,27,1,0,0,2248,0,0,27,0,0,1
4,JFK,1720,1837,77,2012,2220,128,1,0,0,2248,0,0,126,0,2,1
5,JFK,1720,1731,11,2012,2011,-1,0,0,0,2248,0,0,0,0,0,1
6,JFK,1720,1818,58,2012,2111,59,1,0,0,2248,0,0,25,0,34,1
7,JFK,1720,1716,-4,2012,1946,-26,0,0,0,2248,0,0,0,0,0,1
5,SFO,1945,2147,122,2126,2322,116,1,0,0,337,0,0,0,0,116,1
6,SFO,1944,1949,5,2125,2126,1,0,0,0,337,0,0,0,0,0,1
7,SFO,1944,2006,22,2125,2132,7,0,0,0,337,0,0,0,0,0,1
1,SFO,1944,2044,60,2125,2225,60,1,0,0,337,0,0,0,0,60,1
2,SFO,1944,1945,1,2125,2151,26,1,0,0,337,0,0,26,0,0,1
3,SFO,1944,2002,18,2125,2142,17,1,0,0,337,0,0,17,0,0,1
4,SFO,1944,1941,-3,2125,2136,11,0,0,0,337,0,0,0,0,0,1
5,SFO,1944,1941,-3,2125,2136,11,0,0,0,337,0,0,0,0,0,1
6,SFO,1944,2028,44,2125,2203,38,1,0,0,337,38,0,0,0,0,1
7,SFO,1944,1954,10,2125,2234,69,1,0,0,337,10,0,59,0,0,1
1,SFO,1944,1937,-7,2125,2153,28,1,0,0,337,0,0,28,0,0,1
2,SFO,1944,2002,18,2125,2134,9,0,0,0,337,0,0,0,0,0,1
3,SFO,1944,2108,84,2125,2247,82,1,0,0,337,0,0,0,0,82,1
4,SFO,1944,1938,-6,2125,2128,3,0,0,0,337,0,0,0,0,0,1
5,SFO,1944,2145,121,2125,2318,113,1,0,0,337,0,0,0,0,113,1
6,SFO,1944,1945,1,2125,2103,-22,0,0,0,337,0,0,0,0,0,1
7,SFO,1944,2013,29,2125,2200,35,1,0,0,337,1,0,6,0,28,1
1,SFO,1944,1939,-5,2125,2151,26,1,0,0,337,0,0,26,0,0,1
2,SFO,1944,2222,158,2125,2342,137,1,0,0,337,137,0,0,0,0,1
3,SFO,1944,2015,31,2125,2205,40,1,0,0,337,0,0,9,0,31,1
4,SFO,1944,1943,-1,2125,2137,12,0,0,0,337,0,0,0,0,0,1
5,SFO,1944,1956,12,2125,2200,35,1,0,0,337,0,0,23,0,12,1
6,SFO,1944,1951,7,2125,2129,4,0,0,0,337,0,0,0,0,0,1
7,SFO,1944,1952,8,2125,2135,10,0,0,0,337,0,0,0,0,0,1
1,SFO,1944,1940,-4,2125,2115,-10,0,0,0,337,0,0,0,0,0,1
2,SFO,1944,1940,-4,2125,2107,-18,0,0,0,337,0,0,0,0,0,1
3,SFO,1944,1941,-3,2125,2121,-4,0,0,0,337,0,0,0,0,0,1
4,SFO,1944,1940,-4,2125,2129,4,0,0,0,337,0,0,0,0,0,1
5,SFO,1944,1935,-9,2125,2125,0,0,0,0,337,0,0,0,0,0,1
6,SFO,1944,1939,-5,2125,2104,-21,0,0,0,337,0,0,0,0,0,1
7,SFO,1944,2049,65,2125,2230,65,1,0,0,337,0,0,0,0,65,1
5,LAX,2356,49,53,610,703,53,1,0,0,1744,0,0,14,0,39,1
6,LAX,2357,4,7,611,549,-22,0,0,0,1744,0,0,0,0,0,1
7,LAX,2357,2358,1,611,556,-15,0,0,0,1744,0,0,0,0,0,1
1,LAX,2357,1,4,611,604,-7,0,0,0,1744,0,0,0,0,0,1
2,LAX,2357,2358,1,611,621,10,0,0,0,1744,0,0,0,0,0,1
3,LAX,2357,2358,1,611,608,-3,0,0,0,1744,0,0,0,0,0,1
4,LAX,2357,2,5,611,624,13,0,0,0,1744,0,0,0,0,0,1
5,LAX,2357,41,44,611,651,40,1,0,0,1744,0,0,40,0,0,1
6,LAX,2357,52,55,611,705,54,1,0,0,1744,54,0,0,0,0,1
7,LAX,2357,27,30,611,657,46,1,0,0,1744,16,0,16,0,14,1
1,LAX,2357,2358,1,611,607,-4,0,0,0,1744,0,0,0,0,0,1
2,LAX,2357,5,8,611,619,8,0,0,0,1744,0,0,0,0,0,1
3,LAX,2357,17,20,611,619,8,0,0,0,1744,0,0,0,0,0,1
4,LAX,2357,10,13,611,623,12,0,0,0,1744,0,0,0,0,0,1
5,LAX,2357,6,9,611,550,-21,0,0,0,1744,0,0,0,0,0,1
6,LAX,2357,2352,-5,611,555,-16,0,0,0,1744,0,0,0,0,0,1
7,LAX,2357,15,18,611,620,9,0,0,0,1744,0,0,0,0,0,1
1,LAX,2357,1,4,611,610,-1,0,0,0,1744,0,0,0,0,0,1
2,LAX,2357,103,66,611,709,58,1,0,0,1744,0,0,0,0,58,1
3,LAX,2357,9,12,611,635,24,1,0,0,1744,12,0,12,0,0,1
4,LAX,2357,36,39,611,644,33,1,0,0,1744,19,0,0,0,14,1
5,LAX,2357,15,18,611,622,11,0,0,0,1744,0,0,0,0,0,1
6,LAX,2357,13,16,611,622,11,0,0,0,1744,0,0,0,0,0,1
7,LAX,2357,11,14,611,608,-3,0,0,0,1744,0,0,0,0,0,1
1,LAX,2357,11,14,611,615,4,0,0,0,1744,0,0,0,0,0,1
2,LAX,2357,2400,3,611,624,13,0,0,0,1744,0,0,0,0,0,1
3,LAX,2357,2355,-2,611,602,-9,0,0,0,1744,0,0,0,0,0,1
4,LAX,2357,19,22,611,651,40,1,0,0,1744,15,0,18,0,7,1
6,LAX,2357,18,21,611,623,12,0,0,0,1744,0,0,0,0,0,1
7,LAX,2357,48,51,611,701,50,1,0,0,1744,50,0,0,0,0,1
5,BOS,1822,1909,47,2150,2336,106,1,0,0,2611,0,7,59,0,40,1
6,BOS,1822,1832,10,2150,2212,22,1,0,0,2611,10,0,12,0,0,1
7,SFO,1311,1306,-5,1445,1435,-10,0,0,0,337,0,0,0,0,0,1
1,SFO,1311,1335,24,1445,1519,34,1,0,0,337,1,0,10,0,23,1
2,SFO,1311,1436,85,1445,1601,76,1,0,0,337,0,0,0,0,76,1
3,SFO,1311,1311,0,1445,1451,6,0,0,0,337,0,0,0,0,0,1
4,SFO,1311,1428,77,1445,1603,78,1,0,0,337,0,0,1,0,77,1
5,SFO,1311,1420,69,1445,1546,61,1,0,0,337,1,0,0,0,60,1
6,SFO,1311,1309,-2,1445,1435,-10,0,0,0,337,0,0,0,0,0,1
7,SFO,1311,1310,-1,1445,1432,-13,0,0,0,337,0,0,0,0,0,1
1,SFO,1311,1336,25,1445,1512,27,1,0,0,337,4,0,2,0,21,1
2,SFO,1311,1315,4,1445,1439,-6,0,0,0,337,0,0,0,0,0,1
3,SFO,1311,1310,-1,1445,1439,-6,0,0,0,337,0,0,0,0,0,1
4,SFO,1311,1323,12,1445,1500,15,1,0,0,337,1,0,3,0,11,1
5,SFO,1311,1305,-6,1445,1425,-20,0,0,0,337,0,0,0,0,0,1
6,SFO,1311,1342,31,1445,1456,11,0,0,0,337,0,0,0,0,0,1
7,SFO,1311,1343,32,1445,1538,53,1,0,0,337,15,0,21,0,17,1
1,SFO,1311,1310,-1,1445,1427,-18,0,0,0,337,0,0,0,0,0,1
2,SFO,1311,1308,-3,1445,1436,-9,0,0,0,337,0,0,0,0,0,1
3,SFO,1311,1306,-5,1445,1435,-10,0,0,0,337,0,0,0,0,0,1
4,SFO,1311,1417,66,1445,1538,53,1,0,0,337,50,0,0,0,3,1
5,SFO,1311,1447,96,1445,1625,100,1,0,0,337,2,0,4,0,94,1
6,SFO,1311,1307,-4,1445,1442,-3,0,0,0,337,0,0,0,0,0,1
7,SFO,1311,1345,34,1445,1515,30,1,0,0,337,0,0,0,0,30,1
5,DEN,815,825,10,1113,1119,6,0,0,0,641,0,0,0,0,0,1
6,DEN,730,752,22,1028,1044,16,1,0,0,641,16,0,0,0,0,1
7,DEN,815,816,1,1113,1112,-1,0,0,0,641,0,0,0,0,0,1
1,DEN,815,815,0,1113,1101,-12,0,0,0,641,0,0,0,0,0,1
2,DEN,815,811,-4,1113,1116,3,0,0,0,641,0,0,0,0,0,1
3,DEN,815,809,-6,1113,1053,-20,0,0,0,641,0,0,0,0,0,1
4,DEN,815,808,-7,1113,1103,-10,0,0,0,641,0,0,0,0,0,1
5,DEN,815,813,-2,1113,1112,-1,0,0,0,641,0,0,0,0,0,1
6,DEN,730,1010,160,1028,1301,153,1,0,0,641,153,0,0,0,0,1
7,DEN,815,910,55,1113,1159,46,1,0,0,641,46,0,0,0,0,1
1,DEN,815,819,4,1113,1112,-1,0,0,0,641,0,0,0,0,0,1
2,DEN,815,813,-2,1113,1119,6,0,0,0,641,0,0,0,0,0,1
3,DEN,815,812,-3,1113,1101,-12,0,0,0,641,0,0,0,0,0,1
4,DEN,815,813,-2,1113,1100,-13,0,0,0,641,0,0,0,0,0,1
5,DEN,815,922,67,1113,1253,100,1,0,0,641,67,0,33,0,0,1
6,DEN,730,731,1,1028,1013,-15,0,0,0,641,0,0,0,0,0,1
7,DEN,815,808,-7,1113,1105,-8,0,0,0,641,0,0,0,0,0,1
1,DEN,815,812,-3,1113,1105,-8,0,0,0,641,0,0,0,0,0,1
2,DEN,815,903,48,1113,1158,45,1,0,0,641,45,0,0,0,0,1
3,DEN,815,1033,138,1113,1326,133,1,0,0,641,133,0,0,0,0,1
4,DEN,815,810,-5,1113,1107,-6,0,0,0,641,0,0,0,0,0,1
5,DEN,815,812,-3,1113,1105,-8,0,0,0,641,0,0,0,0,0,1
6,DEN,730,727,-3,1028,1014,-14,0,0,0,641,0,0,0,0,0,1
7,DEN,815,813,-2,1113,1106,-7,0,0,0,641,0,0,0,0,0,1
1,DEN,815,813,-2,1113,1106,-7,0,0,0,641,0,0,0,0,0,1
2,DEN,815,1006,111,1113,1257,104,1,0,0,641,104,0,0,0,0,1
3,DEN,815,810,-5,1113,1113,0,0,0,0,641,0,0,0,0,0,1
4,DEN,815,1003,108,1113,1252,99,1,0,0,641,99,0,0,0,0,1
5,DEN,815,1001,106,1113,1255,102,1,0,0,641,102,0,0,0,0,1
6,DEN,730,730,0,1028,1018,-10,0,0,0,641,0,0,0,0,0,1
7,DEN,815,811,-4,1113,1055,-18,0,0,0,641,0,0,0,0,0,1
5,DFW,720,720,0,901,853,-8,0,0,0,1464,0,0,0,0,0,1
6,DFW,720,741,21,901,909,8,0,0,0,1464,0,0,0,0,0,1
7,DFW,720,716,-4,901,841,-20,0,0,0,1464,0,0,0,0,0,1
1,DFW,720,836,76,901,1006,65,1,0,0,1464,0,65,0,0,0,1
2,DFW,720,717,-3,901,914,13,0,0,0,1464,0,0,0,0,0,1
3,DFW,720,721,1,901,856,-5,0,0,0,1464,0,0,0,0,0,1
4,DFW,720,718,-2,901,852,-9,0,0,0,1464,0,0,0,0,0,1
5,DFW,720,718,-2,901,855,-6,0,0,0,1464,0,0,0,0,0,1
6,DFW,720,719,-1,901,858,-3,0,0,0,1464,0,0,0,0,0,1
7,DFW,720,723,3,901,859,-2,0,0,0,1464,0,0,0,0,0,1
1,DFW,720,719,-1,901,906,5,0,0,0,1464,0,0,0,0,0,1
2,DFW,720,723,3,901,900,-1,0,0,0,1464,0,0,0,0,0,1
3,DFW,720,715,-5,901,852,-9,0,0,0,1464,0,0,0,0,0,1
4,DFW,720,715,-5,901,848,-13,0,0,0,1464,0,0,0,0,0,1
5,DFW,720,720,0,901,853,-8,0,0,0,1464,0,0,0,0,0,1
6,DFW,720,715,-5,901,842,-19,0,0,0,1464,0,0,0,0,0,1
7,DFW,720,716,-4,901,848,-13,0,0,0,1464,0,0,0,0,0,1
1,DFW,720,716,-4,901,858,-3,0,0,0,1464,0,0,0,0,0,1
2,DFW,720,714,-6,901,844,-17,0,0,0,1464,0,0,0,0,0,1
3,DFW,720,714,-6,901,840,-21,0,0,0,1464,0,0,0,0,0,1
4,DFW,720,720,0,901,842,-19,0,0,0,1464,0,0,0,0,0,1
5,DFW,720,719,-1,901,839,-22,0,0,0,1464,0,0,0,0,0,1
6,DFW,720,714,-6,901,837,-24,0,0,0,1464,0,0,0,0,0,1
7,DFW,720,714,-6,901,841,-20,0,0,0,1464,0,0,0,0,0,1
1,DFW,720,724,4,901,856,-5,0,0,0,1464,0,0,0,0,0,1
2,DFW,720,720,0,901,852,-9,0,0,0,1464,0,0,0,0,0,1
3,DFW,720,717,-3,901,854,-7,0,0,0,1464,0,0,0,0,0,1
4,DFW,720,724,4,901,853,-8,0,0,0,1464,0,0,0,0,0,1
5,DFW,720,716,-4,901,838,-23,0,0,0,1464,0,0,0,0,0,1
6,DFW,720,714,-6,901,847,-14,0,0,0,1464,0,0,0,0,0,1
7,DFW,720,1202,282,901,1339,278,1,0,0,1464,18,0,0,0,260,1
5,LAX,1720,1726,6,2008,2032,24,1,0,0,2486,0,0,18,0,6,1
6,LAX,1720,1720,0,2008,2015,7,0,0,0,2486,0,0,0,0,0,1
7,LAX,1720,1813,53,2008,2105,57,1,0,0,2486,53,0,4,0,0,1
1,LAX,1720,1719,-1,2008,2004,-4,0,0,0,2486,0,0,0,0,0,1
2,LAX,1720,1718,-2,2008,2003,-5,0,0,0,2486,0,0,0,0,0,1
3,LAX,1720,1719,-1,2008,2019,11,0,0,0,2486,0,0,0,0,0,1
4,LAX,1720,1812,52,2008,2045,37,1,0,0,2486,37,0,0,0,0,1
5,LAX,1720,1726,6,2008,1952,-16,0,0,0,2486,0,0,0,0,0,1
6,LAX,1720,1714,-6,2008,2005,-3,0,0,0,2486,0,0,0,0,0,1
7,LAX,1720,1716,-4,2008,2026,18,1,0,0,2486,0,0,18,0,0,1
1,LAX,1720,1730,10,2008,2033,25,1,0,0,2486,10,0,15,0,0,1
2,LAX,1720,1720,0,2008,2003,-5,0,0,0,2486,0,0,0,0,0,1
3,LAX,1720,1721,1,2008,2016,8,0,0,0,2486,0,0,0,0,0,1
4,LAX,1720,1715,-5,2008,2003,-5,0,0,0,2486,0,0,0,0,0,1
5,LAX,1720,1716,-4,2008,2007,-1,0,0,0,2486,0,0,0,0,0,1
6,LAX,1720,1718,-2,2008,2032,24,1,0,0,2486,0,0,24,0,0,1
7,LAX,1720,1709,-11,2008,1950,-18,0,0,0,2486,0,0,0,0,0,1
1,LAX,1720,1716,-4,2008,2004,-4,0,0,0,2486,0,0,0,0,0,1
2,LAX,1720,1726,6,2008,2008,0,0,0,0,2486,0,0,0,0,0,1
3,LAX,1720,1717,-3,2008,1955,-13,0,0,0,2486,0,0,0,0,0,1
4,LAX,1720,1715,-5,2008,2003,-5,0,0,0,2486,0,0,0,0,0,1
5,LAX,1720,1723,3,2008,2003,-5,0,0,0,2486,0,0,0,0,0,1
6,LAX,1720,1716,-4,2008,2010,2,0,0,0,2486,0,0,0,0,0,1
7,LAX,1720,1714,-6,2008,1955,-13,0,0,0,2486,0,0,0,0,0,1
1,LAX,1720,1719,-1,2008,1956,-12,0,0,0,2486,0,0,0,0,0,1
2,LAX,1720,1730,10,2008,1951,-17,0,0,0,2486,0,0,0,0,0,1
3,LAX,1720,1812,52,2008,2027,19,1,0,0,2486,19,0,0,0,0,1
4,LAX,1720,1716,-4,2008,1936,-32,0,0,0,2486,0,0,0,0,0,1
5,LAX,1720,1959,159,2008,2229,141,1,0,0,2486,25,0,0,0,116,1
6,LAX,1720,1718,-2,2008,2021,13,0,0,0,2486,0,0,0,0,0,1
7,LAX,1720,1726,6,2008,2003,-5,0,0,0,2486,0,0,0,0,0,1
5,LAX,2120,2222,62,526,618,52,1,0,0,2218,0,0,4,0,48,1
6,LAX,2120,2153,33,526,542,16,1,0,0,2218,16,0,0,0,0,1
7,LAX,2120,2130,10,526,521,-5,0,0,0,2218,0,0,0,0,0,1
1,LAX,2120,2144,24,526,530,4,0,0,0,2218,0,0,0,0,0,1
2,LAX,2115,2114,-1,521,524,3,0,0,0,2218,0,0,0,0,0,1
3,LAX,2115,2111,-4,521,524,3,0,0,0,2218,0,0,0,0,0,1
4,LAX,2115,2141,26,521,535,14,0,0,0,2218,0,0,0,0,0,1
5,LAX,2115,2127,12,521,533,12,0,0,0,2218,0,0,0,0,0,1
6,LAX,2115,2203,48,521,544,23,1,0,0,2218,11,0,0,0,12,1
7,LAX,2115,2120,5,521,549,28,1,0,0,2218,5,0,23,0,0,1
1,LAX,2115,2120,5,521,508,-13,0,0,0,2218,0,0,0,0,0,1
2,LAX,2115,2114,-1,521,516,-5,0,0,0,2218,0,0,0,0,0,1
3,LAX,2115,2110,-5,521,515,-6,0,0,0,2218,0,0,0,0,0,1
4,LAX,2115,2118,3,521,514,-7,0,0,0,2218,0,0,0,0,0,1
5,LAX,2115,2139,24,521,540,19,1,0,0,2218,0,0,0,0,19,1
6,LAX,2115,2114,-1,521,511,-10,0,0,0,2218,0,0,0,0,0,1
7,LAX,2115,2111,-4,521,506,-15,0,0,0,2218,0,0,0,0,0,1
1,LAX,2115,2119,4,521,519,-2,0,0,0,2218,0,0,0,0,0,1
2,LAX,2115,2130,15,521,533,12,0,0,0,2218,0,0,0,0,0,1
3,LAX,2115,2115,0,521,506,-15,0,0,0,2218,0,0,0,0,0,1
4,LAX,2115,2114,-1,521,517,-4,0,0,0,2218,0,0,0,0,0,1
5,LAX,2115,2130,15,521,525,4,0,0,0,2218,0,0,0,0,0,1
6,LAX,2115,2117,2,521,518,-3,0,0,0,2218,0,0,0,0,0,1
7,LAX,2115,2116,1,521,517,-4,0,0,0,2218,0,0,0,0,0,1
1,LAX,2115,2217,62,521,631,70,1,0,0,2218,62,0,8,0,0,1
2,LAX,2115,2114,-1,521,515,-6,0,0,0,2218,0,0,0,0,0,1
3,LAX,2115,2128,13,521,519,-2,0,0,0,2218,0,0,0,0,0,1
4,LAX,2115,2353,158,521,752,151,1,0,0,2218,11,0,0,0,140,1
5,LAX,2115,2140,25,521,601,40,1,0,0,2218,25,0,15,0,0,1
6,LAX,2115,2119,4,521,523,2,0,0,0,2218,0,0,0,0,0,1
7,LAX,2115,2113,-2,521,530,9,0,0,0,2218,0,0,0,0,0,1
5,SFO,835,844,9,1727,2148,261,1,0,0,2586,0,0,261,0,0,1
7,SFO,835,826,-9,1727,1648,-39,0,0,0,2586,0,0,0,0,0,1
1,SFO,835,827,-8,1727,1706,-21,0,0,0,2586,0,0,0,0,0,1
2,SFO,835,829,-6,1727,1640,-47,0,0,0,2586,0,0,0,0,0,1
3,SFO,835,826,-9,1727,1719,-8,0,0,0,2586,0,0,0,0,0,1
4,SFO,835,829,-6,1727,1706,-21,0,0,0,2586,0,0,0,0,0,1
5,SFO,835,829,-6,1727,1839,72,1,0,0,2586,0,0,72,0,0,1
7,SFO,835,1035,120,1727,1856,89,1,0,0,2586,89,0,0,0,0,1
1,SFO,835,827,-8,1727,1720,-7,0,0,0,2586,0,0,0,0,0,1
2,SFO,835,823,-12,1727,1735,8,0,0,0,2586,0,0,0,0,0,1
3,SFO,835,824,-11,1727,1815,48,1,0,0,2586,0,0,48,0,0,1
4,SFO,835,1210,215,1727,2034,187,1,0,0,2586,187,0,0,0,0,1
5,SFO,835,826,-9,1727,1638,-49,0,0,0,2586,0,0,0,0,0,1
7,SFO,835,826,-9,1727,1739,12,0,0,0,2586,0,0,0,0,0,1
1,SFO,835,831,-4,1727,1656,-31,0,0,0,2586,0,0,0,0,0,1
2,SFO,835,826,-9,1727,1706,-21,0,0,0,2586,0,0,0,0,0,1
3,SFO,835,829,-6,1727,1648,-39,0,0,0,2586,0,0,0,0,0,1
4,SFO,835,834,-1,1727,1733,6,0,0,0,2586,0,0,0,0,0,1
5,SFO,835,828,-7,1727,1720,-7,0,0,0,2586,0,0,0,0,0,1
7,SFO,835,841,6,1727,1710,-17,0,0,0,2586,0,0,0,0,0,1
1,SFO,835,1212,217,1727,2116,229,1,0,0,2586,0,0,82,0,147,1
2,SFO,835,830,-5,1727,1713,-14,0,0,0,2586,0,0,0,0,0,1
3,SFO,835,1206,211,1727,2033,186,1,0,0,2586,0,0,0,0,186,1
4,SFO,835,828,-7,1727,1714,-13,0,0,0,2586,0,0,0,0,0,1
5,SFO,835,900,25,1727,1821,54,1,0,0,2586,25,0,29,0,0,1
7,SFO,835,829,-6,1727,1740,13,0,0,0,2586,0,0,0,0,0,1
5,BOS,930,928,-2,1254,1302,8,0,0,0,2611,0,0,0,0,0,1
6,BOS,930,929,-1,1254,1257,3,0,0,0,2611,0,0,0,0,0,1
7,BOS,930,927,-3,1254,1259,5,0,0,0,2611,0,0,0,0,0,1
1,BOS,930,927,-3,1254,1242,-12,0,0,0,2611,0,0,0,0,0,1
2,BOS,930,924,-6,1254,1246,-8,0,0,0,2611,0,0,0,0,0,1
3,BOS,930,927,-3,1254,1303,9,0,0,0,2611,0,0,0,0,0,1
4,BOS,930,926,-4,1254,1252,-2,0,0,0,2611,0,0,0,0,0,1
5,BOS,930,937,7,1254,1256,2,0,0,0,2611,0,0,0,0,0,1
6,BOS,930,939,9,1254,1245,-9,0,0,0,2611,0,0,0,0,0,1
7,BOS,930,923,-7,1254,1258,4,0,0,0,2611,0,0,0,0,0,1
1,BOS,930,925,-5,1254,1255,1,0,0,0,2611,0,0,0,0,0,1
2,BOS,930,1004,34,1254,1331,37,1,0,0,2611,34,0,3,0,0,1
3,BOS,930,925,-5,1254,1246,-8,0,0,0,2611,0,0,0,0,0,1
4,BOS,930,952,22,1254,1310,16,1,0,0,2611,16,0,0,0,0,1
5,BOS,930,928,-2,1254,1244,-10,0,0,0,2611,0,0,0,0,0,1
6,BOS,930,932,2,1254,1302,8,0,0,0,2611,0,0,0,0,0,1
7,BOS,930,925,-5,1254,1229,-25,0,0,0,2611,0,0,0,0,0,1
1,BOS,930,926,-4,1254,1248,-6,0,0,0,2611,0,0,0,0,0,1
2,BOS,930,921,-9,1254,1223,-31,0,0,0,2611,0,0,0,0,0,1
3,BOS,930,928,-2,1254,1218,-36,0,0,0,2611,0,0,0,0,0,1
4,BOS,930,928,-2,1254,1224,-30,0,0,0,2611,0,0,0,0,0,1
5,BOS,930,1245,195,1254,1542,168,1,0,0,2611,168,0,0,0,0,1
6,BOS,930,926,-4,1254,1245,-9,0,0,0,2611,0,0,0,0,0,1
7,BOS,930,927,-3,1254,1219,-35,0,0,0,2611,0,0,0,0,0,1
1,BOS,930,926,-4,1254,1247,-7,0,0,0,2611,0,0,0,0,0,1
2,BOS,930,932,2,1254,1255,1,0,0,0,2611,0,0,0,0,0,1
3,BOS,930,926,-4,1254,1302,8,0,0,0,2611,0,0,0,0,0,1
4,BOS,930,925,-5,1254,1240,-14,0,0,0,2611,0,0,0,0,0,1
5,BOS,930,1039,69,1254,1345,51,1,0,0,2611,51,0,0,0,0,1
6,BOS,930,925,-5,1254,1227,-27,0,0,0,2611,0,0,0,0,0,1
7,BOS,930,928,-2,1254,1300,6,0,0,0,2611,0,0,0,0,0,1
5,ORD,1510,1521,11,1806,1805,-1,0,0,0,646,0,0,0,0,0,1
6,ORD,1510,1508,-2,1806,1757,-9,0,0,0,646,0,0,0,0,0,1
1,ORD,1510,1502,-8,1806,1757,-9,0,0,0,646,0,0,0,0,0,1
3,ORD,1515,1558,43,1811,1844,33,1,0,0,646,12,0,0,0,21,1
4,ORD,1515,1506,-9,1811,1753,-18,0,0,0,646,0,0,0,0,0,1
5,ORD,1515,1638,83,1811,1940,89,1,0,0,646,83,0,6,0,0,1
6,ORD,1515,1509,-6,1811,1755,-16,0,0,0,646,0,0,0,0,0,1
7,ORD,1515,1511,-4,1811,1757,-14,0,0,0,646,0,0,0,0,0,1
1,ORD,1515,1603,48,1811,1856,45,1,0,0,646,31,0,0,0,14,1
2,ORD,1515,1511,-4,1811,1807,-4,0,0,0,646,0,0,0,0,0,1
3,ORD,1515,1511,-4,1811,1826,15,1,0,0,646,0,0,15,0,0,1
4,ORD,1515,1619,64,1811,1907,56,1,0,0,646,12,0,0,0,44,1
5,ORD,1515,1558,43,1811,1941,90,1,0,0,646,0,0,47,0,43,1
6,ORD,1515,1548,33,1811,1842,31,1,0,0,646,19,0,0,0,12,1
7,ORD,1515,1528,13,1811,1814,3,0,0,0,646,0,0,0,0,0,1
1,ORD,1515,1522,7,1811,1827,16,1,0,0,646,4,0,9,0,3,1
2,ORD,1515,1509,-6,1811,1803,-8,0,0,0,646,0,0,0,0,0,1
3,ORD,1515,1521,6,1811,1818,7,0,0,0,646,0,0,0,0,0,1
4,ORD,1515,1520,5,1811,1926,75,1,0,0,646,5,0,70,0,0,1
5,ORD,1515,1553,38,1811,1841,30,1,0,0,646,30,0,0,0,0,1
6,ORD,1515,1517,2,1811,1835,24,1,0,0,646,0,0,22,0,2,1
7,ORD,1515,1511,-4,1811,1800,-11,0,0,0,646,0,0,0,0,0,1
1,ORD,1515,1523,8,1811,1815,4,0,0,0,646,0,0,0,0,0,1
2,ORD,1515,1621,66,1811,1911,60,1,0,0,646,0,0,0,0,60,1
3,ORD,1515,1622,67,1811,1908,57,1,0,0,646,22,0,0,0,35,1
4,ORD,1515,1722,127,1811,2019,128,1,0,0,646,0,61,1,0,66,1
5,ORD,1515,1648,93,1811,1938,87,1,0,0,646,0,0,0,0,87,1
6,ORD,1515,1740,145,1811,2025,134,1,0,0,646,5,0,0,0,129,1
7,ORD,1515,1607,52,1811,1852,41,1,0,0,646,13,0,0,0,28,1
5,SFO,600,834,154,729,1027,178,1,0,0,337,154,0,24,0,0,1
6,SFO,600,558,-2,729,735,6,0,0,0,337,0,0,0,0,0,1
7,SFO,600,551,-9,729,728,-1,0,0,0,337,0,0,0,0,0,1
1,SFO,600,555,-5,729,727,-2,0,0,0,337,0,0,0,0,0,1
2,SFO,600,556,-4,729,725,-4,0,0,0,337,0,0,0,0,0,1
3,SFO,600,555,-5,729,734,5,0,0,0,337,0,0,0,0,0,1
4,SFO,600,552,-8,729,719,-10,0,0,0,337,0,0,0,0,0,1
5,SFO,600,550,-10,729,712,-17,0,0,0,337,0,0,0,0,0,1
6,SFO,600,555,-5,729,720,-9,0,0,0,337,0,0,0,0,0,1
7,SFO,600,551,-9,729,710,-19,0,0,0,337,0,0,0,0,0,1
1,SFO,600,601,1,729,732,3,0,0,0,337,0,0,0,0,0,1
2,SFO,600,552,-8,729,716,-13,0,0,0,337,0,0,0,0,0,1
3,SFO,600,554,-6,729,711,-18,0,0,0,337,0,0,0,0,0,1
4,SFO,600,553,-7,729,728,-1,0,0,0,337,0,0,0,0,0,1
5,SFO,600,549,-11,729,721,-8,0,0,0,337,0,0,0,0,0,1
6,SFO,600,556,-4,729,721,-8,0,0,0,337,0,0,0,0,0,1
7,SFO,600,556,-4,729,723,-6,0,0,0,337,0,0,0,0,0,1
1,SFO,600,553,-7,729,715,-14,0,0,0,337,0,0,0,0,0,1
2,SFO,600,554,-6,729,712,-17,0,0,0,337,0,0,0,0,0,1
3,SFO,600,549,-11,729,727,-2,0,0,0,337,0,0,0,0,0,1
4,SFO,600,555,-5,729,719,-10,0,0,0,337,0,0,0,0,0,1
5,SFO,600,558,-2,729,720,-9,0,0,0,337,0,0,0,0,0,1
6,SFO,600,559,-1,729,720,-9,0,0,0,337,0,0,0,0,0,1
7,SFO,600,552,-8,729,710,-19,0,0,0,337,0,0,0,0,0,1
1,SFO,600,552,-8,729,715,-14,0,0,0,337,0,0,0,0,0,1
2,SFO,600,553,-7,729,717,-12,0,0,0,337,0,0,0,0,0,1
3,SFO,600,554,-6,729,714,-15,0,0,0,337,0,0,0,0,0,1
4,SFO,600,556,-4,729,728,-1,0,0,0,337,0,0,0,0,0,1
5,SFO,600,557,-3,729,708,-21,0,0,0,337,0,0,0,0,0,1
6,SFO,600,557,-3,729,717,-12,0,0,0,337,0,0,0,0,0,1
7,SFO,600,557,-3,729,727,-2,0,0,0,337,0,0,0,0,0,1
5,LAX,1350,1344,-6,1511,1501,-10,0,0,0,337,0,0,0,0,0,1
6,LAX,1355,1454,59,1516,1612,56,1,0,0,337,22,0,0,0,34,1
7,LAX,1355,1351,-4,1516,1509,-7,0,0,0,337,0,0,0,0,0,1
1,LAX,1350,1348,-2,1511,1501,-10,0,0,0,337,0,0,0,0,0,1
2,LAX,1350,1346,-4,1511,1506,-5,0,0,0,337,0,0,0,0,0,1
3,LAX,1350,1429,39,1511,1545,34,1,0,0,337,10,0,0,0,24,1
4,LAX,1350,1354,4,1511,1545,34,1,0,0,337,0,0,34,0,0,1
5,LAX,1350,1410,20,1511,1535,24,1,0,0,337,19,0,4,0,1,1
6,LAX,1351,1355,4,1512,1505,-7,0,0,0,337,0,0,0,0,0,1
7,LAX,1350,1345,-5,1511,1510,-1,0,0,0,337,0,0,0,0,0,1
1,LAX,1350,1353,3,1511,1531,20,1,0,0,337,3,0,17,0,0,1
2,LAX,1350,1359,9,1511,1533,22,1,0,0,337,4,0,13,0,5,1
3,LAX,1350,1347,-3,1511,1520,9,0,0,0,337,0,0,0,0,0,1
4,LAX,1350,1419,29,1511,1541,30,1,0,0,337,14,0,1,0,15,1
5,LAX,1350,1351,1,1511,1508,-3,0,0,0,337,0,0,0,0,0,1
6,LAX,1351,1407,16,1512,1553,41,1,0,0,337,16,0,25,0,0,1
7,LAX,1350,1350,0,1511,1507,-4,0,0,0,337,0,0,0,0,0,1
1,LAX,1350,1347,-3,1511,1547,36,1,0,0,337,0,0,36,0,0,1
2,LAX,1350,1350,0,1511,1508,-3,0,0,0,337,0,0,0,0,0,1
3,LAX,1350,1355,5,1511,1518,7,0,0,0,337,0,0,0,0,0,1
4,LAX,1350,1346,-4,1511,1503,-8,0,0,0,337,0,0,0,0,0,1
5,LAX,1350,1353,3,1511,1514,3,0,0,0,337,0,0,0,0,0,1
6,LAX,1351,1346,-5,1512,1504,-8,0,0,0,337,0,0,0,0,0,1
7,LAX,1350,1352,2,1511,1514,3,0,0,0,337,0,0,0,0,0,1
1,LAX,1350,1347,-3,1511,1504,-7,0,0,0,337,0,0,0,0,0,1
2,LAX,1350,1407,17,1511,1536,25,1,0,0,337,17,0,8,0,0,1
3,LAX,1350,1344,-6,1511,1502,-9,0,0,0,337,0,0,0,0,0,1
4,LAX,1350,1347,-3,1511,1511,0,0,0,0,337,0,0,0,0,0,1
5,LAX,1350,1830,280,1511,1952,281,1,0,0,337,271,0,1,0,9,1
6,LAX,1351,1357,6,1512,1519,7,0,0,0,337,0,0,0,0,0,1
7,LAX,1350,1350,0,1511,1521,10,0,0,0,337,0,0,0,0,0,1
5,JFK,600,556,-4,906,854,-12,0,0,0,2475,0,0,0,0,0,1
1,JFK,600,556,-4,906,852,-14,0,0,0,2475,0,0,0,0,0,1
2,JFK,600,556,-4,906,918,12,0,0,0,2475,0,0,0,0,0,1
3,JFK,600,558,-2,906,914,8,0,0,0,2475,0,0,0,0,0,1
4,JFK,600,612,12,906,859,-7,0,0,0,2475,0,0,0,0,0,1
5,JFK,600,555,-5,906,923,17,1,0,0,2475,0,0,17,0,0,1
7,JFK,600,558,-2,906,847,-19,0,0,0,2475,0,0,0,0,0,1
1,JFK,600,554,-6,906,846,-20,0,0,0,2475,0,0,0,0,0,1
2,JFK,600,557,-3,906,852,-14,0,0,0,2475,0,0,0,0,0,1
3,JFK,600,558,-2,906,854,-12,0,0,0,2475,0,0,0,0,0,1
4,JFK,600,555,-5,906,931,25,1,0,0,2475,0,0,25,0,0,1
5,JFK,600,556,-4,906,843,-23,0,0,0,2475,0,0,0,0,0,1
7,JFK,600,555,-5,906,909,3,0,0,0,2475,0,0,0,0,0,1
1,JFK,600,554,-6,906,905,-1,0,0,0,2475,0,0,0,0,0,1
2,JFK,600,610,10,906,924,18,1,0,0,2475,10,0,8,0,0,1
3,JFK,600,557,-3,906,840,-26,0,0,0,2475,0,0,0,0,0,1
4,JFK,600,559,-1,906,840,-26,0,0,0,2475,0,0,0,0,0,1
5,JFK,600,555,-5,906,859,-7,0,0,0,2475,0,0,0,0,0,1
7,JFK,600,558,-2,906,845,-21,0,0,0,2475,0,0,0,0,0,1
1,JFK,600,627,27,906,950,44,1,0,0,2475,27,0,17,0,0,1
2,JFK,600,606,6,906,901,-5,0,0,0,2475,0,0,0,0,0,1
3,JFK,600,558,-2,906,904,-2,0,0,0,2475,0,0,0,0,0,1
4,JFK,600,606,6,906,909,3,0,0,0,2475,0,0,0,0,0,1
5,JFK,600,611,11,906,902,-4,0,0,0,2475,0,0,0,0,0,1
7,JFK,600,557,-3,906,916,10,0,0,0,2475,0,0,0,0,0,1
5,LAX,1000,1359,239,1839,20,341,1,0,0,2475,0,0,341,0,0,1
7,LAX,1000,959,-1,1839,1811,-28,0,0,0,2475,0,0,0,0,0,1
1,LAX,1000,954,-6,1839,1815,-24,0,0,0,2475,0,0,0,0,0,1
2,LAX,1000,1034,34,1839,1901,22,1,0,0,2475,17,0,0,0,5,1
3,LAX,1000,1011,11,1839,1842,3,0,0,0,2475,0,0,0,0,0,1
4,LAX,1000,1111,71,1839,1946,67,1,0,0,2475,0,0,67,0,0,1
5,LAX,1000,1131,91,1839,1955,76,1,0,0,2475,65,0,0,0,11,1
7,LAX,1000,1002,2,1839,1836,-3,0,0,0,2475,0,0,0,0,0,1
1,LAX,1000,956,-4,1839,1826,-13,0,0,0,2475,0,0,0,0,0,1
2,LAX,1000,1000,0,1839,1814,-25,0,0,0,2475,0,0,0,0,0,1
3,LAX,1000,958,-2,1839,1819,-20,0,0,0,2475,0,0,0,0,0,1
4,LAX,1000,1024,24,1839,1858,19,1,0,0,2475,0,0,2,0,17,1
5,LAX,1000,952,-8,1839,1814,-25,0,0,0,2475,0,0,0,0,0,1
7,LAX,1000,1008,8,1839,1836,-3,0,0,0,2475,0,0,0,0,0,1
1,LAX,1000,1010,10,1839,1913,34,1,0,0,2475,10,0,24,0,0,1
2,LAX,1000,1018,18,1839,1859,20,1,0,0,2475,4,0,2,0,14,1
3,LAX,1000,954,-6,1839,1857,18,1,0,0,2475,0,0,18,0,0,1
4,LAX,1000,1002,2,1839,1849,10,0,0,0,2475,0,0,0,0,0,1
5,LAX,1000,1003,3,1839,1852,13,0,0,0,2475,0,0,0,0,0,1
7,LAX,1000,955,-5,1839,1831,-8,0,0,0,2475,0,0,0,0,0,1
1,LAX,1000,1044,44,1839,1933,54,1,0,0,2475,0,0,14,0,40,1
2,LAX,1000,1004,4,1839,1837,-2,0,0,0,2475,0,0,0,0,0,1
3,LAX,1000,958,-2,1839,1919,40,1,0,0,2475,0,0,40,0,0,1
4,LAX,1000,1239,159,1839,2105,146,1,0,0,2475,0,0,25,0,121,1
5,LAX,1000,1007,7,1839,1834,-5,0,0,0,2475,0,0,0,0,0,1
7,LAX,1000,1010,10,1839,1931,52,1,0,0,2475,0,0,46,0,6,1
5,DFW,1030,1110,40,1413,1443,30,1,0,0,1061,25,0,0,0,5,1
6,DFW,1030,1033,3,1413,1413,0,0,0,0,1061,0,0,0,0,0,1
7,DFW,1030,1030,0,1413,1407,-6,0,0,0,1061,0,0,0,0,0,1
1,DFW,1030,1119,49,1413,1523,70,1,0,0,1061,37,0,21,0,12,1
2,DFW,1030,1024,-6,1413,1428,15,1,0,0,1061,0,0,15,0,0,1
3,DFW,1030,1027,-3,1413,1420,7,0,0,0,1061,0,0,0,0,0,1
4,DFW,1030,1051,21,1413,1426,13,0,0,0,1061,0,0,0,0,0,1
5,DFW,1030,1043,13,1413,1440,27,1,0,0,1061,13,0,14,0,0,1
6,DFW,1030,1032,2,1413,1410,-3,0,0,0,1061,0,0,0,0,0,1
7,DFW,1030,1029,-1,1413,1403,-10,0,0,0,1061,0,0,0,0,0,1
1,DFW,1030,1023,-7,1413,1400,-13,0,0,0,1061,0,0,0,0,0,1
2,DFW,1030,1041,11,1413,1435,22,1,0,0,1061,11,0,11,0,0,1
3,DFW,1030,1024,-6,1413,1415,2,0,0,0,1061,0,0,0,0,0,1
4,DFW,1030,1035,5,1413,1429,16,1,0,0,1061,0,0,11,0,5,1
5,DFW,1030,1104,34,1413,1454,41,1,0,0,1061,0,21,7,0,13,1
6,DFW,1030,1031,1,1413,1359,-14,0,0,0,1061,0,0,0,0,0,1
7,DFW,1030,1024,-6,1413,1404,-9,0,0,0,1061,0,0,0,0,0,1
1,DFW,1030,1045,15,1413,1423,10,0,0,0,1061,0,0,0,0,0,1
2,DFW,1030,1028,-2,1413,1407,-6,0,0,0,1061,0,0,0,0,0,1
3,DFW,1030,1028,-2,1413,1417,4,0,0,0,1061,0,0,0,0,0,1
4,DFW,1030,1207,97,1413,1547,94,1,0,0,1061,11,0,0,0,83,1
5,DFW,1030,1026,-4,1413,1414,1,0,0,0,1061,0,0,0,0,0,1
6,DFW,1030,1027,-3,1413,1401,-12,0,0,0,1061,0,0,0,0,0,1
7,DFW,1030,1139,69,1413,1513,60,1,0,0,1061,60,0,0,0,0,1
1,DFW,1030,1037,7,1413,1429,16,1,0,0,1061,7,0,9,0,0,1
2,DFW,1030,1024,-6,1413,1405,-8,0,0,0,1061,0,0,0,0,0,1
3,DFW,1030,1024,-6,1413,1355,-18,0,0,0,1061,0,0,0,0,0,1
4,DFW,1030,1028,-2,1413,1405,-8,0,0,0,1061,0,0,0,0,0,1
5,DFW,1030,1032,2,1413,1409,-4,0,0,0,1061,0,0,0,0,0,1
6,DFW,1030,1036,6,1413,1407,-6,0,0,0,1061,0,0,0,0,0,1
7,DFW,1030,1243,133,1413,1619,126,1,0,0,1061,27,0,0,0,99,1
5,BOS,610,606,-4,918,912,-6,0,0,0,1562,0,0,0,0,0,1
6,BOS,610,603,-7,918,915,-3,0,0,0,1562,0,0,0,0,0,1
7,BOS,610,607,-3,918,904,-14,0,0,0,1562,0,0,0,0,0,1
1,BOS,610,647,37,918,1015,57,1,0,0,1562,0,0,20,37,0,1
2,BOS,610,610,0,918,953,35,1,0,0,1562,0,0,35,0,0,1
3,BOS,610,604,-6,918,856,-22,0,0,0,1562,0,0,0,0,0,1
4,BOS,610,559,-11,918,915,-3,0,0,0,1562,0,0,0,0,0,1
5,BOS,610,602,-8,918,857,-21,0,0,0,1562,0,0,0,0,0,1
6,BOS,610,606,-4,918,933,15,1,0,0,1562,0,0,15,0,0,1
7,BOS,610,610,0,918,922,4,0,0,0,1562,0,0,0,0,0,1
1,BOS,610,623,13,918,949,31,1,0,0,1562,13,0,18,0,0,1
2,BOS,610,601,-9,918,839,-39,0,0,0,1562,0,0,0,0,0,1
3,BOS,610,604,-6,918,850,-28,0,0,0,1562,0,0,0,0,0,1
4,BOS,610,606,-4,918,857,-21,0,0,0,1562,0,0,0,0,0,1
6,BOS,610,603,-7,918,909,-9,0,0,0,1562,0,0,0,0,0,1
7,BOS,610,604,-6,918,901,-17,0,0,0,1562,0,0,0,0,0,1
1,BOS,610,605,-5,918,900,-18,0,0,0,1562,0,0,0,0,0,1
2,BOS,610,610,0,918,917,-1,0,0,0,1562,0,0,0,0,0,1
3,BOS,610,559,-11,918,842,-36,0,0,0,1562,0,0,0,0,0,1
4,BOS,610,605,-5,918,845,-33,0,0,0,1562,0,0,0,0,0,1
5,BOS,610,600,-10,918,858,-20,0,0,0,1562,0,0,0,0,0,1
6,BOS,610,609,-1,918,858,-20,0,0,0,1562,0,0,0,0,0,1
7,BOS,610,604,-6,918,900,-18,0,0,0,1562,0,0,0,0,0,1
1,BOS,610,608,-2,918,900,-18,0,0,0,1562,0,0,0,0,0,1
2,BOS,610,606,-4,918,849,-29,0,0,0,1562,0,0,0,0,0,1
3,BOS,610,605,-5,918,849,-29,0,0,0,1562,0,0,0,0,0,1
4,BOS,610,557,-13,918,930,12,0,0,0,1562,0,0,0,0,0,1
5,BOS,610,608,-2,918,912,-6,0,0,0,1562,0,0,0,0,0,1
6,BOS,610,614,4,918,923,5,0,0,0,1562,0,0,0,0,0,1
7,BOS,610,603,-7,918,915,-3,0,0,0,1562,0,0,0,0,0,1
5,DFW,1030,1034,4,1513,1530,17,1,0,0,1562,0,0,13,0,4,1
6,DFW,1030,1031,1,1513,1458,-15,0,0,0,1562,0,0,0,0,0,1
7,DFW,1030,1023,-7,1513,1500,-13,0,0,0,1562,0,0,0,0,0,1
1,DFW,1030,1051,21,1513,1524,11,0,0,0,1562,0,0,0,0,0,1
2,DFW,1030,1106,36,1513,1543,30,1,0,0,1562,30,0,0,0,0,1
3,DFW,1030,1028,-2,1513,1512,-1,0,0,0,1562,0,0,0,0,0,1
4,DFW,1030,1028,-2,1513,1511,-2,0,0,0,1562,0,0,0,0,0,1
5,DFW,1030,1032,2,1513,1516,3,0,0,0,1562,0,0,0,0,0,1
6,DFW,1030,1030,0,1513,1452,-21,0,0,0,1562,0,0,0,0,0,1
7,DFW,1030,1031,1,1513,1514,1,0,0,0,1562,0,0,0,0,0,1
1,DFW,1030,1030,0,1513,1511,-2,0,0,0,1562,0,0,0,0,0,1
2,DFW,1030,1026,-4,1513,1504,-9,0,0,0,1562,0,0,0,0,0,1
3,DFW,1030,1025,-5,1513,1504,-9,0,0,0,1562,0,0,0,0,0,1
4,DFW,1030,1037,7,1513,1527,14,0,0,0,1562,0,0,0,0,0,1
5,DFW,1030,1259,149,1513,1724,131,1,0,0,1562,0,71,0,0,60,1
6,DFW,1030,1023,-7,1513,1442,-31,0,0,0,1562,0,0,0,0,0,1
7,DFW,1030,1052,22,1513,1525,12,0,0,0,1562,0,0,0,0,0,1
1,DFW,1030,1024,-6,1513,1459,-14,0,0,0,1562,0,0,0,0,0,1
2,DFW,1030,1031,1,1513,1509,-4,0,0,0,1562,0,0,0,0,0,1
3,DFW,1030,1032,2,1513,1532,19,1,0,0,1562,0,0,19,0,0,1
4,DFW,1030,1037,7,1513,1517,4,0,0,0,1562,0,0,0,0,0,1
5,DFW,1030,1028,-2,1513,1505,-8,0,0,0,1562,0,0,0,0,0,1
6,DFW,1030,1026,-4,1513,1445,-28,0,0,0,1562,0,0,0,0,0,1
7,DFW,1030,1023,-7,1513,1459,-14,0,0,0,1562,0,0,0,0,0,1
1,DFW,1030,1027,-3,1513,1511,-2,0,0,0,1562,0,0,0,0,0,1
2,DFW,1030,1029,-1,1513,1507,-6,0,0,0,1562,0,0,0,0,0,1
3,DFW,1030,1026,-4,1513,1500,-13,0,0,0,1562,0,0,0,0,0,1
4,DFW,1030,1025,-5,1513,1500,-13,0,0,0,1562,0,0,0,0,0,1
5,DFW,1030,1028,-2,1513,1453,-20,0,0,0,1562,0,0,0,0,0,1
6,DFW,1030,1030,0,1513,1453,-20,0,0,0,1562,0,0,0,0,0,1
7,DFW,1030,1058,28,1513,1536,23,1,0,0,1562,23,0,0,0,0,1
6,JFK,1820,1819,-1,2204,2150,-14,0,0,0,2586,0,0,0,0,0,1
3,JFK,1820,1826,6,2204,2142,-22,0,0,0,2586,0,0,0,0,0,1
4,JFK,1820,1814,-6,2204,2156,-8,0,0,0,2586,0,0,0,0,0,1
5,JFK,1820,1938,78,2204,2314,70,1,0,0,2586,0,0,8,0,62,1
6,JFK,1820,1818,-2,2204,2159,-5,0,0,0,2586,0,0,0,0,0,1
7,JFK,1820,1826,6,2204,2135,-29,0,0,0,2586,0,0,0,0,0,1
3,JFK,1820,1912,52,2204,2321,77,1,0,0,2586,7,0,25,0,45,1
4,JFK,1820,1822,2,2204,2201,-3,0,0,0,2586,0,0,0,0,0,1
5,JFK,1820,1906,46,2204,2258,54,1,0,0,2586,2,0,8,0,44,1
6,JFK,1820,1840,20,2204,2244,40,1,0,0,2586,0,20,20,0,0,1
7,JFK,1820,1836,16,2204,2210,6,0,0,0,2586,0,0,0,0,0,1
3,JFK,1820,1813,-7,2204,2109,-55,0,0,0,2586,0,0,0,0,0,1
4,JFK,1820,1929,69,2204,2314,70,1,0,0,2586,66,0,1,0,3,1
5,JFK,1820,1818,-2,2204,2204,0,0,0,0,2586,0,0,0,0,0,1
6,JFK,1820,1822,2,2204,2137,-27,0,0,0,2586,0,0,0,0,0,1
7,JFK,1820,1838,18,2204,2221,17,1,0,0,2586,14,0,0,0,3,1
3,JFK,1820,1818,-2,2204,2224,20,1,0,0,2586,0,0,20,0,0,1
4,JFK,1820,1943,83,2204,2317,73,1,0,0,2586,73,0,0,0,0,1
5,JFK,1820,1827,7,2204,2222,18,1,0,0,2586,3,0,11,0,4,1
6,JFK,1820,1951,91,2204,2332,88,1,0,0,2586,0,0,88,0,0,1
7,JFK,1820,1900,40,2204,2254,50,1,0,0,2586,0,0,24,0,26,1
5,MCO,1915,2007,52,2128,2300,92,1,0,0,2218,0,4,40,0,48,1
6,MCO,1915,1909,-6,2128,2124,-4,0,0,0,2218,0,0,0,0,0,1
7,MCO,1915,1925,10,2128,2125,-3,0,0,0,2218,0,0,0,0,0,1
1,MCO,1915,1924,9,2128,2136,8,0,0,0,2218,0,0,0,0,0,1
2,MCO,1922,1929,7,2135,2156,21,1,0,0,2218,1,0,14,0,6,1
3,MCO,1922,1923,1,2135,2147,12,0,0,0,2218,0,0,0,0,0,1
4,MCO,1922,1918,-4,2135,2129,-6,0,0,0,2218,0,0,0,0,0,1
5,MCO,1922,1920,-2,2135,2137,2,0,0,0,2218,0,0,0,0,0,1
6,MCO,1922,1917,-5,2135,2107,-28,0,0,0,2218,0,0,0,0,0,1
7,MCO,1922,1917,-5,2135,2105,-30,0,0,0,2218,0,0,0,0,0,1
1,MCO,1922,2111,109,2135,2330,115,1,0,0,2218,0,0,6,0,109,1
2,MCO,1922,2011,49,2135,2302,87,1,0,0,2218,0,0,38,0,49,1
3,MCO,1922,1920,-2,2135,2125,-10,0,0,0,2218,0,0,0,0,0,1
4,MCO,1922,2009,47,2135,2209,34,1,0,0,2218,0,24,0,0,10,1
5,MCO,1922,1940,18,2135,2135,0,0,0,0,2218,0,0,0,0,0,1
6,MCO,1922,1924,2,2135,2107,-28,0,0,0,2218,0,0,0,0,0,1
7,MCO,1922,1919,-3,2135,2102,-33,0,0,0,2218,0,0,0,0,0,1
1,MCO,1922,1926,4,2135,2134,-1,0,0,0,2218,0,0,0,0,0,1
2,MCO,1922,1945,23,2135,2211,36,1,0,0,2218,0,0,13,0,23,1
3,MCO,1922,1924,2,2135,2107,-28,0,0,0,2218,0,0,0,0,0,1
4,MCO,1922,2107,105,2135,2347,132,1,0,0,2218,99,0,27,0,6,1
5,MCO,1922,1924,2,2135,2109,-26,0,0,0,2218,0,0,0,0,0,1
6,MCO,1922,1921,-1,2135,2131,-4,0,0,0,2218,0,0,0,0,0,1
7,MCO,1922,1916,-6,2135,2102,-33,0,0,0,2218,0,0,0,0,0,1
1,MCO,1922,1921,-1,2135,2102,-33,0,0,0,2218,0,0,0,0,0,1
2,MCO,1922,1919,-3,2135,2119,-16,0,0,0,2218,0,0,0,0,0,1
3,MCO,1922,1933,11,2135,2119,-16,0,0,0,2218,0,0,0,0,0,1
4,MCO,1922,1956,34,2135,2151,16,1,0,0,2218,2,0,0,0,14,1
5,MCO,1922,1941,19,2135,2156,21,1,0,0,2218,0,5,2,0,14,1
6,MCO,1922,1921,-1,2135,2116,-19,0,0,0,2218,0,0,0,0,0,1
7,MCO,1922,1920,-2,2135,2135,0,0,0,0,2218,0,0,0,0,0,1
6,JFK,1030,1024,-6,1353,1349,-4,0,0,0,2586,0,0,0,0,0,1
7,JFK,1030,1028,-2,1353,1332,-21,0,0,0,2586,0,0,0,0,0,1
1,JFK,1030,1025,-5,1353,1340,-13,0,0,0,2586,0,0,0,0,0,1
2,JFK,1030,1029,-1,1353,1349,-4,0,0,0,2586,0,0,0,0,0,1
3,JFK,1030,1025,-5,1353,1344,-9,0,0,0,2586,0,0,0,0,0,1
4,JFK,1030,1020,-10,1353,1426,33,1,0,0,2586,0,0,33,0,0,1
6,JFK,1030,1038,8,1353,1353,0,0,0,0,2586,0,0,0,0,0,1
7,JFK,1030,1052,22,1353,1358,5,0,0,0,2586,0,0,0,0,0,1
1,JFK,1030,1057,27,1353,1406,13,0,0,0,2586,0,0,0,0,0,1
2,JFK,1030,1024,-6,1353,1336,-17,0,0,0,2586,0,0,0,0,0,1
3,JFK,1030,1031,1,1353,1353,0,0,0,0,2586,0,0,0,0,0,1
4,JFK,1030,1033,3,1353,1350,-3,0,0,0,2586,0,0,0,0,0,1
6,JFK,1030,1026,-4,1353,1343,-10,0,0,0,2586,0,0,0,0,0,1
7,JFK,1030,1026,-4,1353,1339,-14,0,0,0,2586,0,0,0,0,0,1
1,JFK,1030,1026,-4,1353,1344,-9,0,0,0,2586,0,0,0,0,0,1
2,JFK,1030,1058,28,1353,1359,6,0,0,0,2586,0,0,0,0,0,1
3,JFK,1030,1029,-1,1353,1331,-22,0,0,0,2586,0,0,0,0,0,1
4,JFK,1030,1029,-1,1353,1323,-30,0,0,0,2586,0,0,0,0,0,1
6,JFK,1030,1024,-6,1353,1320,-33,0,0,0,2586,0,0,0,0,0,1
7,JFK,1030,1058,28,1353,1404,11,0,0,0,2586,0,0,0,0,0,1
1,JFK,1030,1023,-7,1353,1416,23,1,0,0,2586,0,0,23,0,0,1
2,JFK,1030,1025,-5,1353,1346,-7,0,0,0,2586,0,0,0,0,0,1
3,JFK,1030,1027,-3,1353,1319,-34,0,0,0,2586,0,0,0,0,0,1
4,JFK,1030,1023,-7,1353,1336,-17,0,0,0,2586,0,0,0,0,0,1
6,JFK,1030,1025,-5,1353,1324,-29,0,0,0,2586,0,0,0,0,0,1
7,JFK,1030,1024,-6,1353,1359,6,0,0,0,2586,0,0,0,0,0,1
6,LAX,1700,1704,4,137,123,-14,0,0,0,2475,0,0,0,0,0,1
7,LAX,1700,1656,-4,137,109,-28,0,0,0,2475,0,0,0,0,0,1
1,LAX,1700,1654,-6,137,114,-23,0,0,0,2475,0,0,0,0,0,1
2,LAX,1700,1657,-3,137,106,-31,0,0,0,2475,0,0,0,0,0,1
3,LAX,1700,1654,-6,137,103,-34,0,0,0,2475,0,0,0,0,0,1
4,LAX,1700,1651,-9,137,56,-41,0,0,0,2475,0,0,0,0,0,1
5,LAX,1700,1701,1,137,127,-10,0,0,0,2475,0,0,0,0,0,1
6,LAX,1700,1719,19,137,147,10,0,0,0,2475,0,0,0,0,0,1
7,LAX,1700,1702,2,137,124,-13,0,0,0,2475,0,0,0,0,0,1
1,LAX,1700,1704,4,137,119,-18,0,0,0,2475,0,0,0,0,0,1
2,LAX,1700,1710,10,137,121,-16,0,0,0,2475,0,0,0,0,0,1
3,LAX,1700,1710,10,137,131,-6,0,0,0,2475,0,0,0,0,0,1
4,LAX,1700,2004,184,137,408,151,1,0,0,2475,5,0,0,0,146,1
5,LAX,1700,1926,146,137,331,114,1,0,0,2475,2,0,0,0,112,1
6,LAX,1700,1700,0,137,115,-22,0,0,0,2475,0,0,0,0,0,1
7,LAX,1700,1755,55,137,215,38,1,0,0,2475,2,0,0,0,36,1
2,LAX,1700,1655,-5,137,141,4,0,0,0,2475,0,0,0,0,0,1
3,LAX,1700,1851,111,137,312,95,1,0,0,2475,1,0,0,0,94,1
4,LAX,1700,1658,-2,137,127,-10,0,0,0,2475,0,0,0,0,0,1
5,LAX,1700,1657,-3,137,121,-16,0,0,0,2475,0,0,0,0,0,1
6,LAX,1700,1658,-2,137,130,-7,0,0,0,2475,0,0,0,0,0,1
7,LAX,1700,1714,14,137,132,-5,0,0,0,2475,0,0,0,0,0,1
1,LAX,1700,1824,84,137,240,63,1,0,0,2475,0,0,63,0,0,1
2,LAX,1700,1656,-4,137,129,-8,0,0,0,2475,0,0,0,0,0,1
3,LAX,1700,1656,-4,137,114,-23,0,0,0,2475,0,0,0,0,0,1
4,LAX,1700,2009,189,137,511,214,1,0,0,2475,0,0,25,0,189,1
5,LAX,1700,1812,72,137,212,35,1,0,0,2475,15,0,0,0,20,1
6,LAX,1700,1703,3,137,135,-2,0,0,0,2475,0,0,0,0,0,1
7,LAX,1700,1958,178,137,417,160,1,0,0,2475,7,0,0,0,153,1
7,DFW,1610,1706,56,1836,1930,54,1,0,0,802,3,0,0,0,51,1
7,DFW,1610,1605,-5,1836,1820,-16,0,0,0,802,0,0,0,0,0,1
7,DFW,1610,1658,48,1836,2040,124,1,0,0,802,0,0,124,0,0,1
7,DFW,1610,1706,56,1836,1940,64,1,0,0,802,55,0,8,0,1,1
5,JFK,1800,2130,210,2126,107,221,1,0,0,2475,0,198,11,0,12,1
6,JFK,1800,1831,31,2126,2154,28,1,0,0,2475,28,0,0,0,0,1
7,JFK,1800,1756,-4,2126,2046,-40,0,0,0,2475,0,0,0,0,0,1
1,JFK,1800,1754,-6,2126,2040,-46,0,0,0,2475,0,0,0,0,0,1
5,LAX,1810,1820,10,2319,2340,21,1,0,0,1242,0,0,11,0,10,1
6,LAX,1820,1856,36,2329,2351,22,1,0,0,1242,0,0,0,0,22,1
7,LAX,1820,1826,6,2329,2322,-7,0,0,0,1242,0,0,0,0,0,1
1,LAX,1810,1803,-7,2319,2329,10,0,0,0,1242,0,0,0,0,0,1
2,LAX,1810,1803,-7,2319,2254,-25,0,0,0,1242,0,0,0,0,0,1
3,LAX,1810,1824,14,2319,2328,9,0,0,0,1242,0,0,0,0,0,1
4,LAX,1810,1803,-7,2319,2301,-18,0,0,0,1242,0,0,0,0,0,1
5,LAX,1810,1814,4,2319,2316,-3,0,0,0,1242,0,0,0,0,0,1
7,LAX,1820,1824,4,2329,2314,-15,0,0,0,1242,0,0,0,0,0,1
1,LAX,1810,1814,4,2319,2259,-20,0,0,0,1242,0,0,0,0,0,1
2,LAX,1810,1820,10,2319,2318,-1,0,0,0,1242,0,0,0,0,0,1
3,LAX,1810,1819,9,2319,2326,7,0,0,0,1242,0,0,0,0,0,1
4,LAX,1810,1820,10,2319,2318,-1,0,0,0,1242,0,0,0,0,0,1
5,LAX,1810,1802,-8,2319,2303,-16,0,0,0,1242,0,0,0,0,0,1
7,LAX,1820,1847,27,2329,2347,18,1,0,0,1242,7,0,0,0,11,1
1,LAX,1810,1802,-8,2319,2318,-1,0,0,0,1242,0,0,0,0,0,1
2,LAX,1810,2102,172,2319,203,164,1,0,0,1242,2,0,0,0,162,1
3,LAX,1810,1803,-7,2319,2301,-18,0,0,0,1242,0,0,0,0,0,1
4,LAX,1810,1806,-4,2319,2319,0,0,0,0,1242,0,0,0,0,0,1
5,LAX,1810,1804,-6,2319,2313,-6,0,0,0,1242,0,0,0,0,0,1
7,LAX,1820,1819,-1,2329,2315,-14,0,0,0,1242,0,0,0,0,0,1
1,LAX,1810,2003,113,2319,102,103,1,0,0,1242,5,0,0,0,98,1
2,LAX,1810,1804,-6,2319,2306,-13,0,0,0,1242,0,0,0,0,0,1
3,LAX,1810,1805,-5,2319,2313,-6,0,0,0,1242,0,0,0,0,0,1
4,LAX,1810,1804,-6,2319,2311,-8,0,0,0,1242,0,0,0,0,0,1
5,LAX,1810,1807,-3,2319,2310,-9,0,0,0,1242,0,0,0,0,0,1
7,LAX,1820,1817,-3,2329,2313,-16,0,0,0,1242,0,0,0,0,0,1
5,DFW,1450,1450,0,1703,1642,-21,0,0,0,1660,0,0,0,0,0,1
6,DFW,1450,1514,24,1703,1716,13,0,0,0,1660,0,0,0,0,0,1
7,DFW,1450,1622,92,1703,1825,82,1,0,0,1660,64,0,0,0,18,1
1,DFW,1450,1447,-3,1703,1652,-11,0,0,0,1660,0,0,0,0,0,1
2,DFW,1450,1507,17,1703,1722,19,1,0,0,1660,6,0,2,0,11,1
3,DFW,1450,1711,141,1703,1934,151,1,0,0,1660,141,0,10,0,0,1
4,DFW,1450,1446,-4,1703,1701,-2,0,0,0,1660,0,0,0,0,0,1
5,DFW,1450,1458,8,1703,1712,9,0,0,0,1660,0,0,0,0,0,1
6,DFW,1450,1449,-1,1703,1704,1,0,0,0,1660,0,0,0,0,0,1
7,DFW,1450,1445,-5,1703,1651,-12,0,0,0,1660,0,0,0,0,0,1
1,DFW,1450,1445,-5,1703,1659,-4,0,0,0,1660,0,0,0,0,0,1
2,DFW,1450,1451,1,1703,1707,4,0,0,0,1660,0,0,0,0,0,1
3,DFW,1450,1449,-1,1703,1705,2,0,0,0,1660,0,0,0,0,0,1
4,DFW,1450,1448,-2,1703,1652,-11,0,0,0,1660,0,0,0,0,0,1
5,DFW,1450,1559,69,1703,1756,53,1,0,0,1660,0,7,0,0,46,1
6,DFW,1450,1449,-1,1703,1657,-6,0,0,0,1660,0,0,0,0,0,1
7,DFW,1450,1445,-5,1703,1705,2,0,0,0,1660,0,0,0,0,0,1
1,DFW,1450,1447,-3,1703,1639,-24,0,0,0,1660,0,0,0,0,0,1
2,DFW,1450,1450,0,1703,1656,-7,0,0,0,1660,0,0,0,0,0,1
3,DFW,1450,1504,14,1703,1657,-6,0,0,0,1660,0,0,0,0,0,1
4,DFW,1450,1452,2,1703,1653,-10,0,0,0,1660,0,0,0,0,0,1
5,DFW,1450,1652,122,1703,1851,108,1,0,0,1660,21,0,0,0,87,1
6,DFW,1450,1457,7,1703,1656,-7,0,0,0,1660,0,0,0,0,0,1
7,DFW,1450,1458,8,1703,1649,-14,0,0,0,1660,0,0,0,0,0,1
1,DFW,1450,1450,0,1703,1648,-15,0,0,0,1660,0,0,0,0,0,1
2,DFW,1450,1503,13,1703,1721,18,1,0,0,1660,13,0,5,0,0,1
3,DFW,1450,1503,13,1703,1753,50,1,0,0,1660,9,0,37,0,4,1
4,DFW,1450,1447,-3,1703,1651,-12,0,0,0,1660,0,0,0,0,0,1
5,DFW,1450,1450,0,1703,1652,-11,0,0,0,1660,0,0,0,0,0,1
6,DFW,1450,1446,-4,1703,1644,-19,0,0,0,1660,0,0,0,0,0,1
7,DFW,1450,1448,-2,1703,1646,-17,0,0,0,1660,0,0,0,0,0,1
5,JFK,2100,122,262,9,434,265,1,0,0,2475,0,78,3,0,184,1
7,JFK,2100,2111,11,9,15,6,0,0,0,2475,0,0,0,0,0,1
1,JFK,2100,2100,0,9,9,0,0,0,0,2475,0,0,0,0,0,1
2,JFK,2100,2106,6,9,4,-5,0,0,0,2475,0,0,0,0,0,1
3,JFK,2100,2057,-3,9,2341,-28,0,0,0,2475,0,0,0,0,0,1
4,JFK,2100,2255,115,9,220,131,1,0,0,2475,87,0,16,0,28,1
5,JFK,2100,2129,29,9,114,65,1,0,0,2475,0,0,65,0,0,1
6,JFK,2100,2057,-3,9,48,39,1,0,0,2475,0,0,39,0,0,1
7,JFK,2100,2100,0,9,2,-7,0,0,0,2475,0,0,0,0,0,1
1,JFK,2100,2055,-5,9,16,7,0,0,0,2475,0,0,0,0,0,1
2,JFK,2100,2120,20,9,38,29,1,0,0,2475,0,0,9,0,20,1
3,JFK,2100,2216,76,9,138,89,1,0,0,2475,0,0,50,0,39,1
4,JFK,2100,2130,30,9,43,34,1,0,0,2475,6,0,4,0,24,1
5,JFK,2100,2109,9,9,40,31,1,0,0,2475,4,0,22,0,5,1
6,JFK,2100,2100,0,9,9,0,0,0,0,2475,0,0,0,0,0,1
7,JFK,2100,2100,0,9,16,7,0,0,0,2475,0,0,0,0,0,1
1,JFK,2100,2330,150,9,213,124,1,0,0,2475,0,0,53,0,71,1
2,JFK,2100,2146,46,9,41,32,1,0,0,2475,3,0,0,0,29,1
3,JFK,2100,2100,0,9,2354,-15,0,0,0,2475,0,0,0,0,0,1
4,JFK,2100,2119,19,9,21,12,0,0,0,2475,0,0,0,0,0,1
5,JFK,2100,2253,113,9,118,69,1,0,0,2475,4,0,0,0,65,1
6,JFK,2100,2116,16,9,42,33,1,0,0,2475,4,0,17,0,12,1
7,JFK,2100,2101,1,9,24,15,1,0,0,2475,1,0,14,0,0,1
2,JFK,2100,2057,-3,9,34,25,1,0,0,2475,0,0,25,0,0,1
3,JFK,2100,2130,30,9,23,14,0,0,0,2475,0,0,0,0,0,1
4,JFK,2100,2200,60,9,151,102,1,0,0,2475,5,0,42,0,55,1
5,JFK,2100,2131,31,9,42,33,1,0,0,2475,31,0,2,0,0,1
6,JFK,2100,2108,8,9,37,28,1,0,0,2475,0,0,28,0,0,1
7,JFK,2100,41,221,9,351,222,1,0,0,2475,0,0,12,0,210,1
6,ORD,1154,1154,0,1504,1447,-17,0,0,0,733,0,0,0,0,0,1
7,ORD,1150,1147,-3,1500,1446,-14,0,0,0,733,0,0,0,0,0,1
1,ORD,1150,1149,-1,1500,1502,2,0,0,0,733,0,0,0,0,0,1
2,ORD,1153,1153,0,1503,1448,-15,0,0,0,733,0,0,0,0,0,1
3,ORD,1153,1156,3,1503,1501,-2,0,0,0,733,0,0,0,0,0,1
4,ORD,1153,1228,35,1503,1602,59,1,0,0,733,0,0,59,0,0,1
5,ORD,1153,1150,-3,1503,1505,2,0,0,0,733,0,0,0,0,0,1
6,ORD,1153,1155,2,1503,1442,-21,0,0,0,733,0,0,0,0,0,1
7,ORD,1153,1206,13,1503,1456,-7,0,0,0,733,0,0,0,0,0,1
1,ORD,1153,1211,18,1503,1537,34,1,0,0,733,0,0,16,0,18,1
2,ORD,1153,1149,-4,1503,1444,-19,0,0,0,733,0,0,0,0,0,1
3,ORD,1153,1145,-8,1503,1500,-3,0,0,0,733,0,0,0,0,0,1
4,ORD,1153,1156,3,1503,1535,32,1,0,0,733,0,0,32,0,0,1
5,ORD,1153,1200,7,1503,1505,2,0,0,0,733,0,0,0,0,0,1
6,ORD,1153,1148,-5,1503,1440,-23,0,0,0,733,0,0,0,0,0,1
7,ORD,1153,1302,69,1503,1611,68,1,0,0,733,0,0,0,0,68,1
1,ORD,1153,1153,0,1503,1513,10,0,0,0,733,0,0,0,0,0,1
2,ORD,1153,1153,0,1503,1520,17,1,0,0,733,0,0,17,0,0,1
3,ORD,1153,1151,-2,1503,1456,-7,0,0,0,733,0,0,0,0,0,1
4,ORD,1153,1412,139,1503,1836,213,1,0,0,733,17,122,74,0,0,1
5,ORD,1153,1150,-3,1503,1453,-10,0,0,0,733,0,0,0,0,0,1
6,ORD,1153,1154,1,1503,1449,-14,0,0,0,733,0,0,0,0,0,1
7,ORD,1153,1247,54,1503,1558,55,1,0,0,733,0,0,3,0,52,1
1,ORD,1153,1150,-3,1503,1454,-9,0,0,0,733,0,0,0,0,0,1
2,ORD,1153,1211,18,1503,1513,10,0,0,0,733,0,0,0,0,0,1
3,ORD,1153,1147,-6,1503,1441,-22,0,0,0,733,0,0,0,0,0,1
4,ORD,1153,1153,0,1503,1456,-7,0,0,0,733,0,0,0,0,0,1
5,ORD,1153,1214,21,1503,1535,32,1,0,0,733,0,0,23,0,9,1
6,ORD,1153,1205,12,1503,1522,19,1,0,0,733,11,0,7,0,1,1
7,ORD,1153,1329,96,1503,1620,77,1,0,0,733,0,0,0,0,77,1
5,LGA,1355,1353,-2,1542,1518,-24,0,0,0,733,0,0,0,0,0,1
6,LGA,1355,1346,-9,1542,1512,-30,0,0,0,733,0,0,0,0,0,1
7,LGA,1425,1423,-2,1608,1556,-12,0,0,0,733,0,0,0,0,0,1
1,LGA,1355,1353,-2,1542,1509,-33,0,0,0,733,0,0,0,0,0,1
2,LGA,1355,1350,-5,1542,1508,-34,0,0,0,733,0,0,0,0,0,1
3,LGA,1355,1432,37,1542,1603,21,1,0,0,733,0,0,0,0,21,1
4,LGA,1355,1403,8,1542,1530,-12,0,0,0,733,0,0,0,0,0,1
5,LGA,1355,1351,-4,1542,1616,34,1,0,0,733,0,0,34,0,0,1
6,LGA,1355,1351,-4,1542,1515,-27,0,0,0,733,0,0,0,0,0,1
7,LGA,1425,1419,-6,1608,1549,-19,0,0,0,733,0,0,0,0,0,1
1,LGA,1355,1349,-6,1542,1533,-9,0,0,0,733,0,0,0,0,0,1
2,LGA,1355,1347,-8,1542,1511,-31,0,0,0,733,0,0,0,0,0,1
3,LGA,1355,1352,-3,1542,1538,-4,0,0,0,733,0,0,0,0,0,1
4,LGA,1355,1357,2,1542,1633,51,1,0,0,733,2,0,49,0,0,1
5,LGA,1355,1353,-2,1542,1524,-18,0,0,0,733,0,0,0,0,0,1
6,LGA,1355,1347,-8,1542,1506,-36,0,0,0,733,0,0,0,0,0,1
7,LGA,1425,1451,26,1608,1609,1,0,0,0,733,0,0,0,0,0,1
1,LGA,1355,1751,236,1542,1941,239,1,0,0,733,0,236,3,0,0,1
2,LGA,1355,1351,-4,1542,1518,-24,0,0,0,733,0,0,0,0,0,1
3,LGA,1355,1349,-6,1542,1522,-20,0,0,0,733,0,0,0,0,0,1
4,LGA,1355,1350,-5,1542,1701,79,1,0,0,733,0,0,79,0,0,1
5,LGA,1355,1353,-2,1542,1514,-28,0,0,0,733,0,0,0,0,0,1
6,LGA,1355,1355,0,1542,1527,-15,0,0,0,733,0,0,0,0,0,1
7,LGA,1425,1421,-4,1608,1549,-19,0,0,0,733,0,0,0,0,0,1
1,LGA,1355,1344,-11,1542,1511,-31,0,0,0,733,0,0,0,0,0,1
2,LGA,1355,1352,-3,1542,1548,6,0,0,0,733,0,0,0,0,0,1
3,LGA,1355,1355,0,1542,1512,-30,0,0,0,733,0,0,0,0,0,1
4,LGA,1355,1822,267,1542,2023,281,1,0,0,733,0,0,281,0,0,1
5,LGA,1355,1430,35,1542,1641,59,1,0,0,733,0,0,59,0,0,1
6,LGA,1355,1427,32,1542,1558,16,1,0,0,733,0,0,0,0,16,1
7,LGA,1425,1422,-3,1608,1553,-15,0,0,0,733,0,0,0,0,0,1
5,LAX,800,800,0,1614,1604,-10,0,0,0,2342,0,0,0,0,0,1
6,LAX,800,759,-1,1614,1608,-6,0,0,0,2342,0,0,0,0,0,1
7,LAX,800,829,29,1614,1643,29,1,0,0,2342,29,0,0,0,0,1
1,LAX,800,800,0,1614,1645,31,1,0,0,2342,0,0,31,0,0,1
2,LAX,800,837,37,1614,1644,30,1,0,0,2342,30,0,0,0,0,1
3,LAX,800,755,-5,1614,1550,-24,0,0,0,2342,0,0,0,0,0,1
4,LAX,800,756,-4,1614,1630,16,1,0,0,2342,0,0,16,0,0,1
5,LAX,800,758,-2,1614,1553,-21,0,0,0,2342,0,0,0,0,0,1
6,LAX,800,807,7,1614,1610,-4,0,0,0,2342,0,0,0,0,0,1
7,LAX,800,830,30,1614,1617,3,0,0,0,2342,0,0,0,0,0,1
1,LAX,800,811,11,1614,1613,-1,0,0,0,2342,0,0,0,0,0,1
2,LAX,800,757,-3,1614,1618,4,0,0,0,2342,0,0,0,0,0,1
3,LAX,800,758,-2,1614,1623,9,0,0,0,2342,0,0,0,0,0,1
4,LAX,800,757,-3,1614,1624,10,0,0,0,2342,0,0,0,0,0,1
5,LAX,800,802,2,1614,1616,2,0,0,0,2342,0,0,0,0,0,1
6,LAX,800,800,0,1614,1633,19,1,0,0,2342,0,0,19,0,0,1
7,LAX,800,800,0,1614,1620,6,0,0,0,2342,0,0,0,0,0,1
1,LAX,800,807,7,1614,1627,13,0,0,0,2342,0,0,0,0,0,1
2,LAX,800,816,16,1614,1651,37,1,0,0,2342,16,0,21,0,0,1
3,LAX,800,757,-3,1614,1613,-1,0,0,0,2342,0,0,0,0,0,1
4,LAX,800,1059,179,1614,1923,189,1,0,0,2342,179,0,10,0,0,1
5,LAX,800,757,-3,1614,1636,22,1,0,0,2342,0,0,22,0,0,1
6,LAX,800,759,-1,1614,1727,73,1,0,0,2342,0,0,73,0,0,1
7,LAX,800,800,0,1614,1606,-8,0,0,0,2342,0,0,0,0,0,1
1,LAX,800,812,12,1614,1651,37,1,0,0,2342,12,0,25,0,0,1
2,LAX,800,755,-5,1614,1620,6,0,0,0,2342,0,0,0,0,0,1
3,LAX,800,757,-3,1614,1623,9,0,0,0,2342,0,0,0,0,0,1
4,LAX,800,758,-2,1614,1619,5,0,0,0,2342,0,0,0,0,0,1
5,LAX,800,811,11,1614,1626,12,0,0,0,2342,0,0,0,0,0,1
6,LAX,800,803,3,1614,1605,-9,0,0,0,2342,0,0,0,0,0,1
7,LAX,800,825,25,1614,1635,21,1,0,0,2342,21,0,0,0,0,1
5,DFW,1645,1725,40,1750,1818,28,1,0,0,247,0,0,0,0,28,1
7,DFW,1645,1637,-8,1750,1753,3,0,0,0,247,0,0,0,0,0,1
1,DFW,1645,1643,-2,1750,1823,33,1,0,0,247,0,0,33,0,0,1
2,DFW,1645,1641,-4,1750,1743,-7,0,0,0,247,0,0,0,0,0,1
3,DFW,1645,1638,-7,1750,1736,-14,0,0,0,247,0,0,0,0,0,1
4,DFW,1645,1658,13,1750,1758,8,0,0,0,247,0,0,0,0,0,1
5,DFW,1645,1711,26,1750,1807,17,1,0,0,247,0,0,0,0,17,1
7,DFW,1645,1705,20,1750,1759,9,0,0,0,247,0,0,0,0,0,1
1,DFW,1645,1646,1,1750,1741,-9,0,0,0,247,0,0,0,0,0,1
2,DFW,1645,1638,-7,1750,1741,-9,0,0,0,247,0,0,0,0,0,1
3,DFW,1645,1639,-6,1750,1735,-15,0,0,0,247,0,0,0,0,0,1
4,DFW,1645,1641,-4,1750,1743,-7,0,0,0,247,0,0,0,0,0,1
5,DFW,1645,1946,181,1750,2045,175,1,0,0,247,0,0,0,0,175,1
7,DFW,1645,1640,-5,1750,1744,-6,0,0,0,247,0,0,0,0,0,1
1,DFW,1645,1639,-6,1750,1745,-5,0,0,0,247,0,0,0,0,0,1
2,DFW,1645,1641,-4,1750,1750,0,0,0,0,247,0,0,0,0,0,1
3,DFW,1645,1645,0,1750,1738,-12,0,0,0,247,0,0,0,0,0,1
4,DFW,1645,1709,24,1750,1806,16,1,0,0,247,16,0,0,0,0,1
5,DFW,1645,1833,108,1750,1930,100,1,0,0,247,0,0,0,0,100,1
7,DFW,1645,1639,-6,1750,1741,-9,0,0,0,247,0,0,0,0,0,1
2,DFW,1645,1704,19,1750,1837,47,1,0,0,247,2,0,28,0,17,1
4,DFW,1645,1728,43,1750,1830,40,1,0,0,247,0,0,0,0,40,1
5,DFW,1645,1640,-5,1750,1739,-11,0,0,0,247,0,0,0,0,0,1
7,DFW,1645,1635,-10,1750,1735,-15,0,0,0,247,0,0,0,0,0,1
5,SFO,1530,1535,5,2101,2119,18,1,0,0,1464,5,0,13,0,0,1
6,SFO,1530,1526,-4,2101,2050,-11,0,0,0,1464,0,0,0,0,0,1
7,SFO,1530,1519,-11,2101,2042,-19,0,0,0,1464,0,0,0,0,0,1
1,SFO,1530,1628,58,2101,2143,42,1,0,0,1464,42,0,0,0,0,1
2,SFO,1530,1534,4,2101,2051,-10,0,0,0,1464,0,0,0,0,0,1
3,SFO,1530,1530,0,2101,2034,-27,0,0,0,1464,0,0,0,0,0,1
4,SFO,1530,1547,17,2101,2059,-2,0,0,0,1464,0,0,0,0,0,1
5,SFO,1530,1533,3,2101,2112,11,0,0,0,1464,0,0,0,0,0,1
6,SFO,1530,1522,-8,2101,2048,-13,0,0,0,1464,0,0,0,0,0,1
7,SFO,1530,1532,2,2101,2042,-19,0,0,0,1464,0,0,0,0,0,1
1,SFO,1530,1527,-3,2101,2134,33,1,0,0,1464,0,0,33,0,0,1
2,SFO,1530,1537,7,2101,2045,-16,0,0,0,1464,0,0,0,0,0,1
3,SFO,1530,1530,0,2101,2114,13,0,0,0,1464,0,0,0,0,0,1
4,SFO,1530,1627,57,2101,2206,65,1,0,0,1464,1,0,8,0,56,1
5,SFO,1530,1609,39,2101,2148,47,1,0,0,1464,1,0,8,0,38,1
6,SFO,1530,1529,-1,2101,2035,-26,0,0,0,1464,0,0,0,0,0,1
7,SFO,1530,1722,112,2101,2237,96,1,0,0,1464,0,0,0,0,96,1
1,SFO,1530,1529,-1,2101,2057,-4,0,0,0,1464,0,0,0,0,0,1
2,SFO,1530,1535,5,2101,2053,-8,0,0,0,1464,0,0,0,0,0,1
3,SFO,1530,1638,68,2101,2203,62,1,0,0,1464,62,0,0,0,0,1
4,SFO,1530,1601,31,2101,2122,21,1,0,0,1464,0,0,0,0,21,1
5,SFO,1530,1529,-1,2101,2057,-4,0,0,0,1464,0,0,0,0,0,1
6,SFO,1530,1704,94,2101,2232,91,1,0,0,1464,0,0,8,0,83,1
7,SFO,1530,1532,2,2101,2056,-5,0,0,0,1464,0,0,0,0,0,1
1,SFO,1530,1528,-2,2101,2120,19,1,0,0,1464,0,0,19,0,0,1
2,SFO,1530,1602,32,2101,2129,28,1,0,0,1464,0,0,0,0,28,1
3,SFO,1530,1613,43,2101,2133,32,1,0,0,1464,0,0,4,0,28,1
4,SFO,1530,1609,39,2101,2142,41,1,0,0,1464,1,0,2,0,38,1
5,SFO,1530,1604,34,2101,2136,35,1,0,0,1464,1,0,1,0,33,1
6,SFO,1530,1541,11,2101,2123,22,1,0,0,1464,11,0,11,0,0,1
7,SFO,1530,1817,167,2101,2338,157,1,0,0,1464,30,0,0,0,127,1
2,LAX,1040,1040,0,1327,1333,6,0,0,0,2486,0,0,0,0,0,1
3,LAX,1040,1044,4,1327,1329,2,0,0,0,2486,0,0,0,0,0,1
4,LAX,1040,1040,0,1327,1332,5,0,0,0,2486,0,0,0,0,0,1
5,LAX,1040,1041,1,1327,1317,-10,0,0,0,2486,0,0,0,0,0,1
6,LAX,1040,1039,-1,1327,1313,-14,0,0,0,2486,0,0,0,0,0,1
7,LAX,1040,1033,-7,1327,1330,3,0,0,0,2486,0,0,0,0,0,1
1,LAX,1040,1043,3,1327,1338,11,0,0,0,2486,0,0,0,0,0,1
2,LAX,1040,1043,3,1327,1317,-10,0,0,0,2486,0,0,0,0,0,1
3,LAX,1040,1135,55,1327,1443,76,1,0,0,2486,55,0,21,0,0,1
4,LAX,1040,1109,29,1327,1359,32,1,0,0,2486,29,0,3,0,0,1
5,LAX,1040,1141,61,1327,1402,35,1,0,0,2486,35,0,0,0,0,1
6,LAX,1040,1051,11,1327,1347,20,1,0,0,2486,11,0,9,0,0,1
7,LAX,1040,1038,-2,1327,1315,-12,0,0,0,2486,0,0,0,0,0,1
1,LAX,1040,1050,10,1327,1352,25,1,0,0,2486,10,0,15,0,0,1
2,LAX,1040,1040,0,1327,1323,-4,0,0,0,2486,0,0,0,0,0,1
3,LAX,1040,1037,-3,1327,1301,-26,0,0,0,2486,0,0,0,0,0,1
4,LAX,1040,1037,-3,1327,1329,2,0,0,0,2486,0,0,0,0,0,1
5,LAX,1040,1309,149,1327,1607,160,1,0,0,2486,149,0,11,0,0,1
6,LAX,1040,1117,37,1327,1337,10,0,0,0,2486,0,0,0,0,0,1
7,LAX,1040,1054,14,1327,1336,9,0,0,0,2486,0,0,0,0,0,1
7,SFO,2200,2200,0,641,617,-24,0,0,0,2586,0,0,0,0,0,1
1,SFO,2145,2138,-7,626,604,-22,0,0,0,2586,0,0,0,0,0,1
2,SFO,2145,2142,-3,626,600,-26,0,0,0,2586,0,0,0,0,0,1
3,SFO,2145,2137,-8,626,622,-4,0,0,0,2586,0,0,0,0,0,1
4,SFO,2145,2357,132,626,831,125,1,0,0,2586,0,0,0,0,125,1
5,SFO,2145,2216,31,626,700,34,1,0,0,2586,5,0,3,0,26,1
7,SFO,2200,2224,24,641,632,-9,0,0,0,2586,0,0,0,0,0,1
1,SFO,2145,2140,-5,626,632,6,0,0,0,2586,0,0,0,0,0,1
2,SFO,2145,2138,-7,626,602,-24,0,0,0,2586,0,0,0,0,0,1
3,SFO,2145,2137,-8,626,625,-1,0,0,0,2586,0,0,0,0,0,1
4,SFO,2145,2140,-5,626,543,-43,0,0,0,2586,0,0,0,0,0,1
5,SFO,2145,2157,12,626,557,-29,0,0,0,2586,0,0,0,0,0,1
7,SFO,2200,2154,-6,641,554,-47,0,0,0,2586,0,0,0,0,0,1
1,SFO,2145,2249,64,626,656,30,1,0,0,2586,0,0,0,0,30,1
2,SFO,2145,2142,-3,626,616,-10,0,0,0,2586,0,0,0,0,0,1
3,SFO,2145,2142,-3,626,609,-17,0,0,0,2586,0,0,0,0,0,1
4,SFO,2145,2139,-6,626,610,-16,0,0,0,2586,0,0,0,0,0,1
5,SFO,2145,2138,-7,626,614,-12,0,0,0,2586,0,0,0,0,0,1
7,SFO,2200,2157,-3,641,608,-33,0,0,0,2586,0,0,0,0,0,1
1,SFO,2145,2140,-5,626,552,-34,0,0,0,2586,0,0,0,0,0,1
2,SFO,2145,2141,-4,626,559,-27,0,0,0,2586,0,0,0,0,0,1
3,SFO,2145,2248,63,626,707,41,1,0,0,2586,0,0,0,0,41,1
4,SFO,2145,2151,6,626,629,3,0,0,0,2586,0,0,0,0,0,1
5,SFO,2145,2239,54,626,659,33,1,0,0,2586,6,0,0,0,27,1
7,SFO,2200,2153,-7,641,623,-18,0,0,0,2586,0,0,0,0,0,1
5,DFW,850,844,-6,948,937,-11,0,0,0,1171,0,0,0,0,0,1
6,DFW,850,848,-2,948,942,-6,0,0,0,1171,0,0,0,0,0,1
7,DFW,850,849,-1,948,938,-10,0,0,0,1171,0,0,0,0,0,1
1,DFW,850,943,53,948,1030,42,1,0,0,1171,0,24,0,0,18,1
2,DFW,850,902,12,948,1044,56,1,0,0,1171,0,0,44,0,12,1
3,DFW,850,843,-7,948,949,1,0,0,0,1171,0,0,0,0,0,1
4,DFW,850,842,-8,948,946,-2,0,0,0,1171,0,0,0,0,0,1
5,DFW,850,847,-3,948,952,4,0,0,0,1171,0,0,0,0,0,1
6,DFW,850,847,-3,946,939,-7,0,0,0,1171,0,0,0,0,0,1
7,DFW,850,856,6,948,947,-1,0,0,0,1171,0,0,0,0,0,1
1,DFW,850,908,18,948,1005,17,1,0,0,1171,0,0,0,0,17,1
2,DFW,850,848,-2,948,938,-10,0,0,0,1171,0,0,0,0,0,1
3,DFW,850,843,-7,948,935,-13,0,0,0,1171,0,0,0,0,0,1
4,DFW,850,844,-6,948,929,-19,0,0,0,1171,0,0,0,0,0,1
5,DFW,850,1024,94,948,1132,104,1,0,0,1171,0,94,10,0,0,1
6,DFW,850,1011,81,946,1050,64,1,0,0,1171,64,0,0,0,0,1
7,DFW,850,849,-1,948,933,-15,0,0,0,1171,0,0,0,0,0,1
1,DFW,850,902,12,948,950,2,0,0,0,1171,0,0,0,0,0,1
2,DFW,850,849,-1,948,933,-15,0,0,0,1171,0,0,0,0,0,1
3,DFW,850,851,1,948,935,-13,0,0,0,1171,0,0,0,0,0,1
4,DFW,850,845,-5,948,935,-13,0,0,0,1171,0,0,0,0,0,1
5,DFW,850,846,-4,948,936,-12,0,0,0,1171,0,0,0,0,0,1
6,DFW,850,852,2,946,936,-10,0,0,0,1171,0,0,0,0,0,1
7,DFW,850,846,-4,948,940,-8,0,0,0,1171,0,0,0,0,0,1
1,DFW,850,847,-3,948,935,-13,0,0,0,1171,0,0,0,0,0,1
2,DFW,850,853,3,948,937,-11,0,0,0,1171,0,0,0,0,0,1
3,DFW,850,845,-5,948,929,-19,0,0,0,1171,0,0,0,0,0,1
4,DFW,850,1044,114,948,1130,102,1,0,0,1171,102,0,0,0,0,1
5,DFW,850,915,25,948,1012,24,1,0,0,1171,24,0,0,0,0,1
6,DFW,850,851,1,946,933,-13,0,0,0,1171,0,0,0,0,0,1
7,DFW,850,849,-1,948,939,-9,0,0,0,1171,0,0,0,0,0,1
5,MCO,1340,1349,9,1619,1814,115,1,0,0,944,0,0,115,0,0,1
6,MCO,1340,1342,2,1619,1617,-2,0,0,0,944,0,0,0,0,0,1
7,MCO,1340,1338,-2,1619,1606,-13,0,0,0,944,0,0,0,0,0,1
1,MCO,1340,1338,-2,1619,1606,-13,0,0,0,944,0,0,0,0,0,1
2,MCO,1340,1356,16,1619,1621,2,0,0,0,944,0,0,0,0,0,1
3,MCO,1340,1340,0,1619,1601,-18,0,0,0,944,0,0,0,0,0,1
4,MCO,1340,1336,-4,1619,1748,89,1,0,0,944,0,0,89,0,0,1
5,MCO,1340,1334,-6,1619,1615,-4,0,0,0,944,0,0,0,0,0,1
6,MCO,1340,1340,0,1619,1637,18,1,0,0,944,0,0,18,0,0,1
7,MCO,1340,1406,26,1619,1644,25,1,0,0,944,2,0,0,0,23,1
1,MCO,1340,1352,12,1619,1626,7,0,0,0,944,0,0,0,0,0,1
2,MCO,1340,1332,-8,1619,1616,-3,0,0,0,944,0,0,0,0,0,1
3,MCO,1340,1704,204,1619,2101,282,1,0,0,944,0,0,282,0,0,1
4,MCO,1340,1341,1,1619,1623,4,0,0,0,944,0,0,0,0,0,1
5,MCO,1340,1336,-4,1619,1558,-21,0,0,0,944,0,0,0,0,0,1
6,MCO,1340,1359,19,1619,1729,70,1,0,0,944,19,0,51,0,0,1
7,MCO,1340,1336,-4,1619,1609,-10,0,0,0,944,0,0,0,0,0,1
1,MCO,1340,1353,13,1619,1634,15,1,0,0,944,0,0,6,0,9,1
2,MCO,1340,1340,0,1619,1635,16,1,0,0,944,0,0,16,0,0,1
3,MCO,1340,1339,-1,1619,1618,-1,0,0,0,944,0,0,0,0,0,1
4,MCO,1340,1410,30,1619,1708,49,1,0,0,944,0,0,49,0,0,1
5,MCO,1340,1339,-1,1619,1630,11,0,0,0,944,0,0,0,0,0,1
6,MCO,1340,1332,-8,1619,1608,-11,0,0,0,944,0,0,0,0,0,1
7,MCO,1340,1333,-7,1619,1610,-9,0,0,0,944,0,0,0,0,0,1
1,MCO,1340,932,1192,1619,1204,1185,1,0,0,944,1096,0,0,0,89,1
2,MCO,1340,1338,-2,1619,1610,-9,0,0,0,944,0,0,0,0,0,1
5,MCO,1340,1359,19,1619,1634,15,1,0,0,944,9,0,0,0,6,1
6,MCO,1340,1931,351,1619,2214,355,1,0,0,944,0,0,355,0,0,1
7,MCO,1340,1431,51,1619,1700,41,1,0,0,944,0,0,41,0,0,1
5,JFK,1459,1459,0,1802,1939,97,1,0,0,944,0,0,97,0,0,1
6,JFK,1459,1509,10,1802,1821,19,1,0,0,944,10,0,9,0,0,1
7,JFK,1459,1457,-2,1802,1740,-22,0,0,0,944,0,0,0,0,0,1
1,JFK,1459,1451,-8,1802,1729,-33,0,0,0,944,0,0,0,0,0,1
2,JFK,1459,1456,-3,1802,1755,-7,0,0,0,944,0,0,0,0,0,1
3,JFK,1459,1508,9,1802,1816,14,0,0,0,944,0,0,0,0,0,1
4,JFK,1459,1452,-7,1802,1731,-31,0,0,0,944,0,0,0,0,0,1
5,JFK,1459,1456,-3,1802,1821,19,1,0,0,944,0,0,19,0,0,1
6,JFK,1459,1504,5,1802,1847,45,1,0,0,944,0,0,40,0,5,1
7,JFK,1459,1452,-7,1802,1753,-9,0,0,0,944,0,0,0,0,0,1
1,JFK,1459,1501,2,1802,1848,46,1,0,0,944,2,0,44,0,0,1
2,JFK,1459,1456,-3,1802,1742,-20,0,0,0,944,0,0,0,0,0,1
3,JFK,1459,1509,10,1802,1854,52,1,0,0,944,0,0,52,0,0,1
4,JFK,1459,1459,0,1802,1756,-6,0,0,0,944,0,0,0,0,0,1
5,JFK,1459,1455,-4,1802,1743,-19,0,0,0,944,0,0,0,0,0,1
6,JFK,1459,1457,-2,1802,1808,6,0,0,0,944,0,0,0,0,0,1
7,JFK,1459,1509,10,1802,1808,6,0,0,0,944,0,0,0,0,0,1
1,JFK,1459,1459,0,1802,1840,38,1,0,0,944,0,0,38,0,0,1
2,JFK,1459,1456,-3,1802,1819,17,1,0,0,944,0,0,17,0,0,1
3,JFK,1459,1452,-7,1802,1741,-21,0,0,0,944,0,0,0,0,0,1
4,JFK,1459,1454,-5,1802,1750,-12,0,0,0,944,0,0,0,0,0,1
5,JFK,1459,1515,16,1802,1758,-4,0,0,0,944,0,0,0,0,0,1
6,JFK,1459,1507,8,1802,1807,5,0,0,0,944,0,0,0,0,0,1
7,JFK,1459,1454,-5,1802,1743,-19,0,0,0,944,0,0,0,0,0,1
1,JFK,1459,1454,-5,1802,1739,-23,0,0,0,944,0,0,0,0,0,1
2,JFK,1459,1458,-1,1802,1746,-16,0,0,0,944,0,0,0,0,0,1
3,JFK,1459,1454,-5,1802,1819,17,1,0,0,944,0,0,17,0,0,1
4,JFK,1459,1457,-2,1802,1855,53,1,0,0,944,0,0,53,0,0,1
5,JFK,1459,1507,8,1802,1828,26,1,0,0,944,8,0,18,0,0,1
6,JFK,1459,1946,287,1802,2250,288,1,0,0,944,0,0,288,0,0,1
7,JFK,1459,1501,2,1802,1819,17,1,0,0,944,2,0,15,0,0,1
5,DFW,1740,1754,14,2003,2026,23,1,0,0,802,0,0,9,0,14,1
7,DFW,1745,1741,-4,2008,1948,-20,0,0,0,802,0,0,0,0,0,1
1,DFW,1740,1739,-1,2003,1946,-17,0,0,0,802,0,0,0,0,0,1
2,DFW,1740,1734,-6,2003,1959,-4,0,0,0,802,0,0,0,0,0,1
3,DFW,1740,1735,-5,2003,1945,-18,0,0,0,802,0,0,0,0,0,1
4,DFW,1740,1843,63,2003,2131,88,1,0,0,802,0,0,88,0,0,1
5,DFW,1740,1811,31,2003,2040,37,1,0,0,802,2,0,6,0,29,1
7,DFW,1740,1812,32,2003,2028,25,1,0,0,802,1,0,0,0,24,1
1,DFW,1740,1738,-2,2003,1945,-18,0,0,0,802,0,0,0,0,0,1
2,DFW,1740,1739,-1,2003,2056,53,1,0,0,802,0,0,53,0,0,1
3,DFW,1740,1946,126,2003,2233,150,1,0,0,802,0,0,149,0,1,1
4,DFW,1740,1845,65,2003,2100,57,1,0,0,802,14,0,0,0,43,1
5,DFW,1740,1847,67,2003,2124,81,1,0,0,802,0,0,14,0,67,1
7,DFW,1740,1742,2,2003,2000,-3,0,0,0,802,0,0,0,0,0,1
1,DFW,1740,1735,-5,2003,2002,-1,0,0,0,802,0,0,0,0,0,1
2,DFW,1740,1748,8,2003,2007,4,0,0,0,802,0,0,0,0,0,1
3,DFW,1740,1737,-3,2003,1959,-4,0,0,0,802,0,0,0,0,0,1
5,DFW,1740,1738,-2,2003,2009,6,0,0,0,802,0,0,0,0,0,1
7,DFW,1740,1842,62,2003,2234,151,1,0,0,802,0,0,139,0,12,1
1,DFW,1740,1853,73,2003,2113,70,1,0,0,802,0,3,0,0,67,1
2,DFW,1740,1748,8,2003,2004,1,0,0,0,802,0,0,0,0,0,1
5,DFW,1740,1932,112,2003,2153,110,1,0,0,802,0,0,61,0,49,1
7,DFW,1740,1905,85,2003,2117,74,1,0,0,802,29,0,0,0,45,1
5,ORD,600,553,-7,820,809,-11,0,0,0,802,0,0,0,0,0,1
6,ORD,600,552,-8,820,808,-12,0,0,0,802,0,0,0,0,0,1
7,ORD,614,608,-6,834,838,4,0,0,0,802,0,0,0,0,0,1
1,ORD,600,552,-8,820,830,10,0,0,0,802,0,0,0,0,0,1
2,ORD,600,557,-3,820,804,-16,0,0,0,802,0,0,0,0,0,1
3,ORD,600,634,34,820,908,48,1,0,0,802,0,34,14,0,0,1
4,ORD,600,549,-11,820,802,-18,0,0,0,802,0,0,0,0,0,1
5,ORD,600,556,-4,820,814,-6,0,0,0,802,0,0,0,0,0,1
6,ORD,600,556,-4,820,819,-1,0,0,0,802,0,0,0,0,0,1
7,ORD,605,602,-3,825,804,-21,0,0,0,802,0,0,0,0,0,1
1,ORD,600,555,-5,820,817,-3,0,0,0,802,0,0,0,0,0,1
2,ORD,600,558,-2,820,802,-18,0,0,0,802,0,0,0,0,0,1
3,ORD,600,557,-3,820,817,-3,0,0,0,802,0,0,0,0,0,1
4,ORD,600,558,-2,820,820,0,0,0,0,802,0,0,0,0,0,1
6,ORD,600,559,-1,820,812,-8,0,0,0,802,0,0,0,0,0,1
7,ORD,605,601,-4,825,809,-16,0,0,0,802,0,0,0,0,0,1
1,ORD,600,557,-3,820,820,0,0,0,0,802,0,0,0,0,0,1
2,ORD,600,559,-1,820,810,-10,0,0,0,802,0,0,0,0,0,1
3,ORD,600,557,-3,820,811,-9,0,0,0,802,0,0,0,0,0,1
4,ORD,600,559,-1,820,802,-18,0,0,0,802,0,0,0,0,0,1
5,ORD,600,559,-1,820,825,5,0,0,0,802,0,0,0,0,0,1
6,ORD,600,558,-2,820,809,-11,0,0,0,802,0,0,0,0,0,1
7,ORD,605,605,0,825,830,5,0,0,0,802,0,0,0,0,0,1
1,ORD,600,557,-3,820,816,-4,0,0,0,802,0,0,0,0,0,1
2,ORD,600,558,-2,820,809,-11,0,0,0,802,0,0,0,0,0,1
3,ORD,600,557,-3,820,804,-16,0,0,0,802,0,0,0,0,0,1
4,ORD,600,558,-2,820,809,-11,0,0,0,802,0,0,0,0,0,1
5,ORD,600,559,-1,820,816,-4,0,0,0,802,0,0,0,0,0,1
6,ORD,600,555,-5,820,809,-11,0,0,0,802,0,0,0,0,0,1
7,ORD,605,558,-7,825,804,-21,0,0,0,802,0,0,0,0,0,1
5,LAX,945,941,-4,1253,1222,-31,0,0,0,2556,0,0,0,0,0,1
6,LAX,946,955,9,1254,1302,8,0,0,0,2556,0,0,0,0,0,1
7,LAX,946,941,-5,1254,1226,-28,0,0,0,2556,0,0,0,0,0,1
1,LAX,946,940,-6,1254,1225,-29,0,0,0,2556,0,0,0,0,0,1
2,LAX,946,947,1,1254,1244,-10,0,0,0,2556,0,0,0,0,0,1
3,LAX,946,946,0,1254,1252,-2,0,0,0,2556,0,0,0,0,0,1
4,LAX,946,949,3,1254,1231,-23,0,0,0,2556,0,0,0,0,0,1
5,LAX,946,941,-5,1254,1229,-25,0,0,0,2556,0,0,0,0,0,1
6,LAX,946,939,-7,1254,1214,-40,0,0,0,2556,0,0,0,0,0,1
7,LAX,946,943,-3,1254,1247,-7,0,0,0,2556,0,0,0,0,0,1
1,LAX,946,943,-3,1254,1238,-16,0,0,0,2556,0,0,0,0,0,1
2,LAX,946,942,-4,1254,1243,-11,0,0,0,2556,0,0,0,0,0,1
3,LAX,946,943,-3,1254,1234,-20,0,0,0,2556,0,0,0,0,0,1
4,LAX,946,941,-5,1254,1247,-7,0,0,0,2556,0,0,0,0,0,1
5,LAX,946,1010,24,1254,1303,9,0,0,0,2556,0,0,0,0,0,1
6,LAX,946,942,-4,1254,1312,18,1,0,0,2556,0,0,18,0,0,1
7,LAX,946,937,-9,1254,1232,-22,0,0,0,2556,0,0,0,0,0,1
1,LAX,946,943,-3,1254,1236,-18,0,0,0,2556,0,0,0,0,0,1
2,LAX,946,942,-4,1254,1230,-24,0,0,0,2556,0,0,0,0,0,1
3,LAX,946,944,-2,1254,1310,16,1,0,0,2556,0,0,16,0,0,1
4,LAX,946,947,1,1254,1232,-22,0,0,0,2556,0,0,0,0,0,1
5,LAX,946,945,-1,1254,1254,0,0,0,0,2556,0,0,0,0,0,1
6,LAX,946,949,3,1254,1232,-22,0,0,0,2556,0,0,0,0,0,1
7,LAX,946,939,-7,1254,1240,-14,0,0,0,2556,0,0,0,0,0,1
1,LAX,946,942,-4,1254,1233,-21,0,0,0,2556,0,0,0,0,0,1
2,LAX,946,942,-4,1254,1229,-25,0,0,0,2556,0,0,0,0,0,1
3,LAX,946,949,3,1254,1221,-33,0,0,0,2556,0,0,0,0,0,1
4,LAX,946,940,-6,1254,1223,-31,0,0,0,2556,0,0,0,0,0,1
5,LAX,946,940,-6,1254,1255,1,0,0,0,2556,0,0,0,0,0,1
6,LAX,946,943,-3,1254,1233,-21,0,0,0,2556,0,0,0,0,0,1
7,LAX,946,944,-2,1254,1225,-29,0,0,0,2556,0,0,0,0,0,1
5,LAX,1800,2248,288,2104,216,312,1,0,0,2615,0,0,24,0,288,1
6,LAX,1800,1808,8,2104,2053,-11,0,0,0,2615,0,0,0,0,0,1
7,LAX,1800,1800,0,2104,2053,-11,0,0,0,2615,0,0,0,0,0,1
1,LAX,1800,1805,5,2104,2045,-19,0,0,0,2615,0,0,0,0,0,1
2,LAX,1740,1813,33,2041,2053,12,0,0,0,2615,0,0,0,0,0,1
3,LAX,1740,1814,34,2041,2055,14,0,0,0,2615,0,0,0,0,0,1
4,LAX,1740,1737,-3,2041,2033,-8,0,0,0,2615,0,0,0,0,0,1
5,LAX,1740,1729,-11,2041,2010,-31,0,0,0,2615,0,0,0,0,0,1
6,LAX,1740,1743,3,2041,2018,-23,0,0,0,2615,0,0,0,0,0,1
7,LAX,1740,1734,-6,2041,2037,-4,0,0,0,2615,0,0,0,0,0,1
1,LAX,1740,1736,-4,2041,2036,-5,0,0,0,2615,0,0,0,0,0,1
2,LAX,1740,1746,6,2041,2032,-9,0,0,0,2615,0,0,0,0,0,1
3,LAX,1740,1744,4,2041,2033,-8,0,0,0,2615,0,0,0,0,0,1
4,LAX,1740,1740,0,2041,2028,-13,0,0,0,2615,0,0,0,0,0,1
5,LAX,1740,1743,3,2041,2113,32,1,0,0,2615,3,0,29,0,0,1
6,LAX,1740,1733,-7,2041,2016,-25,0,0,0,2615,0,0,0,0,0,1
7,LAX,1740,1738,-2,2041,2024,-17,0,0,0,2615,0,0,0,0,0,1
1,LAX,1740,1738,-2,2041,2040,-1,0,0,0,2615,0,0,0,0,0,1
2,LAX,1740,1735,-5,2041,2042,1,0,0,0,2615,0,0,0,0,0,1
3,LAX,1740,1736,-4,2041,2029,-12,0,0,0,2615,0,0,0,0,0,1
4,LAX,1740,1837,57,2041,2122,41,1,0,0,2615,0,0,0,0,41,1
5,LAX,1740,1735,-5,2041,2041,0,0,0,0,2615,0,0,0,0,0,1
6,LAX,1740,1758,18,2041,2056,15,1,0,0,2615,15,0,0,0,0,1
7,LAX,1740,1741,1,2041,2036,-5,0,0,0,2615,0,0,0,0,0,1
1,LAX,1740,1855,75,2041,2136,55,1,0,0,2615,55,0,0,0,0,1
2,LAX,1740,1755,15,2041,2041,0,0,0,0,2615,0,0,0,0,0,1
3,LAX,1740,1735,-5,2041,2018,-23,0,0,0,2615,0,0,0,0,0,1
4,LAX,1740,1744,4,2041,2017,-24,0,0,0,2615,0,0,0,0,0,1
5,LAX,1740,1738,-2,2041,2022,-19,0,0,0,2615,0,0,0,0,0,1
6,LAX,1740,1841,61,2041,2124,43,1,0,0,2615,43,0,0,0,0,1
7,LAX,1740,1739,-1,2041,2035,-6,0,0,0,2615,0,0,0,0,0,1
5,ORD,2005,2329,204,2317,221,184,1,0,0,733,0,0,3,0,181,1
1,ORD,2005,2004,-1,2317,2301,-16,0,0,0,733,0,0,0,0,0,1
2,ORD,2005,2120,75,2317,17,60,1,0,0,733,60,0,0,0,0,1
3,ORD,2005,2020,15,2317,2332,15,1,0,0,733,0,0,0,0,15,1
4,ORD,2005,2051,46,2317,5,48,1,0,0,733,0,0,2,0,46,1
6,ORD,2005,2003,-2,2317,2307,-10,0,0,0,733,0,0,0,0,0,1
7,ORD,2005,2046,41,2317,2336,19,1,0,0,733,12,0,0,0,7,1
1,ORD,2005,2034,29,2317,2339,22,1,0,0,733,22,0,0,0,0,1
2,ORD,2005,2014,9,2317,2327,10,0,0,0,733,0,0,0,0,0,1
3,ORD,2005,2140,95,2317,116,119,1,0,0,733,0,3,24,0,92,1
4,ORD,2005,2030,25,2317,2325,8,0,0,0,733,0,0,0,0,0,1
5,ORD,2005,2106,61,2317,2353,36,1,0,0,733,0,0,0,0,36,1
6,ORD,2005,2049,44,2317,2342,25,1,0,0,733,25,0,0,0,0,1
7,ORD,2005,2003,-2,2317,2254,-23,0,0,0,733,0,0,0,0,0,1
1,ORD,2005,2022,17,2317,2334,17,1,0,0,733,0,0,11,0,6,1
2,ORD,2005,2033,28,2317,2323,6,0,0,0,733,0,0,0,0,0,1
3,ORD,2005,2002,-3,2317,2307,-10,0,0,0,733,0,0,0,0,0,1
5,ORD,2005,2002,-3,2317,2310,-7,0,0,0,733,0,0,0,0,0,1
7,ORD,2005,2139,94,2317,112,115,1,0,0,733,0,15,21,0,79,1
1,ORD,2005,2222,137,2317,122,125,1,0,0,733,64,0,0,0,61,1
2,ORD,2005,2045,40,2317,2336,19,1,0,0,733,0,0,0,0,19,1
3,ORD,2005,2004,-1,2317,2312,-5,0,0,0,733,0,0,0,0,0,1
4,ORD,2005,2236,151,2317,125,128,1,0,0,733,42,0,0,0,86,1
6,ORD,2005,2030,25,2317,2324,7,0,0,0,733,0,0,0,0,0,1
7,ORD,2005,2136,91,2317,48,91,1,0,0,733,0,0,58,0,33,1
5,LGA,659,659,0,831,833,2,0,0,0,733,0,0,0,0,0,1
6,LGA,715,709,-6,855,907,12,0,0,0,733,0,0,0,0,0,1
7,LGA,715,817,62,855,939,44,1,0,0,733,44,0,0,0,0,1
1,LGA,715,707,-8,855,825,-30,0,0,0,733,0,0,0,0,0,1
2,LGA,715,709,-6,855,850,-5,0,0,0,733,0,0,0,0,0,1
3,LGA,715,751,36,855,948,53,1,0,0,733,0,0,53,0,0,1
4,LGA,715,713,-2,855,836,-19,0,0,0,733,0,0,0,0,0,1
5,LGA,715,707,-8,855,838,-17,0,0,0,733,0,0,0,0,0,1
6,LGA,715,710,-5,855,853,-2,0,0,0,733,0,0,0,0,0,1
7,LGA,715,709,-6,855,831,-24,0,0,0,733,0,0,0,0,0,1
1,LGA,715,712,-3,855,824,-31,0,0,0,733,0,0,0,0,0,1
2,LGA,715,707,-8,855,830,-25,0,0,0,733,0,0,0,0,0,1
3,LGA,715,724,9,855,839,-16,0,0,0,733,0,0,0,0,0,1
5,LGA,715,713,-2,855,841,-14,0,0,0,733,0,0,0,0,0,1
6,LGA,715,711,-4,855,831,-24,0,0,0,733,0,0,0,0,0,1
7,LGA,715,711,-4,855,828,-27,0,0,0,733,0,0,0,0,0,1
1,LGA,715,711,-4,855,914,19,1,0,0,733,0,0,19,0,0,1
2,LGA,715,712,-3,855,901,6,0,0,0,733,0,0,0,0,0,1
3,LGA,715,720,5,855,842,-13,0,0,0,733,0,0,0,0,0,1
4,LGA,715,711,-4,855,838,-17,0,0,0,733,0,0,0,0,0,1
5,LGA,715,742,27,855,859,4,0,0,0,733,0,0,0,0,0,1
6,LGA,715,715,0,855,835,-20,0,0,0,733,0,0,0,0,0,1
7,LGA,715,707,-8,855,903,8,0,0,0,733,0,0,0,0,0,1
1,LGA,715,710,-5,855,836,-19,0,0,0,733,0,0,0,0,0,1
2,LGA,715,712,-3,855,848,-7,0,0,0,733,0,0,0,0,0,1
3,LGA,715,716,1,855,831,-24,0,0,0,733,0,0,0,0,0,1
4,LGA,715,712,-3,855,845,-10,0,0,0,733,0,0,0,0,0,1
5,LGA,715,710,-5,855,859,4,0,0,0,733,0,0,0,0,0,1
6,LGA,715,713,-2,855,843,-12,0,0,0,733,0,0,0,0,0,1
7,LGA,715,713,-2,855,843,-12,0,0,0,733,0,0,0,0,0,1
5,LAX,600,557,-3,1434,1421,-13,0,0,0,2475,0,0,0,0,0,1
1,LAX,600,558,-2,1434,1409,-25,0,0,0,2475,0,0,0,0,0,1
2,LAX,600,620,20,1434,1437,3,0,0,0,2475,0,0,0,0,0,1
3,LAX,600,554,-6,1434,1403,-31,0,0,0,2475,0,0,0,0,0,1
4,LAX,600,557,-3,1434,1422,-12,0,0,0,2475,0,0,0,0,0,1
5,LAX,600,553,-7,1434,1416,-18,0,0,0,2475,0,0,0,0,0,1
6,LAX,600,555,-5,1434,1431,-3,0,0,0,2475,0,0,0,0,0,1
7,LAX,600,554,-6,1434,1414,-20,0,0,0,2475,0,0,0,0,0,1
1,LAX,600,555,-5,1434,1411,-23,0,0,0,2475,0,0,0,0,0,1
2,LAX,600,554,-6,1434,1405,-29,0,0,0,2475,0,0,0,0,0,1
3,LAX,600,552,-8,1434,1408,-26,0,0,0,2475,0,0,0,0,0,1
4,LAX,600,558,-2,1434,1442,8,0,0,0,2475,0,0,0,0,0,1
5,LAX,600,552,-8,1434,1406,-28,0,0,0,2475,0,0,0,0,0,1
6,LAX,600,604,4,1434,1417,-17,0,0,0,2475,0,0,0,0,0,1
7,LAX,600,554,-6,1434,1417,-17,0,0,0,2475,0,0,0,0,0,1
1,LAX,600,554,-6,1434,1354,-40,0,0,0,2475,0,0,0,0,0,1
2,LAX,600,554,-6,1434,1416,-18,0,0,0,2475,0,0,0,0,0,1
3,LAX,600,554,-6,1434,1424,-10,0,0,0,2475,0,0,0,0,0,1
4,LAX,600,555,-5,1434,1452,18,1,0,0,2475,0,0,18,0,0,1
5,LAX,600,750,110,1434,1619,105,1,0,0,2475,105,0,0,0,0,1
6,LAX,600,559,-1,1434,1428,-6,0,0,0,2475,0,0,0,0,0,1
7,LAX,600,554,-6,1434,1417,-17,0,0,0,2475,0,0,0,0,0,1
1,LAX,600,634,34,1434,1527,53,1,0,0,2475,34,0,19,0,0,1
2,LAX,600,559,-1,1434,1414,-20,0,0,0,2475,0,0,0,0,0,1
3,LAX,600,553,-7,1434,1407,-27,0,0,0,2475,0,0,0,0,0,1
4,LAX,600,601,1,1434,1419,-15,0,0,0,2475,0,0,0,0,0,1
5,LAX,600,556,-4,1434,1422,-12,0,0,0,2475,0,0,0,0,0,1
6,LAX,600,600,0,1434,1438,4,0,0,0,2475,0,0,0,0,0,1
7,LAX,600,619,19,1434,1500,26,1,0,0,2475,19,0,7,0,0,1
5,JFK,2000,2332,212,2312,305,233,1,0,0,2475,0,212,21,0,0,1
7,JFK,2000,1958,-2,2312,2312,0,0,0,0,2475,0,0,0,0,0,1
1,JFK,2000,1955,-5,2312,2314,2,0,0,0,2475,0,0,0,0,0,1
2,JFK,2000,1955,-5,2312,2302,-10,0,0,0,2475,0,0,0,0,0,1
3,JFK,2000,1953,-7,2312,2322,10,0,0,0,2475,0,0,0,0,0,1
4,JFK,2000,2042,42,2312,2353,41,1,0,0,2475,0,0,6,0,35,1
5,JFK,2000,2100,60,2312,44,92,1,0,0,2475,0,0,47,0,45,1
6,JFK,2000,1959,-1,2312,2351,39,1,0,0,2475,0,0,39,0,0,1
7,JFK,2000,1955,-5,2312,2307,-5,0,0,0,2475,0,0,0,0,0,1
1,JFK,2000,1954,-6,2312,2248,-24,0,0,0,2475,0,0,0,0,0,1
2,JFK,2000,1954,-6,2312,2312,0,0,0,0,2475,0,0,0,0,0,1
3,JFK,2000,1957,-3,2312,2347,35,1,0,0,2475,0,0,35,0,0,1
4,JFK,2000,2000,0,2312,2302,-10,0,0,0,2475,0,0,0,0,0,1
5,JFK,2000,2226,146,2312,116,124,1,0,0,2475,10,0,0,0,114,1
6,JFK,2000,2017,17,2312,2328,16,1,0,0,2475,16,0,0,0,0,1
7,JFK,2000,1959,-1,2312,2309,-3,0,0,0,2475,0,0,0,0,0,1
1,JFK,2000,2037,37,2312,32,80,1,0,0,2475,0,0,77,0,3,1
2,JFK,2000,2002,2,2312,2332,20,1,0,0,2475,2,0,18,0,0,1
3,JFK,2000,1955,-5,2312,2245,-27,0,0,0,2475,0,0,0,0,0,1
4,JFK,2000,2210,130,2312,42,90,1,0,0,2475,3,0,0,0,87,1
5,JFK,2000,2002,2,2312,2320,8,0,0,0,2475,0,0,0,0,0,1
6,JFK,2000,2001,1,2312,2309,-3,0,0,0,2475,0,0,0,0,0,1
7,JFK,2000,2000,0,2312,2315,3,0,0,0,2475,0,0,0,0,0,1
1,JFK,2000,2146,106,2312,42,90,1,0,0,2475,0,70,0,0,20,1
2,JFK,2000,2013,13,2312,2358,46,1,0,0,2475,13,0,33,0,0,1
3,JFK,2000,2006,6,2312,2259,-13,0,0,0,2475,0,0,0,0,0,1
4,JFK,2000,2108,68,2312,107,115,1,0,0,2475,28,0,47,0,40,1
5,JFK,2000,2005,5,2312,2303,-9,0,0,0,2475,0,0,0,0,0,1
6,JFK,2000,2247,167,2312,209,177,1,0,0,2475,167,0,10,0,0,1
7,JFK,2000,1956,-4,2312,2346,34,1,0,0,2475,0,0,34,0,0,1
5,DFW,1040,1048,8,1436,1441,5,0,0,0,1212,0,0,0,0,0,1
6,DFW,1040,1050,10,1436,1431,-5,0,0,0,1212,0,0,0,0,0,1
7,DFW,1040,1040,0,1436,1432,-4,0,0,0,1212,0,0,0,0,0,1
1,DFW,1040,1059,19,1436,1455,19,1,0,0,1212,19,0,0,0,0,1
2,DFW,1045,1244,119,1441,1635,114,1,0,0,1212,114,0,0,0,0,1
3,DFW,1045,1041,-4,1441,1435,-6,0,0,0,1212,0,0,0,0,0,1
4,DFW,1045,1043,-2,1441,1447,6,0,0,0,1212,0,0,0,0,0,1
5,DFW,1045,1042,-3,1441,1441,0,0,0,0,1212,0,0,0,0,0,1
6,DFW,1045,1044,-1,1441,1438,-3,0,0,0,1212,0,0,0,0,0,1
7,DFW,1045,1041,-4,1441,1441,0,0,0,0,1212,0,0,0,0,0,1
1,DFW,1045,1039,-6,1441,1444,3,0,0,0,1212,0,0,0,0,0,1
2,DFW,1045,1109,24,1441,1513,32,1,0,0,1212,0,0,8,0,24,1
3,DFW,1045,1039,-6,1441,1438,-3,0,0,0,1212,0,0,0,0,0,1
4,DFW,1045,1222,97,1441,1640,119,1,0,0,1212,1,0,22,0,96,1
5,DFW,1045,1250,125,1441,1647,126,1,0,0,1212,0,33,1,0,92,1
6,DFW,1045,1041,-4,1441,1427,-14,0,0,0,1212,0,0,0,0,0,1
7,DFW,1045,1045,0,1441,1438,-3,0,0,0,1212,0,0,0,0,0,1
1,DFW,1045,1039,-6,1441,1424,-17,0,0,0,1212,0,0,0,0,0,1
2,DFW,1045,1045,0,1441,1449,8,0,0,0,1212,0,0,0,0,0,1
3,DFW,1045,1043,-2,1441,1443,2,0,0,0,1212,0,0,0,0,0,1
4,DFW,1045,1058,13,1441,1444,3,0,0,0,1212,0,0,0,0,0,1
5,DFW,1045,1051,6,1441,1445,4,0,0,0,1212,0,0,0,0,0,1
6,DFW,1045,1046,1,1441,1436,-5,0,0,0,1212,0,0,0,0,0,1
7,DFW,1045,1043,-2,1441,1430,-11,0,0,0,1212,0,0,0,0,0,1
1,DFW,1045,1227,102,1441,1628,107,1,0,0,1212,38,0,5,0,64,1
2,DFW,1045,1042,-3,1441,1434,-7,0,0,0,1212,0,0,0,0,0,1
3,DFW,1045,1039,-6,1441,1432,-9,0,0,0,1212,0,0,0,0,0,1
4,DFW,1045,1104,19,1441,1511,30,1,0,0,1212,1,0,11,0,18,1
5,DFW,1045,1039,-6,1441,1435,-6,0,0,0,1212,0,0,0,0,0,1
6,DFW,1045,1055,10,1441,1552,71,1,0,0,1212,0,0,71,0,0,1
7,DFW,1045,1037,-8,1441,1432,-9,0,0,0,1212,0,0,0,0,0,1
5,BOS,1910,2039,89,2058,2236,98,1,0,0,867,0,0,9,0,89,1
1,BOS,1910,1908,-2,2058,2042,-16,0,0,0,867,0,0,0,0,0,1
2,BOS,1910,1906,-4,2058,2048,-10,0,0,0,867,0,0,0,0,0,1
3,BOS,1910,1941,31,2058,2123,25,1,0,0,867,0,0,0,0,25,1
4,BOS,1910,2018,68,2058,2159,61,1,0,0,867,0,0,47,0,14,1
5,BOS,1910,1955,45,2058,2125,27,1,0,0,867,0,0,0,0,27,1
6,BOS,1910,2207,177,2058,2333,155,1,0,0,867,4,0,0,0,151,1
7,BOS,1910,2000,50,2058,2146,48,1,0,0,867,0,0,0,0,48,1
1,BOS,1910,1905,-5,2058,2054,-4,0,0,0,867,0,0,0,0,0,1
2,BOS,1910,2000,50,2058,2205,67,1,0,0,867,0,0,17,0,50,1
3,BOS,1910,2055,105,2058,2317,139,1,0,0,867,0,0,139,0,0,1
4,BOS,1910,1935,25,2058,2149,51,1,0,0,867,0,19,26,0,6,1
5,BOS,1910,1901,-9,2058,2103,5,0,0,0,867,0,0,0,0,0,1
6,BOS,1910,1904,-6,2058,2046,-12,0,0,0,867,0,0,0,0,0,1
7,BOS,1910,1947,37,2058,2126,28,1,0,0,867,5,0,0,0,23,1
1,BOS,1910,2113,123,2058,2255,117,1,0,0,867,0,0,0,0,117,1
2,BOS,1910,1904,-6,2058,2100,2,0,0,0,867,0,0,0,0,0,1
3,BOS,1910,1911,1,2058,2051,-7,0,0,0,867,0,0,0,0,0,1
4,BOS,1910,2059,109,2058,2305,127,1,0,0,867,0,0,69,0,58,1
5,BOS,1910,1929,19,2058,2117,19,1,0,0,867,11,0,0,0,8,1
6,BOS,1910,2354,284,2058,211,313,1,0,0,867,89,0,29,0,195,1
7,BOS,1910,2017,67,2058,2314,136,1,0,0,867,0,0,76,0,60,1
1,BOS,1910,2013,63,2058,2230,92,1,0,0,867,0,0,47,0,45,1
2,BOS,1910,1913,3,2058,2116,18,1,0,0,867,3,0,15,0,0,1
3,BOS,1910,1923,13,2058,2119,21,1,0,0,867,13,0,8,0,0,1
5,BOS,1910,2050,100,2058,2302,124,1,0,0,867,0,0,24,0,100,1
6,BOS,1910,1943,33,2058,2115,17,1,0,0,867,8,0,0,0,9,1
7,BOS,1910,1941,31,2058,2124,26,1,0,0,867,24,0,0,0,2,1
5,ORD,1409,1427,18,1645,1653,8,0,0,0,1846,0,0,0,0,0,1
6,ORD,1409,1424,15,1645,1656,11,0,0,0,1846,0,0,0,0,0,1
7,ORD,1409,1404,-5,1645,1613,-32,0,0,0,1846,0,0,0,0,0,1
1,ORD,1409,1407,-2,1645,1623,-22,0,0,0,1846,0,0,0,0,0,1
2,ORD,1409,1513,64,1645,1740,55,1,0,0,1846,16,0,0,0,39,1
3,ORD,1409,1409,0,1645,1635,-10,0,0,0,1846,0,0,0,0,0,1
4,ORD,1409,1405,-4,1645,1640,-5,0,0,0,1846,0,0,0,0,0,1
5,ORD,1409,1617,128,1645,1848,123,1,0,0,1846,123,0,0,0,0,1
6,ORD,1409,1417,8,1645,1647,2,0,0,0,1846,0,0,0,0,0,1
7,ORD,1409,1657,168,1645,1932,167,1,0,0,1846,6,0,0,0,161,1
1,ORD,1409,1429,20,1645,1656,11,0,0,0,1846,0,0,0,0,0,1
2,ORD,1409,1408,-1,1645,1647,2,0,0,0,1846,0,0,0,0,0,1
3,ORD,1409,1404,-5,1645,1655,10,0,0,0,1846,0,0,0,0,0,1
4,ORD,1409,1405,-4,1645,1634,-11,0,0,0,1846,0,0,0,0,0,1
5,ORD,1409,1447,38,1645,1719,34,1,0,0,1846,27,0,0,0,7,1
6,ORD,1409,1408,-1,1645,1641,-4,0,0,0,1846,0,0,0,0,0,1
7,ORD,1409,1451,42,1645,1721,36,1,0,0,1846,2,0,0,0,34,1
1,ORD,1409,1407,-2,1645,1645,0,0,0,0,1846,0,0,0,0,0,1
2,ORD,1409,1402,-7,1645,1646,1,0,0,0,1846,0,0,0,0,0,1
3,ORD,1409,1641,152,1645,1902,137,1,0,0,1846,137,0,0,0,0,1
4,ORD,1409,1425,16,1645,1640,-5,0,0,0,1846,0,0,0,0,0,1
5,ORD,1409,1425,16,1645,1711,26,1,0,0,1846,0,0,10,0,16,1
6,ORD,1409,1405,-4,1645,1623,-22,0,0,0,1846,0,0,0,0,0,1
7,ORD,1409,1439,30,1645,1705,20,1,0,0,1846,0,0,0,0,20,1
1,ORD,1409,1407,-2,1645,1638,-7,0,0,0,1846,0,0,0,0,0,1
2,ORD,1409,1406,-3,1645,1638,-7,0,0,0,1846,0,0,0,0,0,1
3,ORD,1409,1405,-4,1645,1628,-17,0,0,0,1846,0,0,0,0,0,1
4,ORD,1409,1445,36,1645,1832,107,1,0,0,1846,0,17,71,0,19,1
5,ORD,1409,1432,23,1645,1712,27,1,0,0,1846,0,23,4,0,0,1
6,ORD,1409,1405,-4,1645,1625,-20,0,0,0,1846,0,0,0,0,0,1
7,ORD,1409,1411,2,1645,1639,-6,0,0,0,1846,0,0,0,0,0,1
5,SFO,700,719,19,1317,1321,4,0,0,0,1846,0,0,0,0,0,1
5,DFW,1100,1053,-7,1443,1422,-21,0,0,0,986,0,0,0,0,0,1
6,DFW,2020,2037,17,2359,2357,-2,0,0,0,986,0,0,0,0,0,1
7,DFW,1100,1326,146,1443,1701,138,1,0,0,986,9,0,0,0,129,1
1,DFW,1100,1140,40,1443,1514,31,1,0,0,986,10,0,0,0,21,1
2,DFW,1100,1137,37,1443,1505,22,1,0,0,986,0,0,0,0,22,1
3,DFW,1100,1100,0,1443,1452,9,0,0,0,986,0,0,0,0,0,1
4,DFW,1100,1105,5,1443,1444,1,0,0,0,986,0,0,0,0,0,1
5,DFW,1100,1106,6,1443,1444,1,0,0,0,986,0,0,0,0,0,1
6,DFW,2020,2045,25,2359,44,45,1,0,0,986,0,25,20,0,0,1
7,DFW,1100,1115,15,1443,1454,11,0,0,0,986,0,0,0,0,0,1
1,DFW,1100,1056,-4,1443,1430,-13,0,0,0,986,0,0,0,0,0,1
2,DFW,1100,1107,7,1443,1447,4,0,0,0,986,0,0,0,0,0,1
3,DFW,1100,1058,-2,1443,1451,8,0,0,0,986,0,0,0,0,0,1
4,DFW,1100,1057,-3,1443,1431,-12,0,0,0,986,0,0,0,0,0,1
5,DFW,1100,1421,201,1443,1753,190,1,0,0,986,127,0,0,0,63,1
6,DFW,2020,2014,-6,2359,2336,-23,0,0,0,986,0,0,0,0,0,1
7,DFW,1100,1057,-3,1443,1435,-8,0,0,0,986,0,0,0,0,0,1
1,DFW,1100,1101,1,1443,1437,-6,0,0,0,986,0,0,0,0,0,1
2,DFW,1100,1057,-3,1443,1429,-14,0,0,0,986,0,0,0,0,0,1
3,DFW,1100,1057,-3,1443,1445,2,0,0,0,986,0,0,0,0,0,1
4,DFW,1100,1058,-2,1443,1439,-4,0,0,0,986,0,0,0,0,0,1
5,DFW,1100,1057,-3,1443,1442,-1,0,0,0,986,0,0,0,0,0,1
6,DFW,2020,2013,-7,2359,2338,-21,0,0,0,986,0,0,0,0,0,1
7,DFW,1100,1103,3,1443,1436,-7,0,0,0,986,0,0,0,0,0,1
1,DFW,1100,1051,-9,1443,1429,-14,0,0,0,986,0,0,0,0,0,1
2,DFW,1100,1059,-1,1443,1432,-11,0,0,0,986,0,0,0,0,0,1
3,DFW,1100,1055,-5,1443,1432,-11,0,0,0,986,0,0,0,0,0,1
4,DFW,1100,1100,0,1443,1448,5,0,0,0,986,0,0,0,0,0,1
5,DFW,1100,1206,66,1443,1528,45,1,0,0,986,29,0,0,0,16,1
7,DFW,1100,1151,51,1443,1535,52,1,0,0,986,4,0,1,0,47,1
5,DTW,1530,1529,-1,1722,1716,-6,0,0,0,986,0,0,0,0,0,1
7,DTW,1530,1850,200,1722,2030,188,1,0,0,986,60,0,0,0,128,1
1,DTW,1530,1600,30,1722,1740,18,1,0,0,986,0,0,1,0,17,1
2,DTW,1530,1552,22,1722,1736,14,0,0,0,986,0,0,0,0,0,1
3,DTW,1530,1540,10,1722,1730,8,0,0,0,986,0,0,0,0,0,1
4,DTW,1530,1529,-1,1722,1712,-10,0,0,0,986,0,0,0,0,0,1
5,DTW,1530,1533,3,1722,1714,-8,0,0,0,986,0,0,0,0,0,1
7,DTW,1530,1549,19,1722,1736,14,0,0,0,986,0,0,0,0,0,1
1,DTW,1530,1524,-6,1722,1649,-33,0,0,0,986,0,0,0,0,0,1
2,DTW,1530,1121,1191,1722,1315,1193,1,0,0,986,1189,0,2,0,2,1
3,DTW,1530,1556,26,1722,1741,19,1,0,0,986,15,0,0,0,4,1
4,DTW,1530,1521,-9,1722,1714,-8,0,0,0,986,0,0,0,0,0,1
5,DTW,1530,1850,200,1722,2045,203,1,0,0,986,12,0,3,0,188,1
7,DTW,1530,1524,-6,1722,1726,4,0,0,0,986,0,0,0,0,0,1
1,DTW,1530,1524,-6,1722,1729,7,0,0,0,986,0,0,0,0,0,1
2,DTW,1530,1523,-7,1722,1715,-7,0,0,0,986,0,0,0,0,0,1
3,DTW,1530,1527,-3,1722,1716,-6,0,0,0,986,0,0,0,0,0,1
4,DTW,1530,1533,3,1722,1718,-4,0,0,0,986,0,0,0,0,0,1
5,DTW,1530,1530,0,1722,1723,1,0,0,0,986,0,0,0,0,0,1
7,DTW,1530,1528,-2,1722,1706,-16,0,0,0,986,0,0,0,0,0,1
1,DTW,1530,1532,2,1722,1746,24,1,0,0,986,2,0,22,0,0,1
2,DTW,1530,1530,0,1722,1802,40,1,0,0,986,0,0,40,0,0,1
3,DTW,1530,1547,17,1722,1750,28,1,0,0,986,0,0,28,0,0,1
4,DTW,1530,1536,6,1722,1744,22,1,0,0,986,0,3,16,0,3,1
5,DTW,1530,1620,50,1722,1902,100,1,0,0,986,0,7,50,0,43,1
7,DTW,1530,1628,58,1722,1805,43,1,0,0,986,6,0,0,0,37,1
6,JFK,1830,1849,19,2159,2204,5,0,0,0,2422,0,0,0,0,0,1
7,JFK,1830,1828,-2,2159,2149,-10,0,0,0,2422,0,0,0,0,0,1
1,JFK,1830,1828,-2,2159,2148,-11,0,0,0,2422,0,0,0,0,0,1
2,JFK,1820,1831,11,2149,2229,40,1,0,0,2422,11,0,29,0,0,1
3,JFK,1820,1829,9,2149,2137,-12,0,0,0,2422,0,0,0,0,0,1
4,JFK,1820,1842,22,2149,2219,30,1,0,0,2422,0,0,8,0,22,1
5,JFK,1820,1850,30,2149,2241,52,1,0,0,2422,0,0,52,0,0,1
6,JFK,1820,1827,7,2149,2154,5,0,0,0,2422,0,0,0,0,0,1
7,JFK,1820,1835,15,2149,2146,-3,0,0,0,2422,0,0,0,0,0,1
1,JFK,1820,1844,24,2149,2214,25,1,0,0,2422,24,0,1,0,0,1
2,JFK,1820,1822,2,2149,2131,-18,0,0,0,2422,0,0,0,0,0,1
3,JFK,1820,2030,130,2149,16,147,1,0,0,2422,130,0,17,0,0,1
4,JFK,1820,1858,38,2149,2228,39,1,0,0,2422,0,33,1,0,5,1
5,JFK,1820,1817,-3,2149,2159,10,0,0,0,2422,0,0,0,0,0,1
6,JFK,1820,1948,88,2149,2306,77,1,0,0,2422,64,0,0,0,13,1
7,JFK,1820,1846,26,2149,2205,16,1,0,0,2422,16,0,0,0,0,1
1,JFK,1820,2049,149,2149,21,152,1,0,0,2422,0,0,15,0,137,1
2,JFK,1820,1826,6,2149,2200,11,0,0,0,2422,0,0,0,0,0,1
3,JFK,1820,1853,33,2149,2159,10,0,0,0,2422,0,0,0,0,0,1
4,JFK,1820,1826,6,2149,2208,19,1,0,0,2422,6,0,13,0,0,1
5,JFK,1820,2043,143,2149,25,156,1,0,0,2422,120,0,13,0,23,1
6,JFK,1820,1826,6,2149,2136,-13,0,0,0,2422,0,0,0,0,0,1
7,JFK,1820,1846,26,2149,2203,14,0,0,0,2422,0,0,0,0,0,1
2,JFK,1820,1820,0,2149,2150,1,0,0,0,2422,0,0,0,0,0,1
3,JFK,1820,1818,-2,2149,2205,16,1,0,0,2422,0,0,16,0,0,1
4,JFK,1820,2025,125,2149,43,174,1,0,0,2422,0,0,136,0,38,1
5,JFK,1820,1827,7,2149,2156,7,0,0,0,2422,0,0,0,0,0,1
6,JFK,1820,1853,33,2149,2239,50,1,0,0,2422,0,0,17,0,33,1
7,JFK,1820,1827,7,2149,2234,45,1,0,0,2422,7,0,38,0,0,1
5,MSP,1611,1618,7,1745,1744,-1,0,0,0,334,0,0,0,0,0,1
7,MSP,1600,1557,-3,1734,1727,-7,0,0,0,334,0,0,0,0,0,1
1,MSP,1611,1611,0,1745,1746,1,0,0,0,334,0,0,0,0,0,1
2,MSP,1610,1617,7,1744,1746,2,0,0,0,334,0,0,0,0,0,1
3,MSP,1610,1606,-4,1744,1728,-16,0,0,0,334,0,0,0,0,0,1
4,MSP,1610,1845,155,1744,2006,142,1,0,0,334,0,0,142,0,0,1
5,MSP,1610,1611,1,1744,1824,40,1,0,0,334,1,0,39,0,0,1
7,MSP,1600,1835,155,1734,1958,144,1,0,0,334,7,0,0,0,137,1
1,MSP,1610,1621,11,1744,1818,34,1,0,0,334,11,0,23,0,0,1
2,MSP,1610,1607,-3,1744,1752,8,0,0,0,334,0,0,0,0,0,1
3,MSP,1610,1937,207,1744,2124,220,1,0,0,334,0,0,220,0,0,1
4,MSP,1610,1630,20,1744,1809,25,1,0,0,334,4,0,5,0,16,1
5,MSP,1610,1611,1,1744,1737,-7,0,0,0,334,0,0,0,0,0,1
7,MSP,1600,1657,57,1734,1820,46,1,0,0,334,4,0,0,0,42,1
1,MSP,1610,1639,29,1744,1806,22,1,0,0,334,5,0,0,0,17,1
2,MSP,1610,1611,1,1744,1743,-1,0,0,0,334,0,0,0,0,0,1
3,MSP,1610,1645,35,1744,1833,49,1,0,0,334,14,0,14,0,21,1
4,MSP,1610,1649,39,1744,1828,44,1,0,0,334,0,0,19,0,25,1
5,MSP,1610,1615,5,1744,1754,10,0,0,0,334,0,0,0,0,0,1
7,MSP,1600,1630,30,1734,2013,159,1,0,0,334,0,0,159,0,0,1
1,MSP,1610,1611,1,1744,1757,13,0,0,0,334,0,0,0,0,0,1
2,MSP,1610,1842,152,1744,2018,154,1,0,0,334,2,0,2,0,150,1
3,MSP,1610,1616,6,1744,1906,82,1,0,0,334,6,0,76,0,0,1
4,MSP,1610,1823,133,1744,2107,203,1,0,0,334,0,0,128,0,75,1
5,MSP,1610,1849,159,1744,2010,146,1,0,0,334,0,0,121,0,25,1
7,MSP,1600,1555,-5,1734,1717,-17,0,0,0,334,0,0,0,0,0,1
5,ORD,1356,1409,13,1526,1527,1,0,0,0,334,0,0,0,0,0,1
7,ORD,1345,1338,-7,1515,1455,-20,0,0,0,334,0,0,0,0,0,1
1,ORD,1356,1352,-4,1526,1516,-10,0,0,0,334,0,0,0,0,0,1
2,ORD,1355,1350,-5,1525,1538,13,0,0,0,334,0,0,0,0,0,1
3,ORD,1355,1351,-4,1525,1511,-14,0,0,0,334,0,0,0,0,0,1
4,ORD,1355,1357,2,1525,1517,-8,0,0,0,334,0,0,0,0,0,1
5,ORD,1355,1350,-5,1525,1511,-14,0,0,0,334,0,0,0,0,0,1
7,ORD,1345,1628,163,1515,1747,152,1,0,0,334,13,0,0,0,139,1
1,ORD,1355,1400,5,1525,1524,-1,0,0,0,334,0,0,0,0,0,1
2,ORD,1355,1359,4,1525,1516,-9,0,0,0,334,0,0,0,0,0,1
3,ORD,1355,1350,-5,1525,1524,-1,0,0,0,334,0,0,0,0,0,1
4,ORD,1355,1413,18,1525,1541,16,1,0,0,334,15,0,0,0,1,1
5,ORD,1355,1406,11,1525,1525,0,0,0,0,334,0,0,0,0,0,1
7,ORD,1345,1455,70,1515,1612,57,1,0,0,334,20,0,0,0,37,1
1,ORD,1355,1432,37,1525,1547,22,1,0,0,334,22,0,0,0,0,1
2,ORD,1355,1357,2,1525,1524,-1,0,0,0,334,0,0,0,0,0,1
3,ORD,1355,1351,-4,1525,1546,21,1,0,0,334,0,0,21,0,0,1
4,ORD,1355,1413,18,1525,1550,25,1,0,0,334,0,0,7,0,18,1
5,ORD,1355,1351,-4,1525,1524,-1,0,0,0,334,0,0,0,0,0,1
7,ORD,1345,1338,-7,1515,1448,-27,0,0,0,334,0,0,0,0,0,1
1,ORD,1355,1351,-4,1525,1506,-19,0,0,0,334,0,0,0,0,0,1
2,ORD,1355,1639,164,1525,1755,150,1,0,0,334,0,0,32,0,118,1
3,ORD,1355,1353,-2,1525,1523,-2,0,0,0,334,0,0,0,0,0,1
4,ORD,1355,1442,47,1525,1640,75,1,0,0,334,0,17,28,0,30,1
5,ORD,1355,1440,45,1525,1552,27,1,0,0,334,15,12,0,0,0,1
7,ORD,1345,1350,5,1515,1508,-7,0,0,0,334,0,0,0,0,0,1
5,LAS,1045,1051,6,1529,1530,1,0,0,0,1055,0,0,0,0,0,1
6,LAS,1040,1036,-4,1525,1510,-15,0,0,0,1055,0,0,0,0,0,1
7,LAS,1040,1052,12,1525,1522,-3,0,0,0,1055,0,0,0,0,0,1
1,LAS,1040,1056,16,1525,1535,10,0,0,0,1055,0,0,0,0,0,1
2,LAS,1040,1119,39,1525,1554,29,1,0,0,1055,0,0,0,0,29,1
3,LAS,1040,1201,81,1525,1633,68,1,0,0,1055,68,0,0,0,0,1
4,LAS,1040,1045,5,1525,1519,-6,0,0,0,1055,0,0,0,0,0,1
5,LAS,1040,1039,-1,1525,1504,-21,0,0,0,1055,0,0,0,0,0,1
6,LAS,1040,1035,-5,1525,1508,-17,0,0,0,1055,0,0,0,0,0,1
7,LAS,1050,1044,-6,1535,1513,-22,0,0,0,1055,0,0,0,0,0,1
1,LAS,1040,1040,0,1525,1508,-17,0,0,0,1055,0,0,0,0,0,1
2,LAS,1040,1035,-5,1525,1511,-14,0,0,0,1055,0,0,0,0,0,1
3,LAS,1040,1044,4,1525,1514,-11,0,0,0,1055,0,0,0,0,0,1
4,LAS,1040,1108,28,1525,1538,13,0,0,0,1055,0,0,0,0,0,1
5,LAS,1040,1228,108,1525,1706,101,1,0,0,1055,6,0,0,0,95,1
6,LAS,1040,1035,-5,1525,1507,-18,0,0,0,1055,0,0,0,0,0,1
7,LAS,1050,1044,-6,1535,1522,-13,0,0,0,1055,0,0,0,0,0,1
1,LAS,1040,1038,-2,1525,1534,9,0,0,0,1055,0,0,0,0,0,1
2,LAS,1040,1116,36,1525,1552,27,1,0,0,1055,3,0,0,0,24,1
3,LAS,1040,1038,-2,1525,1521,-4,0,0,0,1055,0,0,0,0,0,1
4,LAS,1040,1038,-2,1525,1520,-5,0,0,0,1055,0,0,0,0,0,1
5,LAS,1040,1043,3,1525,1517,-8,0,0,0,1055,0,0,0,0,0,1
6,LAS,1040,1031,-9,1525,1523,-2,0,0,0,1055,0,0,0,0,0,1
7,LAS,1050,1046,-4,1535,1542,7,0,0,0,1055,0,0,0,0,0,1
1,LAS,1040,1042,2,1525,1522,-3,0,0,0,1055,0,0,0,0,0,1
2,LAS,1040,1037,-3,1525,1524,-1,0,0,0,1055,0,0,0,0,0,1
3,LAS,1040,1040,0,1525,1617,52,1,0,0,1055,0,0,52,0,0,1
4,LAS,1040,1045,5,1525,1523,-2,0,0,0,1055,0,0,0,0,0,1
5,LAS,1040,1034,-6,1525,1510,-15,0,0,0,1055,0,0,0,0,0,1
6,LAS,1040,1051,11,1525,1537,12,0,0,0,1055,0,0,0,0,0,1
7,LAS,1050,1047,-3,1535,1530,-5,0,0,0,1055,0,0,0,0,0,1
5,DFW,1646,1918,152,1829,2106,157,1,0,0,550,84,0,5,0,68,1
6,DFW,1646,1649,3,1829,1826,-3,0,0,0,550,0,0,0,0,0,1
7,DFW,1646,1636,-10,1829,1822,-7,0,0,0,550,0,0,0,0,0,1
1,DFW,1646,1642,-4,1829,1810,-19,0,0,0,550,0,0,0,0,0,1
2,DFW,1646,1741,55,1829,1915,46,1,0,0,550,25,0,0,0,21,1
3,DFW,1646,1711,25,1829,1844,15,1,0,0,550,0,0,0,0,15,1
4,DFW,1646,1703,17,1829,1834,5,0,0,0,550,0,0,0,0,0,1
5,DFW,1646,1643,-3,1829,1825,-4,0,0,0,550,0,0,0,0,0,1
6,DFW,1646,1638,-8,1829,1832,3,0,0,0,550,0,0,0,0,0,1
7,DFW,1646,1649,3,1829,1943,74,1,0,0,550,0,0,71,0,3,1
1,DFW,1646,1648,2,1829,1826,-3,0,0,0,550,0,0,0,0,0,1
2,DFW,1646,1638,-8,1829,1810,-19,0,0,0,550,0,0,0,0,0,1
3,DFW,1646,1638,-8,1829,1814,-15,0,0,0,550,0,0,0,0,0,1
4,DFW,1646,1709,23,1829,1908,39,1,0,0,550,0,0,16,0,23,1
5,DFW,1646,1739,53,1829,1921,52,1,0,0,550,6,0,0,0,46,1
6,DFW,1646,1702,16,1829,1848,19,1,0,0,550,16,0,3,0,0,1
7,DFW,1646,1646,0,1829,1834,5,0,0,0,550,0,0,0,0,0,1
1,DFW,1646,1641,-5,1829,1816,-13,0,0,0,550,0,0,0,0,0,1
2,DFW,1646,1636,-10,1829,1818,-11,0,0,0,550,0,0,0,0,0,1
3,DFW,1646,1639,-7,1829,1810,-19,0,0,0,550,0,0,0,0,0,1
4,DFW,1646,1755,69,1829,1926,57,1,0,0,550,0,0,0,0,57,1
5,DFW,1646,1641,-5,1829,1834,5,0,0,0,550,0,0,0,0,0,1
6,DFW,1646,1639,-7,1829,1815,-14,0,0,0,550,0,0,0,0,0,1
7,DFW,1646,1754,68,1829,1926,57,1,0,0,550,7,0,0,0,50,1
1,DFW,1646,1804,78,1829,1944,75,1,0,0,550,75,0,0,0,0,1
2,DFW,1646,1737,51,1829,1935,66,1,0,0,550,51,0,15,0,0,1
4,DFW,1646,1918,152,1829,2112,163,1,0,0,550,0,0,11,0,152,1
5,DFW,1646,1702,16,1829,1833,4,0,0,0,550,0,0,0,0,0,1
6,DFW,1646,1659,13,1829,1829,0,0,0,0,550,0,0,0,0,0,1
7,DFW,1646,1819,93,1829,1949,80,1,0,0,550,10,0,0,0,70,1
5,LAX,1230,1403,93,2038,2209,91,1,0,0,2311,12,0,0,0,79,1
6,LAX,1230,1230,0,2038,2020,-18,0,0,0,2311,0,0,0,0,0,1
7,LAX,1230,1231,1,2038,2018,-20,0,0,0,2311,0,0,0,0,0,1
1,LAX,1230,1224,-6,2038,2018,-20,0,0,0,2311,0,0,0,0,0,1
2,LAX,1230,1235,5,2038,2028,-10,0,0,0,2311,0,0,0,0,0,1
3,LAX,1230,1233,3,2038,2012,-26,0,0,0,2311,0,0,0,0,0,1
4,LAX,1230,1222,-8,2038,2028,-10,0,0,0,2311,0,0,0,0,0,1
5,LAX,1230,1223,-7,2038,2104,26,1,0,0,2311,0,0,26,0,0,1
6,LAX,1230,1235,5,2038,2025,-13,0,0,0,2311,0,0,0,0,0,1
7,LAX,1230,1351,81,2038,2207,89,1,0,0,2311,0,0,8,0,81,1
1,LAX,1230,1227,-3,2038,2016,-22,0,0,0,2311,0,0,0,0,0,1
2,LAX,1230,1245,15,2038,2043,5,0,0,0,2311,0,0,0,0,0,1
3,LAX,1230,1342,72,2038,2229,111,1,0,0,2311,0,0,111,0,0,1
4,LAX,1230,1228,-2,2038,2031,-7,0,0,0,2311,0,0,0,0,0,1
5,LAX,1230,1228,-2,2038,2027,-11,0,0,0,2311,0,0,0,0,0,1
6,LAX,1230,1228,-2,2038,2004,-34,0,0,0,2311,0,0,0,0,0,1
7,LAX,1230,1238,8,2038,2047,9,0,0,0,2311,0,0,0,0,0,1
1,LAX,1230,1239,9,2038,2128,50,1,0,0,2311,0,0,50,0,0,1
2,LAX,1230,1232,2,2038,2050,12,0,0,0,2311,0,0,0,0,0,1
3,LAX,1230,1236,6,2038,2041,3,0,0,0,2311,0,0,0,0,0,1
4,LAX,1230,1227,-3,2038,2036,-2,0,0,0,2311,0,0,0,0,0,1
5,LAX,1230,1224,-6,2038,2040,2,0,0,0,2311,0,0,0,0,0,1
6,LAX,1230,1241,11,2038,2040,2,0,0,0,2311,0,0,0,0,0,1
7,LAX,1230,1225,-5,2038,2031,-7,0,0,0,2311,0,0,0,0,0,1
1,LAX,1230,1353,83,2038,2147,69,1,0,0,2311,0,0,69,0,0,1
2,LAX,1230,1227,-3,2038,2030,-8,0,0,0,2311,0,0,0,0,0,1
3,LAX,1230,1315,45,2038,2143,65,1,0,0,2311,45,0,20,0,0,1
4,LAX,1230,1308,38,2038,2136,58,1,0,0,2311,0,0,58,0,0,1
5,LAX,1230,1230,0,2038,2021,-17,0,0,0,2311,0,0,0,0,0,1
6,LAX,1230,1230,0,2038,2033,-5,0,0,0,2311,0,0,0,0,0,1
7,LAX,1230,1231,1,2038,2041,3,0,0,0,2311,0,0,0,0,0,1
5,ORD,1514,1511,-3,1850,1840,-10,0,0,0,1012,0,0,0,0,0,1
6,ORD,1524,1616,52,1900,1943,43,1,0,0,1012,3,0,0,0,40,1
7,ORD,1514,1507,-7,1850,1839,-11,0,0,0,1012,0,0,0,0,0,1
1,ORD,1514,1612,58,1850,1940,50,1,0,0,1012,50,0,0,0,0,1
2,ORD,1514,1613,59,1850,1948,58,1,0,0,1012,0,0,0,0,58,1
3,ORD,1514,1522,8,1850,1902,12,0,0,0,1012,0,0,0,0,0,1
4,ORD,1514,1706,112,1850,2053,123,1,0,0,1012,47,0,11,0,65,1
5,ORD,1514,1505,-9,1850,1838,-12,0,0,0,1012,0,0,0,0,0,1
6,ORD,1524,1605,41,1900,1936,36,1,0,0,1012,0,0,0,0,36,1
7,ORD,1514,1514,0,1850,1848,-2,0,0,0,1012,0,0,0,0,0,1
1,ORD,1514,1529,15,1850,1905,15,1,0,0,1012,15,0,0,0,0,1
2,ORD,1514,1512,-2,1850,1900,10,0,0,0,1012,0,0,0,0,0,1
4,ORD,1514,1518,4,1850,1900,10,0,0,0,1012,0,0,0,0,0,1
5,ORD,1514,1511,-3,1850,1850,0,0,0,0,1012,0,0,0,0,0,1
6,ORD,1524,1539,15,1900,1906,6,0,0,0,1012,0,0,0,0,0,1
1,ORD,1514,1511,-3,1850,1858,8,0,0,0,1012,0,0,0,0,0,1
2,ORD,1514,1520,6,1850,1855,5,0,0,0,1012,0,0,0,0,0,1
3,ORD,1514,1550,36,1850,2011,81,1,0,0,1012,36,0,45,0,0,1
4,ORD,1514,1514,0,1850,1959,69,1,0,0,1012,0,0,69,0,0,1
5,ORD,1514,1513,-1,1850,1839,-11,0,0,0,1012,0,0,0,0,0,1
6,ORD,1524,1540,16,1900,1907,7,0,0,0,1012,0,0,0,0,0,1
7,ORD,1514,1512,-2,1850,1855,5,0,0,0,1012,0,0,0,0,0,1
1,ORD,1514,1547,33,1850,1918,28,1,0,0,1012,8,0,0,0,20,1
2,ORD,1514,1516,2,1850,1858,8,0,0,0,1012,0,0,0,0,0,1
3,ORD,1514,1519,5,1850,1846,-4,0,0,0,1012,0,0,0,0,0,1
4,ORD,1514,2002,288,1850,2335,285,1,0,0,1012,285,0,0,0,0,1
5,ORD,1514,1622,68,1850,2000,70,1,0,0,1012,0,0,2,0,68,1
6,ORD,1524,1611,47,1900,1944,44,1,0,0,1012,0,0,0,0,44,1
7,ORD,1514,1514,0,1850,1907,17,1,0,0,1012,0,0,17,0,0,1
5,MCO,1700,1718,18,1859,1916,17,1,0,0,1005,0,1,0,0,16,1
6,MCO,1732,1803,31,1931,1955,24,1,0,0,1005,1,0,0,0,23,1
7,MCO,1700,1648,-12,1859,1851,-8,0,0,0,1005,0,0,0,0,0,1
1,MCO,1700,1700,0,1859,1854,-5,0,0,0,1005,0,0,0,0,0,1
2,MCO,1700,1700,0,1859,1909,10,0,0,0,1005,0,0,0,0,0,1
3,MCO,1700,1737,37,1859,1930,31,1,0,0,1005,0,0,0,0,31,1
4,MCO,1700,1700,0,1859,1922,23,1,0,0,1005,0,0,23,0,0,1
5,MCO,1700,1658,-2,1859,1907,8,0,0,0,1005,0,0,0,0,0,1
6,MCO,1732,1731,-1,1931,1934,3,0,0,0,1005,0,0,0,0,0,1
7,MCO,1700,1654,-6,1859,1849,-10,0,0,0,1005,0,0,0,0,0,1
1,MCO,1700,706,846,1859,902,843,1,0,0,1005,749,0,0,0,94,1
2,MCO,1700,1723,23,1859,1943,44,1,0,0,1005,0,0,21,0,23,1
3,MCO,1700,1717,17,1859,2032,93,1,0,0,1005,0,17,76,0,0,1
4,MCO,1700,1717,17,1859,1908,9,0,0,0,1005,0,0,0,0,0,1
5,MCO,1700,1751,51,1859,2005,66,1,0,0,1005,3,0,15,0,48,1
6,MCO,1732,1727,-5,1931,1913,-18,0,0,0,1005,0,0,0,0,0,1
7,MCO,1700,1815,75,1859,1959,60,1,0,0,1005,0,0,0,0,60,1
1,MCO,1700,1803,63,1859,2006,67,1,0,0,1005,0,42,4,0,21,1
2,MCO,1700,1651,-9,1859,1907,8,0,0,0,1005,0,0,0,0,0,1
3,MCO,1700,1716,16,1859,1905,6,0,0,0,1005,0,0,0,0,0,1
4,MCO,1700,1737,37,1859,2004,65,1,0,0,1005,0,13,28,0,24,1
5,MCO,1700,1709,9,1859,1930,31,1,0,0,1005,9,0,22,0,0,1
6,MCO,1732,1736,4,1931,1956,25,1,0,0,1005,3,0,21,0,1,1
7,MCO,1700,1842,102,1859,2142,163,1,0,0,1005,0,0,163,0,0,1
1,MCO,1700,1834,94,1859,2027,88,1,0,0,1005,0,0,0,0,88,1
2,MCO,1700,1712,12,1859,1912,13,0,0,0,1005,0,0,0,0,0,1
3,MCO,1700,1731,31,1859,1924,25,1,0,0,1005,9,0,0,0,16,1
6,MCO,1732,1833,61,1931,2018,47,1,0,0,1005,4,0,0,0,43,1
7,MCO,1700,1714,14,1859,1920,21,1,0,0,1005,14,0,7,0,0,1
5,ORD,1850,1844,-6,2233,2222,-11,0,0,0,1005,0,0,0,0,0,1
7,ORD,1850,1846,-4,2233,2215,-18,0,0,0,1005,0,0,0,0,0,1
1,ORD,1850,1937,47,2233,2308,35,1,0,0,1005,0,0,0,0,35,1
2,ORD,1850,2130,160,2233,49,136,1,0,0,1005,0,0,0,0,136,1
3,ORD,1850,1858,8,2233,2258,25,1,0,0,1005,3,0,17,0,5,1
4,ORD,1850,2007,77,2233,2340,67,1,0,0,1005,0,0,0,0,67,1
5,ORD,1850,1908,18,2233,2248,15,1,0,0,1005,15,0,0,0,0,1
7,ORD,1850,1850,0,2233,2236,3,0,0,0,1005,0,0,0,0,0,1
1,ORD,1850,1844,-6,2233,2237,4,0,0,0,1005,0,0,0,0,0,1
2,ORD,1850,1937,47,2233,2307,34,1,0,0,1005,12,0,0,0,22,1
3,ORD,1850,1844,-6,2233,2347,74,1,0,0,1005,0,0,74,0,0,1
4,ORD,1850,1914,24,2233,2239,6,0,0,0,1005,0,0,0,0,0,1
5,ORD,1850,1922,32,2233,2301,28,1,0,0,1005,28,0,0,0,0,1
7,ORD,1850,1849,-1,2233,2226,-7,0,0,0,1005,0,0,0,0,0,1
1,ORD,1850,1910,20,2233,2244,11,0,0,0,1005,0,0,0,0,0,1
2,ORD,1850,1851,1,2233,2222,-11,0,0,0,1005,0,0,0,0,0,1
3,ORD,1850,1955,65,2233,2313,40,1,0,0,1005,20,0,0,0,20,1
4,ORD,1850,2014,84,2233,2343,70,1,0,0,1005,14,0,0,0,56,1
5,ORD,1850,1852,2,2233,2222,-11,0,0,0,1005,0,0,0,0,0,1
7,ORD,1850,2101,131,2233,114,161,1,0,0,1005,0,9,30,0,122,1
1,ORD,1850,1904,14,2233,2232,-1,0,0,0,1005,0,0,0,0,0,1
2,ORD,1850,1957,67,2233,2330,57,1,0,0,1005,4,0,0,0,53,1
3,ORD,1850,1956,66,2233,2342,69,1,0,0,1005,0,0,3,0,66,1
4,ORD,1850,2150,180,2233,116,163,1,0,0,1005,13,0,0,0,150,1
5,ORD,1850,2222,212,2233,152,199,1,0,0,1005,0,0,0,0,199,1
7,ORD,1850,1905,15,2233,2239,6,0,0,0,1005,0,0,0,0,0,1
5,MCO,1610,1644,34,1725,1826,61,1,0,0,192,0,22,27,0,12,1
6,MCO,1610,1706,56,1724,1811,47,1,0,0,192,0,47,0,0,0,1
7,MCO,1610,1619,9,1725,1723,-2,0,0,0,192,0,0,0,0,0,1
1,MCO,1610,1604,-6,1725,1719,-6,0,0,0,192,0,0,0,0,0,1
2,MCO,1605,1614,9,1720,1721,1,0,0,0,192,0,0,0,0,0,1
3,MCO,1605,1604,-1,1720,1715,-5,0,0,0,192,0,0,0,0,0,1
4,MCO,1605,1612,7,1720,1718,-2,0,0,0,192,0,0,0,0,0,1
5,MCO,1605,1600,-5,1720,1712,-8,0,0,0,192,0,0,0,0,0,1
6,MCO,1605,1605,0,1719,1710,-9,0,0,0,192,0,0,0,0,0,1
7,MCO,1605,1614,9,1720,1717,-3,0,0,0,192,0,0,0,0,0,1
1,MCO,1605,1611,6,1720,1714,-6,0,0,0,192,0,0,0,0,0,1
2,MCO,1605,1916,191,1720,2025,185,1,0,0,192,183,0,0,0,2,1
3,MCO,1605,1653,48,1720,1750,30,1,0,0,192,0,6,0,0,24,1
4,MCO,1605,1559,-6,1720,1704,-16,0,0,0,192,0,0,0,0,0,1
5,MCO,1605,1602,-3,1720,1713,-7,0,0,0,192,0,0,0,0,0,1
6,MCO,1605,1559,-6,1719,1700,-19,0,0,0,192,0,0,0,0,0,1
7,MCO,1605,1623,18,1720,1755,35,1,0,0,192,0,18,17,0,0,1
1,MCO,1605,1604,-1,1720,1752,32,1,0,0,192,0,0,32,0,0,1
2,MCO,1605,1627,22,1720,1739,19,1,0,0,192,8,0,0,0,11,1
3,MCO,1605,1618,13,1720,1717,-3,0,0,0,192,0,0,0,0,0,1
4,MCO,1605,2016,251,1720,2110,230,1,0,0,192,16,0,0,0,214,1
5,MCO,1605,1630,25,1720,1729,9,0,0,0,192,0,0,0,0,0,1
6,MCO,1605,1627,22,1719,1724,5,0,0,0,192,0,0,0,0,0,1
7,MCO,1605,1559,-6,1720,1659,-21,0,0,0,192,0,0,0,0,0,1
1,MCO,1605,1601,-4,1720,1658,-22,0,0,0,192,0,0,0,0,0,1
2,MCO,1605,1619,14,1720,1724,4,0,0,0,192,0,0,0,0,0,1
3,MCO,1605,1602,-3,1720,1719,-1,0,0,0,192,0,0,0,0,0,1
4,MCO,1605,1606,1,1720,1657,-23,0,0,0,192,0,0,0,0,0,1
5,MCO,1605,1736,91,1720,1844,84,1,0,0,192,0,1,0,0,83,1
6,MCO,1605,1603,-2,1719,1702,-17,0,0,0,192,0,0,0,0,0,1
7,MCO,1605,1823,138,1720,1925,125,1,0,0,192,13,0,0,0,112,1
5,LAX,1050,1059,9,1334,1336,2,0,0,0,2504,0,0,0,0,0,1
6,LAX,1050,1050,0,1334,1332,-2,0,0,0,2504,0,0,0,0,0,1
7,LAX,1050,1048,-2,1334,1328,-6,0,0,0,2504,0,0,0,0,0,1
1,LAX,1050,1104,14,1334,1356,22,1,0,0,2504,0,0,8,0,14,1
2,LAX,1050,1212,82,1335,1454,79,1,0,0,2504,0,0,79,0,0,1
3,LAX,1050,1041,-9,1335,1449,74,1,0,0,2504,0,0,74,0,0,1
4,LAX,1050,1045,-5,1335,1321,-14,0,0,0,2504,0,0,0,0,0,1
5,LAX,1050,1112,22,1335,1355,20,1,0,0,2504,0,0,0,0,20,1
6,LAX,1050,1101,11,1335,1338,3,0,0,0,2504,0,0,0,0,0,1
7,LAX,1050,1223,93,1335,1454,79,1,0,0,2504,0,0,0,0,79,1
1,LAX,1050,1120,30,1335,1407,32,1,0,0,2504,30,0,2,0,0,1
2,LAX,1050,1047,-3,1335,1322,-13,0,0,0,2504,0,0,0,0,0,1
3,LAX,1050,1052,2,1335,1343,8,0,0,0,2504,0,0,0,0,0,1
4,LAX,1050,1101,11,1335,1417,42,1,0,0,2504,0,0,42,0,0,1
5,LAX,1050,1046,-4,1335,1315,-20,0,0,0,2504,0,0,0,0,0,1
6,LAX,1050,1051,1,1335,1322,-13,0,0,0,2504,0,0,0,0,0,1
7,LAX,1050,1151,61,1335,1421,46,1,0,0,2504,46,0,0,0,0,1
1,LAX,1050,1107,17,1335,1335,0,0,0,0,2504,0,0,0,0,0,1
2,LAX,1050,1153,63,1335,1415,40,1,0,0,2504,27,0,0,0,13,1
3,LAX,1050,1158,68,1335,1424,49,1,0,0,2504,0,0,0,0,49,1
4,LAX,1050,1053,3,1335,1323,-12,0,0,0,2504,0,0,0,0,0,1
5,LAX,1050,1113,23,1335,1340,5,0,0,0,2504,0,0,0,0,0,1
6,LAX,1050,1049,-1,1335,1349,14,0,0,0,2504,0,0,0,0,0,1
7,LAX,1050,1124,34,1335,1411,36,1,0,0,2504,34,0,2,0,0,1
1,LAX,1050,1147,57,1335,1408,33,1,0,0,2504,33,0,0,0,0,1
2,LAX,1050,1058,8,1335,1325,-10,0,0,0,2504,0,0,0,0,0,1
3,LAX,1050,1106,16,1335,1318,-17,0,0,0,2504,0,0,0,0,0,1
4,LAX,1050,1050,0,1335,1312,-23,0,0,0,2504,0,0,0,0,0,1
5,LAX,1050,1052,2,1335,1312,-23,0,0,0,2504,0,0,0,0,0,1
6,LAX,1050,1116,26,1335,1353,18,1,0,0,2504,18,0,0,0,0,1
7,LAX,1050,1110,20,1335,1330,-5,0,0,0,2504,0,0,0,0,0,1
5,DFW,2035,2239,124,30,221,111,1,0,0,1121,33,0,0,0,78,1
6,DFW,2035,2240,125,30,210,100,1,0,0,1121,100,0,0,0,0,1
7,DFW,2035,2134,59,30,125,55,1,0,0,1121,55,0,0,0,0,1
1,DFW,2035,2030,-5,30,19,-11,0,0,0,1121,0,0,0,0,0,1
2,DFW,2035,2219,104,30,156,86,1,0,0,1121,0,0,0,0,86,1
3,DFW,2035,2030,-5,30,18,-12,0,0,0,1121,0,0,0,0,0,1
4,DFW,2035,2030,-5,30,12,-18,0,0,0,1121,0,0,0,0,0,1
5,DFW,2035,2036,1,30,8,-22,0,0,0,1121,0,0,0,0,0,1
6,DFW,2035,2226,111,30,214,104,1,0,0,1121,0,27,0,0,77,1
7,DFW,2045,2042,-3,38,28,-10,0,0,0,1121,0,0,0,0,0,1
1,DFW,2035,2032,-3,30,17,-13,0,0,0,1121,0,0,0,0,0,1
2,DFW,2035,2032,-3,30,16,-14,0,0,0,1121,0,0,0,0,0,1
3,DFW,2035,2100,25,30,36,6,0,0,0,1121,0,0,0,0,0,1
4,DFW,2035,2227,112,30,207,97,1,0,0,1121,1,0,0,0,96,1
5,DFW,2035,2045,10,30,24,-6,0,0,0,1121,0,0,0,0,0,1
6,DFW,2035,2033,-2,30,10,-20,0,0,0,1121,0,0,0,0,0,1
7,DFW,2045,2045,0,38,29,-9,0,0,0,1121,0,0,0,0,0,1
1,DFW,2035,2147,72,30,129,59,1,0,0,1121,0,0,0,0,59,1
2,DFW,2035,2032,-3,30,14,-16,0,0,0,1121,0,0,0,0,0,1
3,DFW,2035,2034,-1,30,26,-4,0,0,0,1121,0,0,0,0,0,1
4,DFW,2035,2037,2,30,25,-5,0,0,0,1121,0,0,0,0,0,1
5,DFW,2035,2037,2,30,30,0,0,0,0,1121,0,0,0,0,0,1
6,DFW,2035,2038,3,30,37,7,0,0,0,1121,0,0,0,0,0,1
7,DFW,2045,2054,9,38,30,-8,0,0,0,1121,0,0,0,0,0,1
1,DFW,2035,2040,5,30,28,-2,0,0,0,1121,0,0,0,0,0,1
2,DFW,2035,2201,86,30,144,74,1,0,0,1121,16,0,0,0,58,1
3,DFW,2035,2323,168,30,309,159,1,0,0,1121,5,0,0,0,154,1
4,DFW,2035,2058,23,30,38,8,0,0,0,1121,0,0,0,0,0,1
5,DFW,2035,2109,34,30,47,17,1,0,0,1121,0,0,0,0,17,1
6,DFW,2035,2056,21,30,30,0,0,0,0,1121,0,0,0,0,0,1
7,DFW,2045,1115,870,38,1502,864,1,0,0,1121,212,0,0,0,652,1
5,IAH,945,943,-2,1317,1320,3,0,0,0,964,0,0,0,0,0,1
6,IAH,945,942,-3,1317,1317,0,0,0,0,964,0,0,0,0,0,1
7,IAH,945,943,-2,1317,1312,-5,0,0,0,964,0,0,0,0,0,1
1,IAH,945,941,-4,1317,1310,-7,0,0,0,964,0,0,0,0,0,1
2,IAH,945,941,-4,1317,1305,-12,0,0,0,964,0,0,0,0,0,1
3,IAH,945,943,-2,1317,1309,-8,0,0,0,964,0,0,0,0,0,1
4,IAH,945,939,-6,1317,1303,-14,0,0,0,964,0,0,0,0,0,1
5,IAH,945,943,-2,1317,1306,-11,0,0,0,964,0,0,0,0,0,1
6,IAH,945,940,-5,1317,1306,-11,0,0,0,964,0,0,0,0,0,1
7,IAH,945,945,0,1317,1315,-2,0,0,0,964,0,0,0,0,0,1
1,IAH,945,939,-6,1317,1309,-8,0,0,0,964,0,0,0,0,0,1
2,IAH,945,941,-4,1317,1301,-16,0,0,0,964,0,0,0,0,0,1
3,IAH,945,946,1,1317,1309,-8,0,0,0,964,0,0,0,0,0,1
4,IAH,945,942,-3,1317,1313,-4,0,0,0,964,0,0,0,0,0,1
5,IAH,945,944,-1,1317,1313,-4,0,0,0,964,0,0,0,0,0,1
6,IAH,945,950,5,1317,1334,17,1,0,0,964,5,0,12,0,0,1
7,IAH,945,940,-5,1317,1305,-12,0,0,0,964,0,0,0,0,0,1
1,IAH,945,938,-7,1317,1301,-16,0,0,0,964,0,0,0,0,0,1
2,IAH,945,938,-7,1317,1311,-6,0,0,0,964,0,0,0,0,0,1
3,IAH,945,943,-2,1317,1308,-9,0,0,0,964,0,0,0,0,0,1
4,IAH,945,941,-4,1317,1318,1,0,0,0,964,0,0,0,0,0,1
5,IAH,945,943,-2,1317,1305,-12,0,0,0,964,0,0,0,0,0,1
6,IAH,945,939,-6,1317,1308,-9,0,0,0,964,0,0,0,0,0,1
7,IAH,945,942,-3,1317,1327,10,0,0,0,964,0,0,0,0,0,1
1,IAH,945,941,-4,1317,1315,-2,0,0,0,964,0,0,0,0,0,1
2,IAH,945,942,-3,1317,1316,-1,0,0,0,964,0,0,0,0,0,1
3,IAH,945,1016,31,1317,1417,60,1,0,0,964,1,0,29,0,30,1
4,IAH,945,944,-1,1317,1308,-9,0,0,0,964,0,0,0,0,0,1
5,IAH,945,940,-5,1317,1317,0,0,0,0,964,0,0,0,0,0,1
6,IAH,945,942,-3,1317,1310,-7,0,0,0,964,0,0,0,0,0,1
7,IAH,945,1004,19,1317,1320,3,0,0,0,964,0,0,0,0,0,1
6,JFK,1540,1558,18,1911,1915,4,0,0,0,1089,0,0,0,0,0,1
7,JFK,1540,1539,-1,1910,1844,-26,0,0,0,1089,0,0,0,0,0,1
1,JFK,1540,1601,21,1910,1902,-8,0,0,0,1089,0,0,0,0,0,1
2,JFK,1540,1541,1,1910,1841,-29,0,0,0,1089,0,0,0,0,0,1
3,JFK,1540,1537,-3,1910,1917,7,0,0,0,1089,0,0,0,0,0,1
4,JFK,1540,1609,29,1910,2053,103,1,0,0,1089,29,0,74,0,0,1
5,JFK,1540,1542,2,1910,2022,72,1,0,0,1089,2,0,70,0,0,1
6,JFK,1540,1542,2,1911,1922,11,0,0,0,1089,0,0,0,0,0,1
7,JFK,1540,1539,-1,1910,1905,-5,0,0,0,1089,0,0,0,0,0,1
1,JFK,1540,1625,45,1910,1939,29,1,0,0,1089,29,0,0,0,0,1
2,JFK,1540,1550,10,1910,1905,-5,0,0,0,1089,0,0,0,0,0,1
3,JFK,1540,1537,-3,1910,1910,0,0,0,0,1089,0,0,0,0,0,1
4,JFK,1540,1537,-3,1910,1958,48,1,0,0,1089,0,0,48,0,0,1
5,JFK,1540,1559,19,1910,1921,11,0,0,0,1089,0,0,0,0,0,1
6,JFK,1540,1549,9,1911,1858,-13,0,0,0,1089,0,0,0,0,0,1
7,JFK,1540,1633,53,1910,1943,33,1,0,0,1089,33,0,0,0,0,1
1,JFK,1540,1544,4,1910,1846,-24,0,0,0,1089,0,0,0,0,0,1
2,JFK,1540,1606,26,1910,1958,48,1,0,0,1089,26,0,22,0,0,1
3,JFK,1540,1538,-2,1910,1851,-19,0,0,0,1089,0,0,0,0,0,1
4,JFK,1540,1807,147,1910,2102,112,1,0,0,1089,112,0,0,0,0,1
5,JFK,1540,1636,56,1910,1941,31,1,0,0,1089,22,0,0,0,9,1
6,JFK,1540,1536,-4,1911,1845,-26,0,0,0,1089,0,0,0,0,0,1
7,JFK,1540,1539,-1,1910,1917,7,0,0,0,1089,0,0,0,0,0,1
1,JFK,1540,1545,5,1910,1843,-27,0,0,0,1089,0,0,0,0,0,1
2,JFK,1540,1837,177,1910,2210,180,1,0,0,1089,171,0,3,0,6,1
3,JFK,1540,1554,14,1910,1951,41,1,0,0,1089,14,0,27,0,0,1
4,JFK,1540,1540,0,1910,1912,2,0,0,0,1089,0,0,0,0,0,1
5,JFK,1540,1545,5,1910,1849,-21,0,0,0,1089,0,0,0,0,0,1
6,JFK,1540,1738,118,1911,2213,182,1,0,0,1089,0,0,64,0,118,1
7,JFK,1540,1719,99,1910,2100,110,1,0,0,1089,99,0,11,0,0,1
5,SFO,715,707,-8,1600,1627,27,1,0,0,2586,0,0,27,0,0,1
1,SFO,715,707,-8,1600,1520,-40,0,0,0,2586,0,0,0,0,0,1
2,SFO,715,709,-6,1600,1521,-39,0,0,0,2586,0,0,0,0,0,1
3,SFO,715,706,-9,1600,1543,-17,0,0,0,2586,0,0,0,0,0,1
4,SFO,715,715,0,1600,1559,-1,0,0,0,2586,0,0,0,0,0,1
5,SFO,715,712,-3,1600,1632,32,1,0,0,2586,0,0,32,0,0,1
6,SFO,715,704,-11,1600,1534,-26,0,0,0,2586,0,0,0,0,0,1
7,SFO,715,711,-4,1600,1528,-32,0,0,0,2586,0,0,0,0,0,1
1,SFO,715,711,-4,1600,1538,-22,0,0,0,2586,0,0,0,0,0,1
2,SFO,715,706,-9,1600,1538,-22,0,0,0,2586,0,0,0,0,0,1
3,SFO,715,711,-4,1600,1512,-48,0,0,0,2586,0,0,0,0,0,1
4,SFO,715,712,-3,1600,1615,15,1,0,0,2586,0,0,15,0,0,1
5,SFO,715,711,-4,1600,1543,-17,0,0,0,2586,0,0,0,0,0,1
6,SFO,715,708,-7,1600,1522,-38,0,0,0,2586,0,0,0,0,0,1
7,SFO,715,710,-5,1600,1540,-20,0,0,0,2586,0,0,0,0,0,1
1,SFO,715,706,-9,1600,1550,-10,0,0,0,2586,0,0,0,0,0,1
2,SFO,715,707,-8,1600,1527,-33,0,0,0,2586,0,0,0,0,0,1
3,SFO,715,708,-7,1600,1536,-24,0,0,0,2586,0,0,0,0,0,1
4,SFO,715,715,0,1600,1611,11,0,0,0,2586,0,0,0,0,0,1
5,SFO,715,708,-7,1600,1552,-8,0,0,0,2586,0,0,0,0,0,1
6,SFO,715,704,-11,1600,1545,-15,0,0,0,2586,0,0,0,0,0,1
7,SFO,715,710,-5,1600,1549,-11,0,0,0,2586,0,0,0,0,0,1
1,SFO,715,708,-7,1600,1611,11,0,0,0,2586,0,0,0,0,0,1
3,SFO,715,707,-8,1600,1540,-20,0,0,0,2586,0,0,0,0,0,1
4,SFO,715,710,-5,1600,1544,-16,0,0,0,2586,0,0,0,0,0,1
5,SFO,715,731,16,1600,1734,94,1,0,0,2586,16,0,78,0,0,1
6,SFO,715,710,-5,1600,1608,8,0,0,0,2586,0,0,0,0,0,1
7,SFO,715,707,-8,1600,1601,1,0,0,0,2586,0,0,0,0,0,1
5,JFK,1700,1748,48,2051,2300,129,1,0,0,2586,0,31,81,0,17,1
6,JFK,1700,1750,50,2051,2114,23,1,0,0,2586,23,0,0,0,0,1
7,JFK,1700,1702,2,2051,2002,-49,0,0,0,2586,0,0,0,0,0,1
1,JFK,1700,1655,-5,2051,2014,-37,0,0,0,2586,0,0,0,0,0,1
2,JFK,1700,1651,-9,2051,1953,-58,0,0,0,2586,0,0,0,0,0,1
3,JFK,1700,1659,-1,2051,2034,-17,0,0,0,2586,0,0,0,0,0,1
4,JFK,1700,1920,140,2051,2309,138,1,0,0,2586,0,0,138,0,0,1
5,JFK,1700,1721,21,2051,2121,30,1,0,0,2586,0,0,9,0,21,1
6,JFK,1700,1653,-7,2051,2043,-8,0,0,0,2586,0,0,0,0,0,1
7,JFK,1700,1655,-5,2051,2007,-44,0,0,0,2586,0,0,0,0,0,1
1,JFK,1700,1654,-6,2051,2014,-37,0,0,0,2586,0,0,0,0,0,1
2,JFK,1700,1657,-3,2051,2021,-30,0,0,0,2586,0,0,0,0,0,1
3,JFK,1700,1654,-6,2051,2040,-11,0,0,0,2586,0,0,0,0,0,1
5,JFK,1700,1739,39,2051,2102,11,0,0,0,2586,0,0,0,0,0,1
6,JFK,1700,1800,60,2051,2149,58,1,0,0,2586,0,58,0,0,0,1
7,JFK,1700,1654,-6,2051,2008,-43,0,0,0,2586,0,0,0,0,0,1
1,JFK,1700,1658,-2,2051,2158,67,1,0,0,2586,0,0,67,0,0,1
2,JFK,1700,1702,2,2051,2045,-6,0,0,0,2586,0,0,0,0,0,1
3,JFK,1700,1657,-3,2051,2038,-13,0,0,0,2586,0,0,0,0,0,1
4,JFK,1700,1708,8,2051,2008,-43,0,0,0,2586,0,0,0,0,0,1
5,JFK,1700,1701,1,2051,2051,0,0,0,0,2586,0,0,0,0,0,1
6,JFK,1700,1659,-1,2051,2047,-4,0,0,0,2586,0,0,0,0,0,1
7,JFK,1700,1656,-4,2051,2001,-50,0,0,0,2586,0,0,0,0,0,1
1,JFK,1700,2043,223,2051,42,231,1,0,0,2586,0,222,8,0,1,1
2,JFK,1700,1655,-5,2051,2027,-24,0,0,0,2586,0,0,0,0,0,1
3,JFK,1700,1801,61,2051,2204,73,1,0,0,2586,14,0,59,0,0,1
4,JFK,1700,1704,4,2051,2101,10,0,0,0,2586,0,0,0,0,0,1
5,JFK,1700,1753,53,2051,2139,48,1,0,0,2586,48,0,0,0,0,1
6,JFK,1700,1716,16,2051,2126,35,1,0,0,2586,0,0,35,0,0,1
7,JFK,1700,1658,-2,2051,2043,-8,0,0,0,2586,0,0,0,0,0,1
5,LAX,1100,1124,24,1907,1936,29,1,0,0,2342,24,0,5,0,0,1
6,LAX,1100,1059,-1,1907,1905,-2,0,0,0,2342,0,0,0,0,0,1
7,LAX,1100,1117,17,1907,1923,16,1,0,0,2342,16,0,0,0,0,1
1,LAX,1100,1107,7,1907,1926,19,1,0,0,2342,7,0,12,0,0,1
2,LAX,1100,1128,28,1907,1915,8,0,0,0,2342,0,0,0,0,0,1
3,LAX,1100,1102,2,1907,1906,-1,0,0,0,2342,0,0,0,0,0,1
4,LAX,1100,1059,-1,1907,1848,-19,0,0,0,2342,0,0,0,0,0,1
5,LAX,1100,1100,0,1907,1927,20,1,0,0,2342,0,0,20,0,0,1
6,LAX,1100,1104,4,1907,1903,-4,0,0,0,2342,0,0,0,0,0,1
7,LAX,1100,1109,9,1907,1927,20,1,0,0,2342,9,0,11,0,0,1
1,LAX,1100,1100,0,1907,1852,-15,0,0,0,2342,0,0,0,0,0,1
2,LAX,1100,1114,14,1907,1921,14,0,0,0,2342,0,0,0,0,0,1
3,LAX,1100,1100,0,1907,1910,3,0,0,0,2342,0,0,0,0,0,1
4,LAX,1100,1104,4,1907,2033,86,1,0,0,2342,4,0,82,0,0,1
5,LAX,1100,1100,0,1907,1915,8,0,0,0,2342,0,0,0,0,0,1
6,LAX,1100,1101,1,1907,1917,10,0,0,0,2342,0,0,0,0,0,1
7,LAX,1100,1103,3,1907,1914,7,0,0,0,2342,0,0,0,0,0,1
1,LAX,1100,1100,0,1907,1951,44,1,0,0,2342,0,0,44,0,0,1
2,LAX,1100,1101,1,1907,1908,1,0,0,0,2342,0,0,0,0,0,1
3,LAX,1100,1058,-2,1907,1913,6,0,0,0,2342,0,0,0,0,0,1
4,LAX,1100,1056,-4,1907,1915,8,0,0,0,2342,0,0,0,0,0,1
5,LAX,1100,1117,17,1907,1929,22,1,0,0,2342,17,0,5,0,0,1
6,LAX,1100,1102,2,1907,1919,12,0,0,0,2342,0,0,0,0,0,1
7,LAX,1100,1145,45,1907,2006,59,1,0,0,2342,45,0,14,0,0,1
1,LAX,1100,1111,11,1907,1920,13,0,0,0,2342,0,0,0,0,0,1
2,LAX,1100,1058,-2,1907,1922,15,1,0,0,2342,0,0,15,0,0,1
3,LAX,1100,1211,71,1907,2005,58,1,0,0,2342,58,0,0,0,0,1
4,LAX,1100,1059,-1,1907,1925,18,1,0,0,2342,0,0,18,0,0,1
5,LAX,1100,1110,10,1907,1910,3,0,0,0,2342,0,0,0,0,0,1
6,LAX,1100,1102,2,1907,1906,-1,0,0,0,2342,0,0,0,0,0,1
7,LAX,1100,1214,74,1907,2013,66,1,0,0,2342,66,0,0,0,0,1
5,LAX,827,823,-4,1345,1334,-11,0,0,0,1235,0,0,0,0,0,1
6,LAX,827,825,-2,1345,1339,-6,0,0,0,1235,0,0,0,0,0,1
7,LAX,827,828,1,1345,1328,-17,0,0,0,1235,0,0,0,0,0,1
1,LAX,827,826,-1,1345,1324,-21,0,0,0,1235,0,0,0,0,0,1
2,LAX,827,903,36,1345,1406,21,1,0,0,1235,8,0,0,0,13,1
3,LAX,827,843,16,1345,1348,3,0,0,0,1235,0,0,0,0,0,1
4,LAX,827,823,-4,1345,1331,-14,0,0,0,1235,0,0,0,0,0,1
5,LAX,827,826,-1,1345,1337,-8,0,0,0,1235,0,0,0,0,0,1
6,LAX,827,822,-5,1345,1327,-18,0,0,0,1235,0,0,0,0,0,1
7,LAX,827,824,-3,1345,1330,-15,0,0,0,1235,0,0,0,0,0,1
1,LAX,827,826,-1,1345,1326,-19,0,0,0,1235,0,0,0,0,0,1
2,LAX,827,828,1,1345,1340,-5,0,0,0,1235,0,0,0,0,0,1
3,LAX,827,823,-4,1345,1334,-11,0,0,0,1235,0,0,0,0,0,1
4,LAX,827,826,-1,1345,1340,-5,0,0,0,1235,0,0,0,0,0,1
5,LAX,827,824,-3,1345,1455,70,1,0,0,1235,0,0,70,0,0,1
6,LAX,827,823,-4,1345,1331,-14,0,0,0,1235,0,0,0,0,0,1
7,LAX,827,818,-9,1345,1326,-19,0,0,0,1235,0,0,0,0,0,1
1,LAX,827,844,17,1345,1346,1,0,0,0,1235,0,0,0,0,0,1
2,LAX,827,829,2,1345,1347,2,0,0,0,1235,0,0,0,0,0,1
3,LAX,827,845,18,1345,1410,25,1,0,0,1235,18,0,7,0,0,1
4,LAX,827,824,-3,1345,1351,6,0,0,0,1235,0,0,0,0,0,1
5,LAX,827,835,8,1345,1356,11,0,0,0,1235,0,0,0,0,0,1
6,LAX,827,824,-3,1345,1346,1,0,0,0,1235,0,0,0,0,0,1
7,LAX,827,858,31,1345,1403,18,1,0,0,1235,18,0,0,0,0,1
1,LAX,827,825,-2,1345,1356,11,0,0,0,1235,0,0,0,0,0,1
2,LAX,827,828,1,1345,1351,6,0,0,0,1235,0,0,0,0,0,1
3,LAX,827,844,17,1345,1359,14,0,0,0,1235,0,0,0,0,0,1
4,LAX,827,824,-3,1345,1337,-8,0,0,0,1235,0,0,0,0,0,1
5,LAX,827,831,4,1345,1345,0,0,0,0,1235,0,0,0,0,0,1
6,LAX,827,839,12,1345,1354,9,0,0,0,1235,0,0,0,0,0,1
7,LAX,827,824,-3,1345,1341,-4,0,0,0,1235,0,0,0,0,0,1
5,DFW,1635,1715,40,1752,1823,31,1,0,0,1235,31,0,0,0,0,1
6,DFW,1645,1852,127,1803,2017,134,1,0,0,1235,4,0,7,0,123,1
7,DFW,1645,1642,-3,1803,1751,-12,0,0,0,1235,0,0,0,0,0,1
1,DFW,1645,1700,15,1803,1810,7,0,0,0,1235,0,0,0,0,0,1
2,DFW,1645,1641,-4,1800,1806,6,0,0,0,1235,0,0,0,0,0,1
3,DFW,1645,1647,2,1800,1817,17,1,0,0,1235,2,0,15,0,0,1
4,DFW,1645,1840,115,1800,1959,119,1,0,0,1235,115,0,4,0,0,1
5,DFW,1645,1640,-5,1800,1752,-8,0,0,0,1235,0,0,0,0,0,1
6,DFW,1645,1934,169,1800,2109,189,1,0,0,1235,58,0,20,0,111,1
7,DFW,1645,1644,-1,1800,1810,10,0,0,0,1235,0,0,0,0,0,1
1,DFW,1645,1650,5,1800,1814,14,0,0,0,1235,0,0,0,0,0,1
2,DFW,1645,1644,-1,1800,1814,14,0,0,0,1235,0,0,0,0,0,1
3,DFW,1645,1643,-2,1800,1801,1,0,0,0,1235,0,0,0,0,0,1
4,DFW,1645,1643,-2,1800,1759,-1,0,0,0,1235,0,0,0,0,0,1
5,DFW,1645,1846,121,1800,2033,153,1,0,0,1235,0,19,32,0,102,1
6,DFW,1645,1655,10,1800,1758,-2,0,0,0,1235,0,0,0,0,0,1
7,DFW,1645,1703,18,1800,1810,10,0,0,0,1235,0,0,0,0,0,1
1,DFW,1645,1644,-1,1800,1809,9,0,0,0,1235,0,0,0,0,0,1
2,DFW,1645,1717,32,1800,1824,24,1,0,0,1235,24,0,0,0,0,1
3,DFW,1645,1641,-4,1800,1812,12,0,0,0,1235,0,0,0,0,0,1
4,DFW,1645,1729,44,1800,1910,70,1,0,0,1235,44,0,26,0,0,1
5,DFW,1645,1847,122,1800,2025,145,1,0,0,1235,122,0,23,0,0,1
6,DFW,1645,1733,48,1800,1842,42,1,0,0,1235,42,0,0,0,0,1
7,DFW,1645,1657,12,1800,1754,-6,0,0,0,1235,0,0,0,0,0,1
1,DFW,1645,1641,-4,1800,1755,-5,0,0,0,1235,0,0,0,0,0,1
2,DFW,1645,1717,32,1800,1838,38,1,0,0,1235,32,0,6,0,0,1
3,DFW,1645,1830,105,1800,1941,101,1,0,0,1235,101,0,0,0,0,1
4,DFW,1645,1659,14,1800,1820,20,1,0,0,1235,14,0,6,0,0,1
5,DFW,1645,1948,183,1800,2053,173,1,0,0,1235,173,0,0,0,0,1
6,DFW,1645,1727,42,1800,1833,33,1,0,0,1235,33,0,0,0,0,1
7,DFW,1645,1805,80,1800,1921,81,1,0,0,1235,80,0,1,0,0,1
5,LAX,940,1001,21,1101,1120,19,1,0,0,236,5,0,0,0,14,1
6,LAX,940,956,16,1101,1126,25,1,0,0,236,16,0,9,0,0,1
7,LAX,940,948,8,1101,1121,20,1,0,0,236,8,0,12,0,0,1
1,LAX,940,941,1,1101,1058,-3,0,0,0,236,0,0,0,0,0,1
2,LAX,940,946,6,1101,1100,-1,0,0,0,236,0,0,0,0,0,1
3,LAX,940,938,-2,1101,1100,-1,0,0,0,236,0,0,0,0,0,1
4,LAX,940,1004,24,1101,1110,9,0,0,0,236,0,0,0,0,0,1
5,LAX,940,957,17,1101,1122,21,1,0,0,236,1,0,4,0,16,1
6,LAX,940,937,-3,1101,1043,-18,0,0,0,236,0,0,0,0,0,1
7,LAX,940,1008,28,1101,1115,14,0,0,0,236,0,0,0,0,0,1
1,LAX,940,1020,40,1101,1133,32,1,0,0,236,13,0,0,0,19,1
2,LAX,940,937,-3,1101,1042,-19,0,0,0,236,0,0,0,0,0,1
3,LAX,940,1009,29,1101,1125,24,1,0,0,236,4,0,0,0,20,1
4,LAX,940,953,13,1101,1141,40,1,0,0,236,0,0,40,0,0,1
5,LAX,940,953,13,1101,1112,11,0,0,0,236,0,0,0,0,0,1
6,LAX,940,944,4,1101,1102,1,0,0,0,236,0,0,0,0,0,1
7,LAX,940,939,-1,1101,1051,-10,0,0,0,236,0,0,0,0,0,1
1,LAX,940,936,-4,1101,1039,-22,0,0,0,236,0,0,0,0,0,1
2,LAX,940,947,7,1101,1053,-8,0,0,0,236,0,0,0,0,0,1
3,LAX,940,944,4,1101,1056,-5,0,0,0,236,0,0,0,0,0,1
4,LAX,940,947,7,1101,1102,1,0,0,0,236,0,0,0,0,0,1
5,LAX,940,1011,31,1101,1145,44,1,0,0,236,8,0,13,0,23,1
6,LAX,940,935,-5,1101,1101,0,0,0,0,236,0,0,0,0,0,1
7,LAX,940,934,-6,1101,1052,-9,0,0,0,236,0,0,0,0,0,1
1,LAX,940,1021,41,1101,1138,37,1,0,0,236,37,0,0,0,0,1
2,LAX,940,953,13,1101,1105,4,0,0,0,236,0,0,0,0,0,1
3,LAX,940,935,-5,1101,1041,-20,0,0,0,236,0,0,0,0,0,1
4,LAX,940,938,-2,1101,1037,-24,0,0,0,236,0,0,0,0,0,1
5,LAX,940,940,0,1101,1049,-12,0,0,0,236,0,0,0,0,0,1
6,LAX,940,934,-6,1101,1105,4,0,0,0,236,0,0,0,0,0,1
7,LAX,940,939,-1,1101,1052,-9,0,0,0,236,0,0,0,0,0,1
5,LAS,1908,1931,23,2025,2122,57,1,0,0,236,0,0,40,0,17,1
6,LAS,1908,1858,-10,2025,2007,-18,0,0,0,236,0,0,0,0,0,1
7,LAS,1908,1903,-5,2025,2047,22,1,0,0,236,0,0,22,0,0,1
1,LAS,1908,1912,4,2025,2027,2,0,0,0,236,0,0,0,0,0,1
2,LAS,1908,1915,7,2025,2041,16,1,0,0,236,0,0,9,0,7,1
3,LAS,1908,1907,-1,2025,2057,32,1,0,0,236,0,0,32,0,0,1
4,LAS,1908,1916,8,2025,2049,24,1,0,0,236,0,0,16,0,8,1
5,LAS,1908,1903,-5,2025,2023,-2,0,0,0,236,0,0,0,0,0,1
6,LAS,1908,1906,-2,2025,2045,20,1,0,0,236,0,0,20,0,0,1
7,LAS,1908,1900,-8,2025,2033,8,0,0,0,236,0,0,0,0,0,1
1,LAS,1908,1909,1,2025,2040,15,1,0,0,236,1,0,14,0,0,1
2,LAS,1908,2023,75,2025,2139,74,1,0,0,236,2,0,0,0,72,1
3,LAS,1908,2001,53,2025,2132,67,1,0,0,236,0,0,67,0,0,1
4,LAS,1908,1911,3,2025,2023,-2,0,0,0,236,0,0,0,0,0,1
5,LAS,1908,1906,-2,2025,2044,19,1,0,0,236,0,0,19,0,0,1
6,LAS,1908,1907,-1,2025,2020,-5,0,0,0,236,0,0,0,0,0,1
7,LAS,1908,1903,-5,2025,2041,16,1,0,0,236,0,0,16,0,0,1
1,LAS,1908,2105,117,2025,2256,151,1,0,0,236,0,0,151,0,0,1
2,LAS,1908,1923,15,2025,2031,6,0,0,0,236,0,0,0,0,0,1
3,LAS,1908,1906,-2,2025,2021,-4,0,0,0,236,0,0,0,0,0,1
4,LAS,1908,1927,19,2025,2041,16,1,0,0,236,11,0,0,0,5,1
5,LAS,1908,1907,-1,2025,2049,24,1,0,0,236,0,0,24,0,0,1
7,LGA,600,552,-8,732,712,-20,0,0,0,733,0,0,0,0,0,1
1,LGA,559,552,-7,732,749,17,1,0,0,733,0,0,17,0,0,1
2,LGA,559,556,-3,732,730,-2,0,0,0,733,0,0,0,0,0,1
3,LGA,559,554,-5,732,716,-16,0,0,0,733,0,0,0,0,0,1
4,LGA,559,550,-9,732,736,4,0,0,0,733,0,0,0,0,0,1
5,LGA,559,559,0,732,717,-15,0,0,0,733,0,0,0,0,0,1
6,LGA,600,552,-8,732,721,-11,0,0,0,733,0,0,0,0,0,1
7,LGA,600,554,-6,732,751,19,1,0,0,733,0,0,19,0,0,1
1,LGA,559,553,-6,732,719,-13,0,0,0,733,0,0,0,0,0,1
2,LGA,559,555,-4,732,725,-7,0,0,0,733,0,0,0,0,0,1
3,LGA,559,612,13,732,743,11,0,0,0,733,0,0,0,0,0,1
4,LGA,559,555,-4,732,720,-12,0,0,0,733,0,0,0,0,0,1
5,LGA,559,557,-2,732,749,17,1,0,0,733,0,0,17,0,0,1
6,LGA,600,606,6,732,751,19,1,0,0,733,6,0,13,0,0,1
7,LGA,600,629,29,732,754,22,1,0,0,733,22,0,0,0,0,1
5,LGA,629,628,-1,801,806,5,0,0,0,733,0,0,0,0,0,1
7,LGA,645,802,77,817,934,77,1,0,0,733,77,0,0,0,0,1
2,LGA,645,641,-4,817,801,-16,0,0,0,733,0,0,0,0,0,1
3,LGA,645,641,-4,817,821,4,0,0,0,733,0,0,0,0,0,1
4,LGA,645,640,-5,817,801,-16,0,0,0,733,0,0,0,0,0,1
5,LGA,645,638,-7,817,813,-4,0,0,0,733,0,0,0,0,0,1
7,LGA,645,642,-3,817,756,-21,0,0,0,733,0,0,0,0,0,1
1,LGA,645,640,-5,817,754,-23,0,0,0,733,0,0,0,0,0,1
2,LGA,645,642,-3,817,802,-15,0,0,0,733,0,0,0,0,0,1
3,LGA,645,636,-9,817,756,-21,0,0,0,733,0,0,0,0,0,1
4,LGA,645,643,-2,817,802,-15,0,0,0,733,0,0,0,0,0,1
5,LGA,645,736,51,817,901,44,1,0,0,733,44,0,0,0,0,1
7,LGA,645,635,-10,817,805,-12,0,0,0,733,0,0,0,0,0,1
1,LGA,645,640,-5,817,839,22,1,0,0,733,0,0,22,0,0,1
2,LGA,645,640,-5,817,821,4,0,0,0,733,0,0,0,0,0,1
3,LGA,645,639,-6,817,800,-17,0,0,0,733,0,0,0,0,0,1
4,LGA,645,637,-8,817,758,-19,0,0,0,733,0,0,0,0,0,1
7,LGA,645,639,-6,817,837,20,1,0,0,733,0,0,20,0,0,1
1,LGA,645,640,-5,817,808,-9,0,0,0,733,0,0,0,0,0,1
2,LGA,645,643,-2,817,807,-10,0,0,0,733,0,0,0,0,0,1
3,LGA,645,639,-6,817,800,-17,0,0,0,733,0,0,0,0,0,1
4,LGA,645,642,-3,817,802,-15,0,0,0,733,0,0,0,0,0,1
5,LGA,645,638,-7,817,817,0,0,0,0,733,0,0,0,0,0,1
7,LGA,645,958,193,817,1118,181,1,0,0,733,181,0,0,0,0,1
5,DFW,720,718,-2,1030,1017,-13,0,0,0,761,0,0,0,0,0,1
6,DFW,720,718,-2,1030,1011,-19,0,0,0,761,0,0,0,0,0,1
2,DFW,710,710,0,1019,1017,-2,0,0,0,761,0,0,0,0,0,1
3,DFW,710,702,-8,1019,1036,17,1,0,0,761,0,0,17,0,0,1
4,DFW,710,707,-3,1019,1024,5,0,0,0,761,0,0,0,0,0,1
5,DFW,710,703,-7,1019,1007,-12,0,0,0,761,0,0,0,0,0,1
6,DFW,710,708,-2,1019,1011,-8,0,0,0,761,0,0,0,0,0,1
7,DFW,708,703,-5,1014,956,-18,0,0,0,761,0,0,0,0,0,1
1,DFW,710,708,-2,1019,1010,-9,0,0,0,761,0,0,0,0,0,1
2,DFW,710,707,-3,1019,1013,-6,0,0,0,761,0,0,0,0,0,1
3,DFW,710,706,-4,1019,1011,-8,0,0,0,761,0,0,0,0,0,1
4,DFW,710,708,-2,1019,1028,9,0,0,0,761,0,0,0,0,0,1
5,DFW,710,724,14,1019,1026,7,0,0,0,761,0,0,0,0,0,1
6,DFW,710,717,7,1019,1024,5,0,0,0,761,0,0,0,0,0,1
7,DFW,708,702,-6,1014,1002,-12,0,0,0,761,0,0,0,0,0,1
1,DFW,710,709,-1,1019,1024,5,0,0,0,761,0,0,0,0,0,1
2,DFW,710,704,-6,1019,1007,-12,0,0,0,761,0,0,0,0,0,1
3,DFW,710,718,8,1019,1038,19,1,0,0,761,8,0,11,0,0,1
4,DFW,710,705,-5,1019,1022,3,0,0,0,761,0,0,0,0,0,1
5,DFW,710,740,30,1019,1057,38,1,0,0,761,30,0,8,0,0,1
6,DFW,710,709,-1,1019,1021,2,0,0,0,761,0,0,0,0,0,1
7,DFW,708,703,-5,1014,1003,-11,0,0,0,761,0,0,0,0,0,1
1,DFW,710,757,47,1019,1057,38,1,0,0,761,38,0,0,0,0,1
2,DFW,710,704,-6,1019,1008,-11,0,0,0,761,0,0,0,0,0,1
3,DFW,710,704,-6,1019,1022,3,0,0,0,761,0,0,0,0,0,1
4,DFW,710,726,16,1019,1036,17,1,0,0,761,16,0,1,0,0,1
5,DFW,710,804,54,1019,1108,49,1,0,0,761,1,0,0,0,48,1
6,DFW,710,840,90,1019,1156,97,1,0,0,761,4,0,7,0,86,1
5,DFW,2205,2258,53,2253,2347,54,1,0,0,592,53,0,1,0,0,1
2,DFW,2205,2200,-5,2253,2237,-16,0,0,0,592,0,0,0,0,0,1
3,DFW,2205,2204,-1,2253,2253,0,0,0,0,592,0,0,0,0,0,1
4,DFW,2205,2203,-2,2253,2248,-5,0,0,0,592,0,0,0,0,0,1
5,DFW,2205,2201,-4,2253,2256,3,0,0,0,592,0,0,0,0,0,1
6,DFW,2205,2255,50,2253,2339,46,1,0,0,592,0,20,0,0,26,1
7,DFW,2205,9,124,2253,52,119,1,0,0,592,38,0,0,0,81,1
1,DFW,2205,2201,-4,2253,2251,-2,0,0,0,592,0,0,0,0,0,1
2,DFW,2205,2200,-5,2253,2246,-7,0,0,0,592,0,0,0,0,0,1
3,DFW,2205,2201,-4,2253,2252,-1,0,0,0,592,0,0,0,0,0,1
4,DFW,2205,2241,36,2253,2328,35,1,0,0,592,6,0,0,0,29,1
5,DFW,2205,2344,99,2253,37,104,1,0,0,592,80,0,5,0,19,1
6,DFW,2205,2204,-1,2253,2243,-10,0,0,0,592,0,0,0,0,0,1
7,DFW,2205,2201,-4,2253,2239,-14,0,0,0,592,0,0,0,0,0,1
1,DFW,2205,2221,16,2253,2257,4,0,0,0,592,0,0,0,0,0,1
2,DFW,2205,2203,-2,2253,2235,-18,0,0,0,592,0,0,0,0,0,1
3,DFW,2205,2212,7,2253,2256,3,0,0,0,592,0,0,0,0,0,1
4,DFW,2205,2230,25,2253,2310,17,1,0,0,592,10,0,0,0,7,1
5,DFW,2205,2207,2,2253,2239,-14,0,0,0,592,0,0,0,0,0,1
6,DFW,2205,2205,0,2253,2250,-3,0,0,0,592,0,0,0,0,0,1
7,DFW,2205,2222,17,2253,2313,20,1,0,0,592,0,0,3,0,17,1
2,DFW,2205,2319,74,2253,2353,60,1,0,0,592,45,0,0,0,15,1
3,DFW,2205,2400,115,2253,45,112,1,0,0,592,84,0,0,0,28,1
4,DFW,2205,32,147,2253,108,135,1,0,0,592,5,0,0,0,130,1
5,DFW,2205,2243,38,2253,2359,66,1,0,0,592,21,0,28,0,17,1
6,DFW,2205,2327,82,2253,16,83,1,0,0,592,6,0,1,0,76,1
7,DFW,2205,2358,113,2253,34,101,1,0,0,592,16,0,0,0,85,1
5,MSP,535,653,78,1010,1128,78,1,0,0,1501,78,0,0,0,0,1
6,MSP,535,538,3,1010,957,-13,0,0,0,1501,0,0,0,0,0,1
7,MSP,535,520,-15,1010,1007,-3,0,0,0,1501,0,0,0,0,0,1
1,MSP,535,518,-17,1010,949,-21,0,0,0,1501,0,0,0,0,0,1
2,MSP,535,537,2,1010,1010,0,0,0,0,1501,0,0,0,0,0,1
3,MSP,535,533,-2,1010,1012,2,0,0,0,1501,0,0,0,0,0,1
4,MSP,535,538,3,1010,1012,2,0,0,0,1501,0,0,0,0,0,1
5,MSP,535,530,-5,1010,959,-11,0,0,0,1501,0,0,0,0,0,1
6,MSP,535,528,-7,1010,1038,28,1,0,0,1501,0,0,28,0,0,1
7,MSP,535,531,-4,1010,1015,5,0,0,0,1501,0,0,0,0,0,1
1,MSP,535,525,-10,1010,953,-17,0,0,0,1501,0,0,0,0,0,1
2,MSP,535,531,-4,1010,1002,-8,0,0,0,1501,0,0,0,0,0,1
3,MSP,535,528,-7,1010,958,-12,0,0,0,1501,0,0,0,0,0,1
4,MSP,535,533,-2,1010,1002,-8,0,0,0,1501,0,0,0,0,0,1
5,MSP,535,633,58,1010,1104,54,1,0,0,1501,54,0,0,0,0,1
6,MSP,535,720,105,1010,1147,97,1,0,0,1501,97,0,0,0,0,1
7,MSP,535,532,-3,1010,1028,18,1,0,0,1501,0,0,18,0,0,1
1,MSP,535,539,4,1010,1012,2,0,0,0,1501,0,0,0,0,0,1
2,MSP,535,530,-5,1010,949,-21,0,0,0,1501,0,0,0,0,0,1
3,MSP,535,524,-11,1010,941,-29,0,0,0,1501,0,0,0,0,0,1
4,MSP,535,704,89,1010,1208,118,1,0,0,1501,89,0,29,0,0,1
5,MSP,535,534,-1,1010,1017,7,0,0,0,1501,0,0,0,0,0,1
6,MSP,535,534,-1,1010,952,-18,0,0,0,1501,0,0,0,0,0,1
7,MSP,535,533,-2,1010,1011,1,0,0,0,1501,0,0,0,0,0,1
1,MSP,535,531,-4,1010,1007,-3,0,0,0,1501,0,0,0,0,0,1
2,MSP,535,533,-2,1010,1022,12,0,0,0,1501,0,0,0,0,0,1
3,MSP,535,543,8,1010,1017,7,0,0,0,1501,0,0,0,0,0,1
4,MSP,535,527,-8,1010,1004,-6,0,0,0,1501,0,0,0,0,0,1
5,MSP,535,537,2,1010,959,-11,0,0,0,1501,0,0,0,0,0,1
6,MSP,535,543,8,1010,1006,-4,0,0,0,1501,0,0,0,0,0,1
7,MSP,535,551,16,1010,1016,6,0,0,0,1501,0,0,0,0,0,1
5,PHX,2149,2156,7,33,51,18,1,0,0,602,7,0,11,0,0,1
6,PHX,2149,2153,4,33,42,9,0,0,0,602,0,0,0,0,0,1
1,PHX,2149,2141,-8,33,34,1,0,0,0,602,0,0,0,0,0,1
2,PHX,2140,2332,112,24,206,102,1,0,0,602,102,0,0,0,0,1
3,PHX,2140,2134,-6,24,11,-13,0,0,0,602,0,0,0,0,0,1
4,PHX,2140,2157,17,24,41,17,1,0,0,602,0,0,0,0,17,1
5,PHX,2140,2132,-8,24,32,8,0,0,0,602,0,0,0,0,0,1
6,PHX,2140,2222,42,24,111,47,1,0,0,602,0,0,5,0,42,1
7,PHX,2140,2136,-4,24,46,22,1,0,0,602,0,0,22,0,0,1
1,PHX,2140,2134,-6,24,16,-8,0,0,0,602,0,0,0,0,0,1
2,PHX,2140,2138,-2,24,16,-8,0,0,0,602,0,0,0,0,0,1
3,PHX,2140,2329,109,24,205,101,1,0,0,602,0,0,0,0,101,1
4,PHX,2140,2140,0,24,50,26,1,0,0,602,0,0,26,0,0,1
5,PHX,2140,2158,18,24,40,16,1,0,0,602,0,0,0,0,16,1
6,PHX,2140,2139,-1,24,18,-6,0,0,0,602,0,0,0,0,0,1
7,PHX,2140,2134,-6,24,17,-7,0,0,0,602,0,0,0,0,0,1
1,PHX,2140,28,168,24,315,171,1,0,0,602,45,0,3,0,123,1
2,PHX,2140,2132,-8,24,33,9,0,0,0,602,0,0,0,0,0,1
3,PHX,2140,2134,-6,24,49,25,1,0,0,602,0,0,25,0,0,1
4,PHX,2140,2144,4,24,29,5,0,0,0,602,0,0,0,0,0,1
5,PHX,2140,2210,30,24,107,43,1,0,0,602,30,0,13,0,0,1
6,PHX,2140,2136,-4,24,38,14,0,0,0,602,0,0,0,0,0,1
7,PHX,2140,2152,12,24,120,56,1,0,0,602,12,0,44,0,0,1
1,PHX,2140,2133,-7,24,18,-6,0,0,0,602,0,0,0,0,0,1
3,PHX,2140,2133,-7,24,21,-3,0,0,0,602,0,0,0,0,0,1
4,PHX,2140,3,143,24,247,143,1,0,0,602,0,0,0,0,143,1
5,PHX,2140,2317,97,24,228,124,1,0,0,602,0,97,27,0,0,1
6,PHX,2140,2137,-3,24,18,-6,0,0,0,602,0,0,0,0,0,1
7,PHX,2140,2137,-3,24,34,10,0,0,0,602,0,0,0,0,0,1
6,MCO,1945,1945,0,2055,2142,47,1,0,0,192,0,0,47,0,0,1
6,MCO,1945,2027,42,2055,2133,38,1,0,0,192,0,38,0,0,0,1
6,MCO,1945,1940,-5,2055,2049,-6,0,0,0,192,0,0,0,0,0,1
6,MCO,1945,1955,10,2055,2100,5,0,0,0,192,0,0,0,0,0,1
6,MCO,1945,2332,227,2055,43,228,1,0,0,192,0,0,1,0,227,1
5,DFW,1234,1338,64,1341,1431,50,1,0,0,247,34,0,0,0,16,1
6,DFW,1234,1308,34,1341,1405,24,1,0,0,247,0,0,0,0,24,1
7,DFW,1234,1228,-6,1341,1324,-17,0,0,0,247,0,0,0,0,0,1
1,DFW,1234,1327,53,1341,1428,47,1,0,0,247,0,0,0,0,47,1
2,DFW,1240,1239,-1,1348,1342,-6,0,0,0,247,0,0,0,0,0,1
3,DFW,1240,1235,-5,1348,1333,-15,0,0,0,247,0,0,0,0,0,1
4,DFW,1240,1243,3,1348,1347,-1,0,0,0,247,0,0,0,0,0,1
5,DFW,1240,1237,-3,1348,1335,-13,0,0,0,247,0,0,0,0,0,1
6,DFW,1240,1234,-6,1348,1334,-14,0,0,0,247,0,0,0,0,0,1
7,DFW,1240,1310,30,1348,1409,21,1,0,0,247,1,0,0,0,20,1
1,DFW,1240,1238,-2,1348,1335,-13,0,0,0,247,0,0,0,0,0,1
2,DFW,1240,1236,-4,1348,1332,-16,0,0,0,247,0,0,0,0,0,1
3,DFW,1240,1233,-7,1348,1333,-15,0,0,0,247,0,0,0,0,0,1
4,DFW,1240,1312,32,1348,1414,26,1,0,0,247,2,0,0,0,24,1
5,DFW,1240,1349,69,1348,1449,61,1,0,0,247,15,0,0,0,46,1
6,DFW,1240,1302,22,1348,1401,13,0,0,0,247,0,0,0,0,0,1
7,DFW,1240,1234,-6,1348,1329,-19,0,0,0,247,0,0,0,0,0,1
1,DFW,1240,1235,-5,1348,1332,-16,0,0,0,247,0,0,0,0,0,1
2,DFW,1240,1235,-5,1348,1329,-19,0,0,0,247,0,0,0,0,0,1
3,DFW,1240,1250,10,1348,1347,-1,0,0,0,247,0,0,0,0,0,1
4,DFW,1240,1302,22,1348,1359,11,0,0,0,247,0,0,0,0,0,1
5,DFW,1240,1234,-6,1348,1331,-17,0,0,0,247,0,0,0,0,0,1
6,DFW,1240,1237,-3,1348,1340,-8,0,0,0,247,0,0,0,0,0,1
7,DFW,1240,1234,-6,1348,1330,-18,0,0,0,247,0,0,0,0,0,1
1,DFW,1240,1236,-4,1348,1335,-13,0,0,0,247,0,0,0,0,0,1
2,DFW,1240,1237,-3,1348,1340,-8,0,0,0,247,0,0,0,0,0,1
3,DFW,1240,1235,-5,1348,1347,-1,0,0,0,247,0,0,0,0,0,1
4,DFW,1240,1235,-5,1348,1327,-21,0,0,0,247,0,0,0,0,0,1
5,DFW,1240,1432,112,1348,1532,104,1,0,0,247,12,0,0,0,92,1
6,DFW,1240,1300,20,1348,1358,10,0,0,0,247,0,0,0,0,0,1
2,LAX,40,34,-6,651,641,-10,0,0,0,1744,0,0,0,0,0,1
5,JFK,640,635,-5,909,856,-13,0,0,0,2153,0,0,0,0,0,1
6,JFK,640,639,-1,909,912,3,0,0,0,2153,0,0,0,0,0,1
7,JFK,640,710,30,909,926,17,1,0,0,2153,17,0,0,0,0,1
1,JFK,640,635,-5,909,857,-12,0,0,0,2153,0,0,0,0,0,1
2,JFK,640,639,-1,909,921,12,0,0,0,2153,0,0,0,0,0,1
3,JFK,640,641,1,909,914,5,0,0,0,2153,0,0,0,0,0,1
4,JFK,640,637,-3,909,915,6,0,0,0,2153,0,0,0,0,0,1
5,JFK,640,642,2,909,920,11,0,0,0,2153,0,0,0,0,0,1
6,JFK,640,638,-2,909,911,2,0,0,0,2153,0,0,0,0,0,1
7,JFK,640,645,5,909,901,-8,0,0,0,2153,0,0,0,0,0,1
1,JFK,640,638,-2,909,845,-24,0,0,0,2153,0,0,0,0,0,1
2,JFK,640,638,-2,909,854,-15,0,0,0,2153,0,0,0,0,0,1
3,JFK,640,640,0,909,857,-12,0,0,0,2153,0,0,0,0,0,1
4,JFK,640,646,6,909,859,-10,0,0,0,2153,0,0,0,0,0,1
5,JFK,640,642,2,909,929,20,1,0,0,2153,2,0,18,0,0,1
6,JFK,640,639,-1,909,914,5,0,0,0,2153,0,0,0,0,0,1
7,JFK,640,636,-4,909,917,8,0,0,0,2153,0,0,0,0,0,1
1,JFK,640,639,-1,909,918,9,0,0,0,2153,0,0,0,0,0,1
2,JFK,640,639,-1,909,913,4,0,0,0,2153,0,0,0,0,0,1
3,JFK,640,635,-5,909,826,-43,0,0,0,2153,0,0,0,0,0,1
4,JFK,640,634,-6,909,820,-49,0,0,0,2153,0,0,0,0,0,1
5,JFK,640,636,-4,909,827,-42,0,0,0,2153,0,0,0,0,0,1
6,JFK,640,637,-3,909,849,-20,0,0,0,2153,0,0,0,0,0,1
7,JFK,640,636,-4,909,828,-41,0,0,0,2153,0,0,0,0,0,1
1,JFK,640,638,-2,909,928,19,1,0,0,2153,0,0,19,0,0,1
2,JFK,640,842,122,909,1125,136,1,0,0,2153,122,0,14,0,0,1
3,JFK,640,637,-3,909,915,6,0,0,0,2153,0,0,0,0,0,1
4,JFK,640,641,1,909,923,14,0,0,0,2153,0,0,0,0,0,1
5,JFK,640,640,0,909,904,-5,0,0,0,2153,0,0,0,0,0,1
6,JFK,640,640,0,909,853,-16,0,0,0,2153,0,0,0,0,0,1
7,JFK,640,638,-2,909,925,16,1,0,0,2153,0,0,16,0,0,1
5,PHX,1027,1021,-6,1311,1304,-7,0,0,0,1009,0,0,0,0,0,1
6,PHX,1027,1307,160,1311,1552,161,1,0,0,1009,0,0,1,0,160,1
7,PHX,1027,1027,0,1311,1259,-12,0,0,0,1009,0,0,0,0,0,1
2,PHX,1025,1020,-5,1309,1301,-8,0,0,0,1009,0,0,0,0,0,1
3,PHX,1025,1022,-3,1309,1303,-6,0,0,0,1009,0,0,0,0,0,1
4,PHX,1025,1019,-6,1309,1258,-11,0,0,0,1009,0,0,0,0,0,1
5,PHX,1025,1024,-1,1309,1311,2,0,0,0,1009,0,0,0,0,0,1
6,PHX,1025,1021,-4,1309,1307,-2,0,0,0,1009,0,0,0,0,0,1
7,PHX,1025,1024,-1,1309,1314,5,0,0,0,1009,0,0,0,0,0,1
1,PHX,1025,1024,-1,1309,1314,5,0,0,0,1009,0,0,0,0,0,1
2,PHX,1025,1023,-2,1309,1317,8,0,0,0,1009,0,0,0,0,0,1
3,PHX,1025,1023,-2,1309,1311,2,0,0,0,1009,0,0,0,0,0,1
4,PHX,1025,1020,-5,1309,1310,1,0,0,0,1009,0,0,0,0,0,1
5,PHX,1025,1025,0,1309,1312,3,0,0,0,1009,0,0,0,0,0,1
6,PHX,1025,1025,0,1309,1308,-1,0,0,0,1009,0,0,0,0,0,1
7,PHX,1025,1018,-7,1309,1250,-19,0,0,0,1009,0,0,0,0,0,1
1,PHX,1025,1019,-6,1309,1305,-4,0,0,0,1009,0,0,0,0,0,1
2,PHX,1025,1020,-5,1309,1304,-5,0,0,0,1009,0,0,0,0,0,1
3,PHX,1025,1022,-3,1309,1258,-11,0,0,0,1009,0,0,0,0,0,1
4,PHX,1025,1022,-3,1309,1307,-2,0,0,0,1009,0,0,0,0,0,1
5,PHX,1025,1023,-2,1309,1317,8,0,0,0,1009,0,0,0,0,0,1
6,PHX,1025,1218,113,1309,1450,101,1,0,0,1009,0,0,0,17,84,1
7,PHX,1025,1024,-1,1309,1258,-11,0,0,0,1009,0,0,0,0,0,1
1,PHX,1025,1021,-4,1309,1301,-8,0,0,0,1009,0,0,0,0,0,1
2,PHX,1025,1024,-1,1309,1331,22,1,0,0,1009,0,0,22,0,0,1
3,PHX,1025,1020,-5,1309,1310,1,0,0,0,1009,0,0,0,0,0,1
4,PHX,1025,1028,3,1309,1307,-2,0,0,0,1009,0,0,0,0,0,1
5,PHX,1025,1023,-2,1309,1302,-7,0,0,0,1009,0,0,0,0,0,1
6,PHX,1025,1023,-2,1309,1307,-2,0,0,0,1009,0,0,0,0,0,1
7,PHX,1025,1027,2,1309,1307,-2,0,0,0,1009,0,0,0,0,0,1
5,DFW,1055,1051,-4,1201,1149,-12,0,0,0,247,0,0,0,0,0,1
6,DFW,1055,1048,-7,1201,1148,-13,0,0,0,247,0,0,0,0,0,1
7,DFW,1055,1050,-5,1201,1147,-14,0,0,0,247,0,0,0,0,0,1
1,DFW,1055,1145,50,1201,1247,46,1,0,0,247,46,0,0,0,0,1
2,DFW,1055,1058,3,1201,1211,10,0,0,0,247,0,0,0,0,0,1
3,DFW,1055,1051,-4,1201,1152,-9,0,0,0,247,0,0,0,0,0,1
4,DFW,1055,1118,23,1201,1215,14,0,0,0,247,0,0,0,0,0,1
5,DFW,1055,1047,-8,1201,1154,-7,0,0,0,247,0,0,0,0,0,1
6,DFW,1055,1050,-5,1201,1151,-10,0,0,0,247,0,0,0,0,0,1
7,DFW,1055,1400,185,1201,1455,174,1,0,0,247,2,0,0,0,172,1
1,DFW,1055,1048,-7,1201,1152,-9,0,0,0,247,0,0,0,0,0,1
2,DFW,1055,1052,-3,1201,1205,4,0,0,0,247,0,0,0,0,0,1
3,DFW,1055,1048,-7,1201,1148,-13,0,0,0,247,0,0,0,0,0,1
4,DFW,1055,1219,84,1201,1320,79,1,0,0,247,5,0,0,0,74,1
6,DFW,1055,1300,125,1201,1354,113,1,0,0,247,96,0,0,0,17,1
7,DFW,1055,1051,-4,1201,1148,-13,0,0,0,247,0,0,0,0,0,1
1,DFW,1055,1050,-5,1201,1151,-10,0,0,0,247,0,0,0,0,0,1
2,DFW,1055,1047,-8,1201,1148,-13,0,0,0,247,0,0,0,0,0,1
3,DFW,1055,1051,-4,1201,1148,-13,0,0,0,247,0,0,0,0,0,1
4,DFW,1055,1049,-6,1201,1150,-11,0,0,0,247,0,0,0,0,0,1
5,DFW,1055,1050,-5,1201,1151,-10,0,0,0,247,0,0,0,0,0,1
6,DFW,1055,1048,-7,1201,1145,-16,0,0,0,247,0,0,0,0,0,1
7,DFW,1055,1140,45,1201,1229,28,1,0,0,247,28,0,0,0,0,1
1,DFW,1055,1051,-4,1201,1149,-12,0,0,0,247,0,0,0,0,0,1
2,DFW,1055,1052,-3,1201,1155,-6,0,0,0,247,0,0,0,0,0,1
3,DFW,1055,1049,-6,1201,1202,1,0,0,0,247,0,0,0,0,0,1
4,DFW,1055,1117,22,1201,1225,24,1,0,0,247,0,0,2,0,22,1
5,DFW,1055,1049,-6,1201,1148,-13,0,0,0,247,0,0,0,0,0,1
6,DFW,1055,1055,0,1201,1157,-4,0,0,0,247,0,0,0,0,0,1
7,DFW,1055,1143,48,1201,1236,35,1,0,0,247,0,0,0,0,35,1
5,JFK,1629,2157,328,1852,52,360,1,0,0,2153,0,328,32,0,0,1
7,JFK,1629,1627,-2,1852,1852,0,0,0,0,2153,0,0,0,0,0,1
1,JFK,1629,1650,21,1852,1859,7,0,0,0,2153,0,0,0,0,0,1
2,JFK,1629,1712,43,1852,1931,39,1,0,0,2153,6,0,0,0,33,1
3,JFK,1629,1647,18,1852,1914,22,1,0,0,2153,18,0,4,0,0,1
4,JFK,1629,1709,40,1852,1933,41,1,0,0,2153,0,0,18,0,23,1
7,JFK,1629,1627,-2,1852,1823,-29,0,0,0,2153,0,0,0,0,0,1
1,JFK,1629,1628,-1,1852,1851,-1,0,0,0,2153,0,0,0,0,0,1
2,JFK,1629,1640,11,1852,1905,13,0,0,0,2153,0,0,0,0,0,1
3,JFK,1629,1635,6,1852,1838,-14,0,0,0,2153,0,0,0,0,0,1
4,JFK,1629,1623,-6,1852,1835,-17,0,0,0,2153,0,0,0,0,0,1
5,JFK,1629,1628,-1,1852,1928,36,1,0,0,2153,0,0,36,0,0,1
7,JFK,1629,1646,17,1852,1850,-2,0,0,0,2153,0,0,0,0,0,1
1,JFK,1629,1637,8,1852,2018,86,1,0,0,2153,0,0,86,0,0,1
2,JFK,1629,1626,-3,1852,1913,21,1,0,0,2153,0,0,21,0,0,1
3,JFK,1629,1628,-1,1852,1844,-8,0,0,0,2153,0,0,0,0,0,1
4,JFK,1629,1722,53,1852,1941,49,1,0,0,2153,18,0,0,0,31,1
5,JFK,1629,1701,32,1852,1934,42,1,0,0,2153,6,0,10,0,26,1
7,JFK,1629,1630,1,1852,1839,-13,0,0,0,2153,0,0,0,0,0,1
1,JFK,1629,1905,156,1852,2156,184,1,0,0,2153,0,156,28,0,0,1
2,JFK,1629,1625,-4,1852,1828,-24,0,0,0,2153,0,0,0,0,0,1
3,JFK,1629,1744,75,1852,2017,85,1,0,0,2153,67,0,10,0,8,1
4,JFK,1629,1711,42,1852,2043,111,1,0,0,2153,0,0,82,0,29,1
5,JFK,1629,1651,22,1852,1915,23,1,0,0,2153,1,0,1,0,21,1
7,JFK,1629,1632,3,1852,1859,7,0,0,0,2153,0,0,0,0,0,1
5,PHX,2015,2014,-1,2255,2256,1,0,0,0,1009,0,0,0,0,0,1
6,PHX,2015,2012,-3,2255,2251,-4,0,0,0,1009,0,0,0,0,0,1
1,PHX,2015,2008,-7,2255,2247,-8,0,0,0,1009,0,0,0,0,0,1
2,PHX,2010,2017,7,2250,2257,7,0,0,0,1009,0,0,0,0,0,1
3,PHX,2010,2003,-7,2250,2254,4,0,0,0,1009,0,0,0,0,0,1
4,PHX,2010,2021,11,2250,2308,18,1,0,0,1009,0,0,7,0,11,1
5,PHX,2010,21,251,2250,255,245,1,0,0,1009,0,0,0,0,245,1
6,PHX,2010,2010,0,2250,2256,6,0,0,0,1009,0,0,0,0,0,1
7,PHX,2010,2003,-7,2250,2243,-7,0,0,0,1009,0,0,0,0,0,1
1,PHX,2010,2002,-8,2250,2249,-1,0,0,0,1009,0,0,0,0,0,1
2,PHX,2010,2003,-7,2250,2259,9,0,0,0,1009,0,0,0,0,0,1
3,PHX,2010,2008,-2,2250,2246,-4,0,0,0,1009,0,0,0,0,0,1
4,PHX,2010,2006,-4,2250,2249,-1,0,0,0,1009,0,0,0,0,0,1
5,PHX,2010,2025,15,2250,2301,11,0,0,0,1009,0,0,0,0,0,1
6,PHX,2010,2059,49,2250,2337,47,1,0,0,1009,0,0,0,0,47,1
7,PHX,2010,2003,-7,2250,2238,-12,0,0,0,1009,0,0,0,0,0,1
1,PHX,2010,2217,127,2250,103,133,1,0,0,1009,64,0,6,0,63,1
2,PHX,2010,2006,-4,2250,2243,-7,0,0,0,1009,0,0,0,0,0,1
3,PHX,2010,2006,-4,2250,2244,-6,0,0,0,1009,0,0,0,0,0,1
4,PHX,2010,2042,32,2250,2306,16,1,0,0,1009,3,0,0,0,13,1
5,PHX,2010,2042,32,2250,2323,33,1,0,0,1009,32,0,1,0,0,1
6,PHX,2010,2003,-7,2250,2246,-4,0,0,0,1009,0,0,0,0,0,1
7,PHX,2010,2004,-6,2250,2235,-15,0,0,0,1009,0,0,0,0,0,1
2,PHX,2010,2008,-2,2250,2241,-9,0,0,0,1009,0,0,0,0,0,1
3,PHX,2010,2112,62,2250,2353,63,1,0,0,1009,0,0,1,0,62,1
4,PHX,2010,8,238,2250,243,233,1,0,0,1009,147,0,0,0,86,1
6,PHX,2010,2300,170,2250,132,162,1,0,0,1009,162,0,0,0,0,1
7,PHX,2010,2012,2,2250,2303,13,0,0,0,1009,0,0,0,0,0,1
5,DFW,710,703,-7,852,849,-3,0,0,0,550,0,0,0,0,0,1
1,DFW,710,909,119,852,1041,109,1,0,0,550,0,109,0,0,0,1
2,DFW,715,706,-9,857,845,-12,0,0,0,550,0,0,0,0,0,1
3,DFW,715,714,-1,857,852,-5,0,0,0,550,0,0,0,0,0,1
4,DFW,715,708,-7,857,847,-10,0,0,0,550,0,0,0,0,0,1
5,DFW,715,744,29,857,918,21,1,0,0,550,21,0,0,0,0,1
1,DFW,715,713,-2,857,848,-9,0,0,0,550,0,0,0,0,0,1
2,DFW,715,710,-5,857,901,4,0,0,0,550,0,0,0,0,0,1
3,DFW,715,707,-8,857,849,-8,0,0,0,550,0,0,0,0,0,1
4,DFW,715,709,-6,857,855,-2,0,0,0,550,0,0,0,0,0,1
1,DFW,715,716,1,857,858,1,0,0,0,550,0,0,0,0,0,1
2,DFW,715,714,-1,857,856,-1,0,0,0,550,0,0,0,0,0,1
5,DFW,1859,1929,30,2037,2050,13,0,0,0,1438,0,0,0,0,0,1
6,DFW,1859,1907,8,2037,2040,3,0,0,0,1438,0,0,0,0,0,1
7,DFW,1859,1859,0,2037,2051,14,0,0,0,1438,0,0,0,0,0,1
1,DFW,1859,1913,14,2037,2047,10,0,0,0,1438,0,0,0,0,0,1
2,DFW,1859,1915,16,2037,2046,9,0,0,0,1438,0,0,0,0,0,1
3,DFW,1859,1856,-3,2037,2036,-1,0,0,0,1438,0,0,0,0,0,1
4,DFW,1859,1934,35,2037,2110,33,1,0,0,1438,5,0,0,0,28,1
5,DFW,1859,2024,85,2037,2153,76,1,0,0,1438,28,0,0,0,48,1
6,DFW,1859,1948,49,2037,2144,67,1,0,0,1438,0,4,18,0,45,1
7,DFW,1859,1935,36,2037,2100,23,1,0,0,1438,23,0,0,0,0,1
1,DFW,1859,1855,-4,2037,2033,-4,0,0,0,1438,0,0,0,0,0,1
2,DFW,1859,1901,2,2037,2029,-8,0,0,0,1438,0,0,0,0,0,1
3,DFW,1859,1854,-5,2037,2034,-3,0,0,0,1438,0,0,0,0,0,1
4,DFW,1859,2013,74,2037,2142,65,1,0,0,1438,45,0,0,0,20,1
5,DFW,1859,2146,167,2037,2328,171,1,0,0,1438,136,0,4,0,31,1
6,DFW,1859,1856,-3,2037,2021,-16,0,0,0,1438,0,0,0,0,0,1
7,DFW,1859,1913,14,2037,2035,-2,0,0,0,1438,0,0,0,0,0,1
1,DFW,1859,1859,0,2037,2029,-8,0,0,0,1438,0,0,0,0,0,1
2,DFW,1859,2014,75,2037,2128,51,1,0,0,1438,0,0,0,0,51,1
3,DFW,1859,1904,5,2037,2038,1,0,0,0,1438,0,0,0,0,0,1
4,DFW,1859,1859,0,2037,2042,5,0,0,0,1438,0,0,0,0,0,1
5,DFW,1859,1901,2,2037,2045,8,0,0,0,1438,0,0,0,0,0,1
6,DFW,1859,1858,-1,2037,2020,-17,0,0,0,1438,0,0,0,0,0,1
7,DFW,1859,1857,-2,2037,2025,-12,0,0,0,1438,0,0,0,0,0,1
1,DFW,1859,1950,51,2037,2114,37,1,0,0,1438,0,0,0,0,37,1
2,DFW,1859,1914,15,2037,2048,11,0,0,0,1438,0,0,0,0,0,1
3,DFW,1859,1915,16,2037,2036,-1,0,0,0,1438,0,0,0,0,0,1
4,DFW,1859,1902,3,2037,2049,12,0,0,0,1438,0,0,0,0,0,1
5,DFW,1859,2009,70,2037,2157,80,1,0,0,1438,2,0,10,0,68,1
6,DFW,1859,1951,52,2037,2115,38,1,0,0,1438,1,0,0,0,37,1
7,DFW,1859,1859,0,2037,2023,-14,0,0,0,1438,0,0,0,0,0,1
5,LAS,600,553,-7,712,656,-16,0,0,0,236,0,0,0,0,0,1
6,LAS,600,556,-4,712,654,-18,0,0,0,236,0,0,0,0,0,1
7,LAS,600,555,-5,712,653,-19,0,0,0,236,0,0,0,0,0,1
1,LAS,600,559,-1,712,701,-11,0,0,0,236,0,0,0,0,0,1
2,LAS,600,555,-5,712,704,-8,0,0,0,236,0,0,0,0,0,1
3,LAS,600,555,-5,712,651,-21,0,0,0,236,0,0,0,0,0,1
4,LAS,600,559,-1,712,710,-2,0,0,0,236,0,0,0,0,0,1
5,LAS,600,552,-8,712,647,-25,0,0,0,236,0,0,0,0,0,1
6,LAS,600,553,-7,712,700,-12,0,0,0,236,0,0,0,0,0,1
7,LAS,600,556,-4,712,710,-2,0,0,0,236,0,0,0,0,0,1
1,LAS,600,556,-4,712,655,-17,0,0,0,236,0,0,0,0,0,1
2,LAS,600,559,-1,712,701,-11,0,0,0,236,0,0,0,0,0,1
3,LAS,600,554,-6,712,659,-13,0,0,0,236,0,0,0,0,0,1
4,LAS,600,557,-3,712,652,-20,0,0,0,236,0,0,0,0,0,1
5,LAS,600,556,-4,712,706,-6,0,0,0,236,0,0,0,0,0,1
6,LAS,600,554,-6,712,658,-14,0,0,0,236,0,0,0,0,0,1
7,LAS,600,556,-4,712,653,-19,0,0,0,236,0,0,0,0,0,1
1,LAS,600,555,-5,712,650,-22,0,0,0,236,0,0,0,0,0,1
2,LAS,600,557,-3,712,657,-15,0,0,0,236,0,0,0,0,0,1
3,LAS,600,551,-9,712,652,-20,0,0,0,236,0,0,0,0,0,1
4,LAS,600,557,-3,712,657,-15,0,0,0,236,0,0,0,0,0,1
5,LAS,600,559,-1,712,707,-5,0,0,0,236,0,0,0,0,0,1
6,LAS,600,600,0,712,701,-11,0,0,0,236,0,0,0,0,0,1
7,LAS,600,600,0,712,709,-3,0,0,0,236,0,0,0,0,0,1
1,LAS,600,604,4,712,704,-8,0,0,0,236,0,0,0,0,0,1
2,LAS,600,601,1,712,705,-7,0,0,0,236,0,0,0,0,0,1
3,LAS,600,554,-6,712,647,-25,0,0,0,236,0,0,0,0,0,1
4,LAS,600,558,-2,712,701,-11,0,0,0,236,0,0,0,0,0,1
5,LAS,600,557,-3,712,654,-18,0,0,0,236,0,0,0,0,0,1
6,LAS,600,559,-1,712,656,-16,0,0,0,236,0,0,0,0,0,1
7,LAS,600,601,1,712,717,5,0,0,0,236,0,0,0,0,0,1
5,LAX,815,846,31,1652,1708,16,1,0,0,2611,0,0,16,0,0,1
6,LAX,815,809,-6,1652,1621,-31,0,0,0,2611,0,0,0,0,0,1
7,LAX,815,810,-5,1652,1638,-14,0,0,0,2611,0,0,0,0,0,1
1,LAX,815,811,-4,1652,1628,-24,0,0,0,2611,0,0,0,0,0,1
2,LAX,815,1011,116,1652,1846,114,1,0,0,2611,114,0,0,0,0,1
3,LAX,815,813,-2,1652,1628,-24,0,0,0,2611,0,0,0,0,0,1
4,LAX,815,821,6,1652,1703,11,0,0,0,2611,0,0,0,0,0,1
5,LAX,815,900,45,1652,1833,101,1,0,0,2611,0,0,101,0,0,1
6,LAX,815,841,26,1652,1718,26,1,0,0,2611,26,0,0,0,0,1
7,LAX,815,815,0,1652,1724,32,1,0,0,2611,0,0,32,0,0,1
1,LAX,815,816,1,1652,1703,11,0,0,0,2611,0,0,0,0,0,1
2,LAX,815,811,-4,1652,1629,-23,0,0,0,2611,0,0,0,0,0,1
3,LAX,815,814,-1,1652,1643,-9,0,0,0,2611,0,0,0,0,0,1
4,LAX,815,830,15,1652,1714,22,1,0,0,2611,15,0,7,0,0,1
5,LAX,815,1309,294,1652,2136,284,1,0,0,2611,284,0,0,0,0,1
6,LAX,815,810,-5,1652,1630,-22,0,0,0,2611,0,0,0,0,0,1
7,LAX,815,1033,138,1652,1855,123,1,0,0,2611,123,0,0,0,0,1
1,LAX,815,810,-5,1652,1631,-21,0,0,0,2611,0,0,0,0,0,1
2,LAX,815,822,7,1652,1704,12,0,0,0,2611,0,0,0,0,0,1
3,LAX,815,811,-4,1652,1648,-4,0,0,0,2611,0,0,0,0,0,1
4,LAX,815,845,30,1652,1728,36,1,0,0,2611,30,0,6,0,0,1
5,LAX,815,811,-4,1652,1626,-26,0,0,0,2611,0,0,0,0,0,1
7,LAX,815,809,-6,1652,1619,-33,0,0,0,2611,0,0,0,0,0,1
1,LAX,815,811,-4,1652,1709,17,1,0,0,2611,0,0,17,0,0,1
2,LAX,815,945,90,1652,1819,87,1,0,0,2611,87,0,0,0,0,1
